timestamp,latency_ms,jitter_ms,packet_loss_pct,bandwidth_util_pct,connection_count,error_rate
2025-12-31 18:31:44.074609,34.35,4.95,0.046,80.0,1191,0.0006
2025-12-31 18:32:44.074609,29.79,7.03,0.046,80.0,1118,0.002
2025-12-31 18:33:44.074609,32.76,2.7,0.017,64.67,996,0.0035
2025-12-31 18:34:44.074609,33.21,2.37,0.03,80.0,1399,0.0072
2025-12-31 18:35:44.074609,27.85,3.81,0.009,80.0,1099,0.0115
2025-12-31 18:36:44.074609,29.43,2.74,0.007,80.0,1248,0.024
2025-12-31 18:37:44.074609,36.39,2.12,0.037,80.0,917,0.0349
2025-12-31 18:38:44.074609,32.48,5.48,0.14,80.0,1470,0.0255
2025-12-31 18:39:44.074609,30.53,2.48,0.016,80.0,1134,0.0033
2025-12-31 18:40:44.074609,37.86,3.35,0.008,80.0,1471,0.0131
2025-12-31 18:41:44.074609,26.0,6.97,0.049,80.0,1130,0.0037
2025-12-31 18:42:44.074609,30.09,2.18,0.065,80.0,1324,0.0064
2025-12-31 18:43:44.074609,33.51,5.29,0.041,80.0,1241,0.0074
2025-12-31 18:44:44.074609,41.03,2.67,0.001,77.03,1510,0.0071
2025-12-31 18:45:44.074609,29.88,2.58,0.07,80.0,1047,0.0265
2025-12-31 18:46:44.074609,28.11,5.95,0.05,80.0,1328,0.0021
2025-12-31 18:47:44.074609,31.86,5.94,0.113,80.0,1074,0.0026
2025-12-31 18:48:44.074609,29.2,2.67,0.085,46.12,1336,0.0025
2025-12-31 18:49:44.074609,29.11,9.59,0.02,80.0,1721,0.0045
2025-12-31 18:50:44.074609,32.34,11.7,0.164,80.0,831,0.0036
2025-12-31 18:51:44.074609,31.63,1.16,0.016,80.0,1201,0.0016
2025-12-31 18:52:44.074609,33.13,3.02,0.212,80.0,962,0.0143
2025-12-31 18:53:44.074609,36.19,2.38,0.05,80.0,1396,0.0009
2025-12-31 18:54:44.074609,44.94,6.41,0.019,80.0,1468,0.0002
2025-12-31 18:55:44.074609,21.56,4.11,0.01,80.0,1020,0.0276
2025-12-31 18:56:44.074609,40.94,1.44,0.021,80.0,1389,0.0108
2025-12-31 18:57:44.074609,32.67,3.26,0.014,80.0,1314,0.0041
2025-12-31 18:58:44.074609,36.14,2.29,0.065,80.0,1554,0.0009
2025-12-31 18:59:44.074609,33.08,1.02,0.009,80.0,1716,0.0106
2025-12-31 19:00:44.074609,34.21,1.76,0.062,80.0,967,0.0137
2025-12-31 19:01:44.074609,37.27,4.22,0.042,80.0,1188,0.0031
2025-12-31 19:02:44.074609,26.54,1.84,0.181,80.0,1190,0.01
2025-12-31 19:03:44.074609,31.33,3.58,0.034,80.0,1406,0.0033
2025-12-31 19:04:44.074609,25.89,1.07,0.052,80.0,1435,0.034
2025-12-31 19:05:44.074609,25.96,6.71,0.019,74.63,1303,0.0275
2025-12-31 19:06:44.074609,23.46,4.57,0.042,80.0,1047,0.0461
2025-12-31 19:07:44.074609,31.61,7.3,0.068,80.0,1520,0.0045
2025-12-31 19:08:44.074609,37.84,2.04,0.083,80.0,1314,0.0244
2025-12-31 19:09:44.074609,34.47,5.8,0.052,80.0,1488,0.0221
2025-12-31 19:10:44.074609,35.32,2.24,0.024,80.0,1036,0.0004
2025-12-31 19:11:44.074609,45.72,2.01,0.045,65.82,1132,0.0014
2025-12-31 19:12:44.074609,38.06,3.22,0.073,80.0,932,0.0009
2025-12-31 19:13:44.074609,31.53,3.33,0.051,80.0,743,0.0159
2025-12-31 19:14:44.074609,32.42,1.95,0.029,80.0,1665,0.0019
2025-12-31 19:15:44.074609,28.28,3.39,0.063,80.0,934,0.031
2025-12-31 19:16:44.074609,36.99,5.02,0.04,79.33,1710,0.0028
2025-12-31 19:17:44.074609,39.17,1.04,0.006,80.0,1360,0.0064
2025-12-31 19:18:44.074609,36.09,1.31,0.034,80.0,1223,0.0057
2025-12-31 19:19:44.074609,41.45,4.02,0.002,76.75,1610,0.007
2025-12-31 19:20:44.074609,22.28,6.82,0.054,80.0,1265,0.0088
2025-12-31 19:21:44.074609,31.96,2.47,0.052,80.0,1783,0.0284
2025-12-31 19:22:44.074609,19.05,2.46,0.162,80.0,1301,0.0038
2025-12-31 19:23:44.074609,27.57,1.38,0.06,80.0,1474,0.0133
2025-12-31 19:24:44.074609,33.17,5.88,0.017,80.0,1072,0.0164
2025-12-31 19:25:44.074609,31.12,2.4,0.075,80.0,1386,0.0195
2025-12-31 19:26:44.074609,29.99,2.68,0.069,80.0,1315,0.0233
2025-12-31 19:27:44.074609,39.41,2.16,0.113,80.0,1331,0.0301
2025-12-31 19:28:44.074609,30.44,3.56,0.05,67.7,1138,0.004
2025-12-31 19:29:44.074609,38.49,5.7,0.078,80.0,1246,0.0006
2025-12-31 19:30:44.074609,25.64,3.39,0.029,80.0,1450,0.0012
2025-12-31 19:31:44.074609,33.83,3.89,0.005,80.0,1311,0.0008
2025-12-31 19:32:44.074609,28.08,6.18,0.061,80.0,1130,0.0294
2025-12-31 19:33:44.074609,26.76,5.5,0.041,80.0,1464,0.0012
2025-12-31 19:34:44.074609,30.25,3.04,0.001,80.0,1237,0.0013
2025-12-31 19:35:44.074609,33.27,5.11,0.044,80.0,1222,0.0034
2025-12-31 19:36:44.074609,33.76,7.09,0.013,80.0,1495,0.0496
2025-12-31 19:37:44.074609,31.86,11.45,0.037,80.0,1612,0.0061
2025-12-31 19:38:44.074609,37.25,3.96,0.044,80.0,1494,0.0097
2025-12-31 19:39:44.074609,26.0,2.87,0.022,80.0,1060,0.0366
2025-12-31 19:40:44.074609,32.19,13.85,0.06,64.68,1340,0.0168
2025-12-31 19:41:44.074609,25.63,8.25,0.086,80.0,919,0.027
2025-12-31 19:42:44.074609,42.7,7.03,0.002,80.0,1179,0.0166
2025-12-31 19:43:44.074609,20.54,11.51,0.092,80.0,1221,0.0054
2025-12-31 19:44:44.074609,38.99,1.96,0.003,80.0,1325,0.0817
2025-12-31 19:45:44.074609,31.28,5.4,0.145,80.0,1137,0.006
2025-12-31 19:46:44.074609,35.14,1.41,0.154,78.29,1383,0.0111
2025-12-31 19:47:44.074609,21.66,1.36,0.056,80.0,1637,0.0073
2025-12-31 19:48:44.074609,31.97,6.74,0.04,80.0,1291,0.0052
2025-12-31 19:49:44.074609,35.28,4.65,0.012,80.0,1514,0.005
2025-12-31 19:50:44.074609,20.26,2.73,0.117,80.0,707,0.0153
2025-12-31 19:51:44.074609,41.43,6.95,0.149,78.0,824,0.0061
2025-12-31 19:52:44.074609,30.9,12.74,0.034,80.0,889,0.0027
2025-12-31 19:53:44.074609,33.54,1.6,0.021,80.0,1234,0.011
2025-12-31 19:54:44.074609,37.22,1.57,0.011,80.0,1110,0.0009
2025-12-31 19:55:44.074609,30.58,1.69,0.023,80.0,1741,0.0004
2025-12-31 19:56:44.074609,31.47,5.82,0.049,80.0,1094,0.0138
2025-12-31 19:57:44.074609,27.93,2.39,0.033,80.0,871,0.0062
2025-12-31 19:58:44.074609,39.79,5.13,0.002,80.0,1003,0.0226
2025-12-31 19:59:44.074609,50.49,1.34,0.03,80.0,848,0.0031
2025-12-31 20:00:44.074609,32.52,2.42,0.001,80.0,1086,0.004
2025-12-31 20:01:44.074609,41.79,5.67,0.035,80.0,1269,0.0088
2025-12-31 20:02:44.074609,25.87,5.1,0.028,80.0,1082,0.0045
2025-12-31 20:03:44.074609,37.04,2.32,0.215,80.0,900,0.0011
2025-12-31 20:04:44.074609,34.77,1.5,0.014,80.0,1146,0.0034
2025-12-31 20:05:44.074609,31.55,2.58,0.202,80.0,1190,0.0349
2025-12-31 20:06:44.074609,25.58,7.02,0.085,80.0,1116,0.011
2025-12-31 20:07:44.074609,31.87,3.54,0.016,80.0,1084,0.0039
2025-12-31 20:08:44.074609,34.82,2.66,0.035,80.0,1173,0.0094
2025-12-31 20:09:44.074609,35.24,1.5,0.033,70.96,1087,0.0041
2025-12-31 20:10:44.074609,31.55,1.43,0.003,80.0,1440,0.0114
2025-12-31 20:11:44.074609,34.56,2.91,0.027,80.0,1394,0.0178
2025-12-31 20:12:44.074609,29.98,11.06,0.007,80.0,1272,0.002
2025-12-31 20:13:44.074609,31.79,3.56,0.092,80.0,1334,0.0023
2025-12-31 20:14:44.074609,28.68,1.54,0.009,80.0,1508,0.0074
2025-12-31 20:15:44.074609,36.69,2.49,0.085,80.0,740,0.0062
2025-12-31 20:16:44.074609,24.95,2.08,0.069,72.99,1254,0.023
2025-12-31 20:17:44.074609,36.43,8.11,0.049,57.22,880,0.0015
2025-12-31 20:18:44.074609,38.4,5.74,0.048,80.0,1270,0.0155
2025-12-31 20:19:44.074609,28.38,1.86,0.068,80.0,1267,0.0144
2025-12-31 20:20:44.074609,28.26,7.28,0.021,80.0,1138,0.0016
2025-12-31 20:21:44.074609,35.98,4.82,0.051,80.0,1353,0.0029
2025-12-31 20:22:44.074609,42.98,2.27,0.01,80.0,1458,0.0051
2025-12-31 20:23:44.074609,35.34,1.5,0.044,80.0,1861,0.0002
2025-12-31 20:24:44.074609,32.06,7.17,0.134,80.0,1397,0.0256
2025-12-31 20:25:44.074609,26.31,3.58,0.047,80.0,1648,0.0272
2025-12-31 20:26:44.074609,28.05,8.79,0.03,80.0,1380,0.0051
2025-12-31 20:27:44.074609,30.26,5.87,0.0,80.0,996,0.0077
2025-12-31 20:28:44.074609,20.91,8.57,0.021,80.0,1045,0.006
2025-12-31 20:29:44.074609,29.63,1.46,0.01,74.92,575,0.0246
2025-12-31 20:30:44.074609,30.91,2.35,0.043,80.0,1379,0.0325
2025-12-31 20:31:44.074609,29.57,1.27,0.288,80.0,1893,0.0007
2025-12-31 20:32:44.074609,31.62,5.16,0.012,80.0,1288,0.0021
2025-12-31 20:33:44.074609,31.05,3.5,0.003,80.0,1186,0.0074
2025-12-31 20:34:44.074609,40.65,2.74,0.026,80.0,1300,0.002
2025-12-31 20:35:44.074609,22.45,4.1,0.026,80.0,1483,0.0003
2025-12-31 20:36:44.074609,39.2,1.75,0.013,80.0,1217,0.002
2025-12-31 20:37:44.074609,23.61,1.31,0.014,80.0,1427,0.0177
2025-12-31 20:38:44.074609,34.03,2.52,0.055,80.0,1015,0.0227
2025-12-31 20:39:44.074609,33.29,2.64,0.112,80.0,1119,0.003
2025-12-31 20:40:44.074609,37.81,2.43,0.045,80.0,896,0.0053
2025-12-31 20:41:44.074609,18.24,2.05,0.148,80.0,1113,0.0203
2025-12-31 20:42:44.074609,33.74,3.0,0.112,80.0,1586,0.0002
2025-12-31 20:43:44.074609,33.17,4.01,0.015,69.75,1292,0.0416
2025-12-31 20:44:44.074609,30.1,3.24,0.009,71.76,1387,0.0081
2025-12-31 20:45:44.074609,37.68,1.69,0.001,80.0,1314,0.0092
2025-12-31 20:46:44.074609,37.39,4.28,0.01,80.0,1451,0.0048
2025-12-31 20:47:44.074609,27.34,1.55,0.067,80.0,1296,0.0028
2025-12-31 20:48:44.074609,26.53,2.48,0.017,80.0,1029,0.0035
2025-12-31 20:49:44.074609,25.32,4.27,0.138,80.0,1035,0.0003
2025-12-31 20:50:44.074609,35.63,1.91,0.045,80.0,1085,0.0091
2025-12-31 20:51:44.074609,38.43,1.34,0.004,80.0,1241,0.0117
2025-12-31 20:52:44.074609,42.32,2.71,0.014,80.0,1383,0.0119
2025-12-31 20:53:44.074609,35.14,2.34,0.005,73.24,1231,0.002
2025-12-31 20:54:44.074609,35.13,3.34,0.103,80.0,1404,0.0108
2025-12-31 20:55:44.074609,36.46,1.86,0.034,80.0,1357,0.002
2025-12-31 20:56:44.074609,32.55,3.52,0.124,80.0,1196,0.0354
2025-12-31 20:57:44.074609,31.0,6.94,0.093,80.0,1484,0.0004
2025-12-31 20:58:44.074609,28.02,3.72,0.013,80.0,1569,0.0129
2025-12-31 20:59:44.074609,30.08,3.33,0.078,80.0,1507,0.0217
2025-12-31 21:00:44.074609,19.33,3.87,0.013,52.13,504,0.016
2025-12-31 21:01:44.074609,24.65,2.96,0.049,59.09,455,0.0055
2025-12-31 21:02:44.074609,35.49,5.01,0.014,42.0,419,0.0034
2025-12-31 21:03:44.074609,21.98,1.13,0.001,37.32,496,0.0049
2025-12-31 21:04:44.074609,28.79,4.41,0.012,43.34,417,0.0211
2025-12-31 21:05:44.074609,27.23,3.85,0.009,51.75,516,0.0094
2025-12-31 21:06:44.074609,30.21,3.16,0.013,39.82,440,0.0021
2025-12-31 21:07:44.074609,23.99,1.18,0.174,56.89,642,0.0119
2025-12-31 21:08:44.074609,24.36,1.5,0.085,37.95,429,0.0077
2025-12-31 21:09:44.074609,36.01,1.29,0.105,62.96,438,0.022
2025-12-31 21:10:44.074609,25.37,10.35,0.099,50.43,608,0.008
2025-12-31 21:11:44.074609,26.53,2.4,0.015,37.02,496,0.0008
2025-12-31 21:12:44.074609,37.37,1.75,0.057,10.19,412,0.009
2025-12-31 21:13:44.074609,24.81,4.4,0.042,55.44,558,0.016
2025-12-31 21:14:44.074609,25.52,4.22,0.095,49.06,571,0.0181
2025-12-31 21:15:44.074609,33.37,3.89,0.07,56.69,483,0.0041
2025-12-31 21:16:44.074609,28.31,5.08,0.009,49.18,540,0.0071
2025-12-31 21:17:44.074609,28.55,4.0,0.015,45.46,564,0.0151
2025-12-31 21:18:44.074609,39.4,1.34,0.072,50.38,504,0.0042
2025-12-31 21:19:44.074609,30.84,1.32,0.138,46.87,455,0.0036
2025-12-31 21:20:44.074609,28.57,4.69,0.003,26.9,596,0.0097
2025-12-31 21:21:44.074609,24.43,5.26,0.001,48.77,656,0.0115
2025-12-31 21:22:44.074609,27.14,2.77,0.016,32.7,482,0.0158
2025-12-31 21:23:44.074609,21.88,1.26,0.057,52.08,371,0.0301
2025-12-31 21:24:44.074609,32.3,1.49,0.028,43.85,563,0.0102
2025-12-31 21:25:44.074609,19.11,13.4,0.026,38.08,475,0.0024
2025-12-31 21:26:44.074609,29.44,1.09,0.053,54.51,465,0.0064
2025-12-31 21:27:44.074609,29.38,5.42,0.093,49.57,564,0.0014
2025-12-31 21:28:44.074609,34.81,1.1,0.127,57.49,549,0.0066
2025-12-31 21:29:44.074609,23.78,1.67,0.034,63.01,512,0.0031
2025-12-31 21:30:44.074609,23.75,5.79,0.019,42.23,497,0.0008
2025-12-31 21:31:44.074609,25.01,3.75,0.017,20.76,578,0.0151
2025-12-31 21:32:44.074609,29.84,1.12,0.033,42.37,459,0.0432
2025-12-31 21:33:44.074609,27.48,3.89,0.061,33.42,477,0.004
2025-12-31 21:34:44.074609,27.65,3.19,0.005,42.31,491,0.0008
2025-12-31 21:35:44.074609,21.99,3.51,0.058,42.19,442,0.0018
2025-12-31 21:36:44.074609,30.65,1.33,0.051,63.12,535,0.0205
2025-12-31 21:37:44.074609,32.42,2.24,0.084,51.35,631,0.006
2025-12-31 21:38:44.074609,28.59,4.09,0.037,41.3,520,0.0006
2025-12-31 21:39:44.074609,23.92,7.16,0.012,40.16,552,0.0108
2025-12-31 21:40:44.074609,24.34,3.07,0.041,35.67,575,0.0561
2025-12-31 21:41:44.074609,27.71,1.67,0.057,46.2,474,0.0203
2025-12-31 21:42:44.074609,18.32,4.9,0.068,26.36,409,0.0046
2025-12-31 21:43:44.074609,28.73,2.73,0.065,55.47,607,0.0231
2025-12-31 21:44:44.074609,27.29,2.64,0.016,53.0,517,0.0024
2025-12-31 21:45:44.074609,35.62,4.96,0.007,58.8,549,0.002
2025-12-31 21:46:44.074609,28.93,1.81,0.178,48.24,470,0.0068
2025-12-31 21:47:44.074609,30.49,2.77,0.036,41.29,614,0.0018
2025-12-31 21:48:44.074609,17.93,2.49,0.174,53.07,375,0.0039
2025-12-31 21:49:44.074609,24.93,11.5,0.03,48.47,507,0.0041
2025-12-31 21:50:44.074609,20.44,6.3,0.028,51.49,360,0.0123
2025-12-31 21:51:44.074609,25.58,1.11,0.067,41.51,467,0.0186
2025-12-31 21:52:44.074609,38.92,5.91,0.044,41.97,537,0.0012
2025-12-31 21:53:44.074609,27.11,3.27,0.138,44.63,573,0.0038
2025-12-31 21:54:44.074609,27.06,3.12,0.002,46.39,545,0.0202
2025-12-31 21:55:44.074609,32.99,3.01,0.055,16.04,610,0.0023
2025-12-31 21:56:44.074609,21.78,4.36,0.175,47.77,434,0.0059
2025-12-31 21:57:44.074609,26.45,4.54,0.091,47.17,515,0.0069
2025-12-31 21:58:44.074609,29.51,3.89,0.102,40.51,506,0.0267
2025-12-31 21:59:44.074609,33.58,1.73,0.054,56.87,663,0.0011
2025-12-31 22:00:44.074609,21.2,4.22,0.372,55.05,474,0.0153
2025-12-31 22:01:44.074609,36.38,7.32,0.026,49.54,618,0.0165
2025-12-31 22:02:44.074609,20.75,5.31,0.08,57.9,473,0.0013
2025-12-31 22:03:44.074609,26.55,2.18,0.023,45.16,659,0.0049
2025-12-31 22:04:44.074609,22.84,2.79,0.014,32.07,439,0.0008
2025-12-31 22:05:44.074609,36.53,3.9,0.031,55.1,598,0.0073
2025-12-31 22:06:44.074609,25.71,2.96,0.001,33.43,346,0.0051
2025-12-31 22:07:44.074609,33.12,3.81,0.072,69.4,559,0.0311
2025-12-31 22:08:44.074609,32.19,1.06,0.011,42.47,539,0.0262
2025-12-31 22:09:44.074609,23.35,3.0,0.015,42.19,401,0.0162
2025-12-31 22:10:44.074609,21.43,3.32,0.019,60.15,577,0.0032
2025-12-31 22:11:44.074609,22.1,1.6,0.057,42.75,510,0.0123
2025-12-31 22:12:44.074609,20.16,1.34,0.042,58.97,492,0.008
2025-12-31 22:13:44.074609,28.19,10.07,0.046,40.71,504,0.0026
2025-12-31 22:14:44.074609,27.72,1.71,0.047,56.49,469,0.023
2025-12-31 22:15:44.074609,20.66,5.55,0.016,38.07,470,0.011
2025-12-31 22:16:44.074609,34.36,1.3,0.049,67.23,376,0.0018
2025-12-31 22:17:44.074609,30.99,1.73,0.005,49.14,504,0.0093
2025-12-31 22:18:44.074609,26.69,3.37,0.013,59.59,331,0.0069
2025-12-31 22:19:44.074609,23.08,2.68,0.063,61.39,556,0.0032
2025-12-31 22:20:44.074609,36.46,1.25,0.004,33.99,428,0.0044
2025-12-31 22:21:44.074609,27.69,1.21,0.081,37.3,523,0.0212
2025-12-31 22:22:44.074609,18.94,4.16,0.038,33.27,376,0.0111
2025-12-31 22:23:44.074609,36.7,2.88,0.003,49.19,555,0.0019
2025-12-31 22:24:44.074609,27.92,4.51,0.011,35.85,508,0.006
2025-12-31 22:25:44.074609,23.45,4.28,0.079,57.36,390,0.0489
2025-12-31 22:26:44.074609,25.76,8.85,0.039,45.75,622,0.0098
2025-12-31 22:27:44.074609,28.56,1.41,0.087,41.91,570,0.0004
2025-12-31 22:28:44.074609,32.76,2.08,0.015,37.96,476,0.0276
2025-12-31 22:29:44.074609,17.4,2.52,0.03,50.08,538,0.0252
2025-12-31 22:30:44.074609,41.21,3.06,0.242,41.15,546,0.0267
2025-12-31 22:31:44.074609,27.95,2.44,0.105,44.01,526,0.0156
2025-12-31 22:32:44.074609,29.27,2.09,0.004,33.12,464,0.0119
2025-12-31 22:33:44.074609,27.65,4.07,0.086,44.91,497,0.0093
2025-12-31 22:34:44.074609,32.0,5.34,0.01,19.74,506,0.0016
2025-12-31 22:35:44.074609,24.15,1.08,0.007,43.13,505,0.0338
2025-12-31 22:36:44.074609,30.41,2.7,0.019,16.12,529,0.0011
2025-12-31 22:37:44.074609,20.85,3.9,0.053,51.0,478,0.0006
2025-12-31 22:38:44.074609,35.7,16.82,0.003,39.36,458,0.0013
2025-12-31 22:39:44.074609,24.13,4.53,0.003,41.98,516,0.0168
2025-12-31 22:40:44.074609,27.52,3.87,0.018,50.0,728,0.0056
2025-12-31 22:41:44.074609,19.98,2.38,0.027,42.75,554,0.0147
2025-12-31 22:42:44.074609,31.68,1.03,0.027,41.08,498,0.003
2025-12-31 22:43:44.074609,24.5,3.3,0.012,48.92,498,0.0012
2025-12-31 22:44:44.074609,30.69,3.38,0.03,33.07,495,0.0039
2025-12-31 22:45:44.074609,26.55,2.41,0.025,62.12,647,0.0223
2025-12-31 22:46:44.074609,26.35,10.33,0.077,56.42,387,0.0058
2025-12-31 22:47:44.074609,31.23,1.12,0.116,40.12,715,0.0108
2025-12-31 22:48:44.074609,24.17,7.76,0.051,38.6,516,0.0073
2025-12-31 22:49:44.074609,30.03,3.15,0.057,38.22,463,0.0007
2025-12-31 22:50:44.074609,28.52,1.04,0.157,36.98,629,0.0035
2025-12-31 22:51:44.074609,34.1,4.25,0.01,38.43,618,0.0031
2025-12-31 22:52:44.074609,31.45,1.06,0.004,51.07,631,0.0048
2025-12-31 22:53:44.074609,25.73,3.86,0.075,42.49,545,0.0004
2025-12-31 22:54:44.074609,39.41,11.37,0.08,59.56,679,0.0138
2025-12-31 22:55:44.074609,30.46,1.41,0.021,55.73,395,0.0058
2025-12-31 22:56:44.074609,16.69,3.85,0.143,40.16,466,0.0022
2025-12-31 22:57:44.074609,29.19,2.01,0.085,53.16,483,0.0141
2025-12-31 22:58:44.074609,29.05,2.85,0.092,53.89,573,0.0107
2025-12-31 22:59:44.074609,28.5,13.53,0.139,32.03,539,0.017
2025-12-31 23:00:44.074609,23.92,1.72,0.035,49.94,572,0.0078
2025-12-31 23:01:44.074609,28.82,2.06,0.042,71.02,575,0.0101
2025-12-31 23:02:44.074609,29.6,5.3,0.009,42.5,498,0.0028
2025-12-31 23:03:44.074609,26.35,5.83,0.011,36.49,666,0.0096
2025-12-31 23:04:44.074609,29.67,1.62,0.022,47.78,645,0.0001
2025-12-31 23:05:44.074609,23.18,10.52,0.023,51.48,411,0.0036
2025-12-31 23:06:44.074609,25.09,7.28,0.28,36.83,290,0.0128
2025-12-31 23:07:44.074609,28.74,2.49,0.027,54.33,347,0.0158
2025-12-31 23:08:44.074609,34.44,1.29,0.044,67.14,470,0.0007
2025-12-31 23:09:44.074609,35.98,3.47,0.046,65.06,602,0.0031
2025-12-31 23:10:44.074609,30.76,6.23,0.034,56.16,435,0.0123
2025-12-31 23:11:44.074609,27.99,2.74,0.008,59.78,428,0.0009
2025-12-31 23:12:44.074609,17.23,1.75,0.046,46.9,557,0.0055
2025-12-31 23:13:44.074609,34.22,1.38,0.026,50.82,462,0.0085
2025-12-31 23:14:44.074609,33.49,3.66,0.01,30.89,382,0.0003
2025-12-31 23:15:44.074609,28.27,2.06,0.141,27.32,453,0.0206
2025-12-31 23:16:44.074609,18.73,6.53,0.01,43.08,639,0.0066
2025-12-31 23:17:44.074609,27.35,2.72,0.065,62.72,439,0.0094
2025-12-31 23:18:44.074609,30.08,1.44,0.07,48.53,512,0.0007
2025-12-31 23:19:44.074609,26.95,1.91,0.014,42.96,477,0.0032
2025-12-31 23:20:44.074609,29.52,5.27,0.03,39.74,498,0.0006
2025-12-31 23:21:44.074609,14.17,2.28,0.115,53.84,506,0.0276
2025-12-31 23:22:44.074609,30.34,1.16,0.027,53.85,408,0.0398
2025-12-31 23:23:44.074609,31.87,1.66,0.042,32.46,546,0.0094
2025-12-31 23:24:44.074609,27.3,2.29,0.006,40.73,445,0.0029
2025-12-31 23:25:44.074609,28.6,3.22,0.006,56.49,542,0.0007
2025-12-31 23:26:44.074609,31.31,4.69,0.039,44.17,417,0.0066
2025-12-31 23:27:44.074609,29.9,2.86,0.027,54.04,561,0.0006
2025-12-31 23:28:44.074609,38.82,3.16,0.082,38.53,494,0.0154
2025-12-31 23:29:44.074609,23.95,1.54,0.02,37.01,512,0.0023
2025-12-31 23:30:44.074609,36.44,7.31,0.106,41.4,551,0.006
2025-12-31 23:31:44.074609,32.36,3.32,0.034,44.22,529,0.0173
2025-12-31 23:32:44.074609,23.37,2.44,0.075,26.69,520,0.0157
2025-12-31 23:33:44.074609,37.8,5.8,0.025,55.8,506,0.0017
2025-12-31 23:34:44.074609,32.19,4.57,0.079,53.34,457,0.0237
2025-12-31 23:35:44.074609,25.66,1.61,0.112,40.96,404,0.0058
2025-12-31 23:36:44.074609,29.83,3.87,0.004,46.92,524,0.007
2025-12-31 23:37:44.074609,27.06,13.43,0.055,49.52,393,0.0214
2025-12-31 23:38:44.074609,29.86,2.67,0.009,45.33,473,0.0075
2025-12-31 23:39:44.074609,30.69,1.25,0.066,48.26,533,0.0171
2025-12-31 23:40:44.074609,25.88,3.33,0.062,41.96,304,0.0172
2025-12-31 23:41:44.074609,15.83,3.04,0.088,38.92,400,0.0124
2025-12-31 23:42:44.074609,24.72,6.25,0.005,39.35,458,0.0043
2025-12-31 23:43:44.074609,36.38,4.16,0.049,41.78,599,0.0064
2025-12-31 23:44:44.074609,25.13,12.6,0.05,48.72,420,0.0039
2025-12-31 23:45:44.074609,24.94,1.58,0.097,47.01,558,0.0033
2025-12-31 23:46:44.074609,24.89,4.09,0.059,25.64,512,0.0024
2025-12-31 23:47:44.074609,30.33,7.15,0.073,46.8,563,0.003
2025-12-31 23:48:44.074609,33.6,8.13,0.056,35.34,515,0.0059
2025-12-31 23:49:44.074609,33.59,3.37,0.024,43.8,446,0.0135
2025-12-31 23:50:44.074609,27.0,8.51,0.016,40.65,575,0.0242
2025-12-31 23:51:44.074609,31.56,1.05,0.165,51.15,406,0.0177
2025-12-31 23:52:44.074609,33.47,1.99,0.103,48.4,435,0.0078
2025-12-31 23:53:44.074609,26.27,1.04,0.032,41.51,579,0.0035
2025-12-31 23:54:44.074609,18.61,2.07,0.068,49.28,589,0.009
2025-12-31 23:55:44.074609,26.93,5.75,0.002,43.31,507,0.0007
2025-12-31 23:56:44.074609,33.89,6.34,0.046,47.65,564,0.0177
2025-12-31 23:57:44.074609,28.54,3.19,0.028,55.01,434,0.0149
2025-12-31 23:58:44.074609,17.43,3.76,0.112,66.05,388,0.01
2025-12-31 23:59:44.074609,36.52,1.81,0.036,52.42,475,0.0067
2026-01-01 00:00:44.074609,22.86,4.17,0.15,59.79,561,0.0071
2026-01-01 00:01:44.074609,24.08,1.88,0.022,46.95,438,0.0015
2026-01-01 00:02:44.074609,27.3,1.97,0.178,42.8,293,0.0022
2026-01-01 00:03:44.074609,19.22,1.7,0.036,52.6,469,0.0162
2026-01-01 00:04:44.074609,23.36,3.55,0.036,48.77,481,0.0051
2026-01-01 00:05:44.074609,28.67,1.36,0.021,37.48,607,0.0068
2026-01-01 00:06:44.074609,27.62,4.63,0.247,41.01,434,0.005
2026-01-01 00:07:44.074609,17.58,8.15,0.063,29.16,341,0.0174
2026-01-01 00:08:44.074609,32.42,10.31,0.086,46.45,438,0.0116
2026-01-01 00:09:44.074609,26.02,2.83,0.023,36.09,478,0.0139
2026-01-01 00:10:44.074609,22.07,1.22,0.004,50.12,483,0.011
2026-01-01 00:11:44.074609,21.5,3.7,0.001,59.11,570,0.0095
2026-01-01 00:12:44.074609,28.78,7.21,0.064,45.58,425,0.0015
2026-01-01 00:13:44.074609,27.32,2.05,0.033,42.92,445,0.0013
2026-01-01 00:14:44.074609,28.01,3.45,0.021,53.55,628,0.0187
2026-01-01 00:15:44.074609,23.95,4.35,0.016,62.75,600,0.0059
2026-01-01 00:16:44.074609,23.81,5.8,0.086,26.81,430,0.0087
2026-01-01 00:17:44.074609,34.67,4.67,0.058,28.38,390,0.0056
2026-01-01 00:18:44.074609,25.24,1.46,0.11,35.36,456,0.0003
2026-01-01 00:19:44.074609,34.71,2.25,0.004,58.96,331,0.0113
2026-01-01 00:20:44.074609,23.07,3.79,0.023,63.91,453,0.0015
2026-01-01 00:21:44.074609,24.89,3.11,0.166,44.86,456,0.0003
2026-01-01 00:22:44.074609,26.9,2.47,0.009,26.96,464,0.023
2026-01-01 00:23:44.074609,31.33,3.77,0.088,41.66,489,0.0049
2026-01-01 00:24:44.074609,29.96,2.25,0.039,46.83,381,0.0078
2026-01-01 00:25:44.074609,31.01,2.74,0.018,50.01,421,0.0006
2026-01-01 00:26:44.074609,24.09,2.26,0.016,45.61,549,0.0043
2026-01-01 00:27:44.074609,21.6,2.76,0.049,47.39,246,0.0509
2026-01-01 00:28:44.074609,25.93,7.37,0.049,64.61,612,0.0022
2026-01-01 00:29:44.074609,24.94,2.94,0.039,43.94,525,0.0076
2026-01-01 00:30:44.074609,30.07,7.12,0.007,41.38,528,0.0158
2026-01-01 00:31:44.074609,30.92,9.65,0.008,41.3,537,0.0066
2026-01-01 00:32:44.074609,27.34,6.98,0.044,30.52,415,0.0023
2026-01-01 00:33:44.074609,24.22,3.15,0.034,58.74,605,0.0395
2026-01-01 00:34:44.074609,28.73,2.57,0.088,49.15,649,0.0312
2026-01-01 00:35:44.074609,26.41,6.77,0.029,43.49,559,0.0099
2026-01-01 00:36:44.074609,11.33,8.83,0.001,64.57,475,0.0128
2026-01-01 00:37:44.074609,23.25,2.07,0.022,49.07,437,0.0024
2026-01-01 00:38:44.074609,32.24,10.47,0.0,39.64,585,0.0001
2026-01-01 00:39:44.074609,31.49,5.05,0.008,50.16,580,0.0107
2026-01-01 00:40:44.074609,31.65,5.36,0.094,37.33,521,0.0067
2026-01-01 00:41:44.074609,26.6,2.57,0.003,37.55,420,0.0165
2026-01-01 00:42:44.074609,25.81,9.85,0.004,45.3,560,0.0036
2026-01-01 00:43:44.074609,27.51,5.75,0.061,36.83,339,0.0026
2026-01-01 00:44:44.074609,23.31,1.99,0.081,43.45,570,0.0237
2026-01-01 00:45:44.074609,26.05,1.77,0.051,24.96,505,0.0044
2026-01-01 00:46:44.074609,29.03,4.13,0.007,45.08,600,0.006
2026-01-01 00:47:44.074609,37.4,1.22,0.057,57.39,580,0.0173
2026-01-01 00:48:44.074609,22.15,5.89,0.04,33.44,506,0.0149
2026-01-01 00:49:44.074609,27.36,2.0,0.007,27.31,447,0.0138
2026-01-01 00:50:44.074609,28.34,2.15,0.0,38.74,501,0.0032
2026-01-01 00:51:44.074609,25.7,6.49,0.0,46.55,582,0.0038
2026-01-01 00:52:44.074609,22.73,1.32,0.022,52.29,451,0.0038
2026-01-01 00:53:44.074609,28.94,2.71,0.12,46.94,539,0.0009
2026-01-01 00:54:44.074609,26.93,4.48,0.034,60.69,367,0.0122
2026-01-01 00:55:44.074609,32.81,11.15,0.072,57.36,508,0.0035
2026-01-01 00:56:44.074609,28.59,1.33,0.076,40.62,513,0.0045
2026-01-01 00:57:44.074609,27.5,2.7,0.031,51.01,444,0.0046
2026-01-01 00:58:44.074609,20.79,1.16,0.073,57.35,467,0.019
2026-01-01 00:59:44.074609,30.92,2.92,0.106,33.61,567,0.0094
2026-01-01 01:00:44.074609,21.6,2.05,0.007,57.75,581,0.0038
2026-01-01 01:01:44.074609,20.96,4.75,0.011,61.43,467,0.0046
2026-01-01 01:02:44.074609,30.82,1.18,0.006,27.56,511,0.018
2026-01-01 01:03:44.074609,26.24,3.04,0.026,35.06,741,0.0001
2026-01-01 01:04:44.074609,31.82,2.87,0.166,65.18,521,0.0037
2026-01-01 01:05:44.074609,31.43,3.21,0.187,52.18,567,0.0013
2026-01-01 01:06:44.074609,30.75,1.93,0.001,54.81,425,0.0073
2026-01-01 01:07:44.074609,20.68,1.0,0.018,30.32,516,0.0188
2026-01-01 01:08:44.074609,27.78,1.07,0.114,51.7,567,0.0061
2026-01-01 01:09:44.074609,18.7,1.2,0.013,36.72,489,0.0138
2026-01-01 01:10:44.074609,18.46,2.93,0.003,50.37,505,0.0008
2026-01-01 01:11:44.074609,20.57,1.65,0.008,38.84,628,0.0086
2026-01-01 01:12:44.074609,30.57,1.48,0.083,32.02,657,0.0112
2026-01-01 01:13:44.074609,23.04,8.48,0.017,32.42,598,0.0123
2026-01-01 01:14:44.074609,27.08,1.19,0.008,34.11,484,0.0317
2026-01-01 01:15:44.074609,18.66,3.08,0.057,46.85,480,0.0164
2026-01-01 01:16:44.074609,25.53,2.85,0.04,39.36,491,0.0018
2026-01-01 01:17:44.074609,19.67,1.15,0.093,42.33,457,0.0323
2026-01-01 01:18:44.074609,30.74,1.66,0.151,45.48,533,0.003
2026-01-01 01:19:44.074609,38.63,1.23,0.049,31.37,542,0.0142
2026-01-01 01:20:44.074609,27.61,1.53,0.032,35.39,583,0.0102
2026-01-01 01:21:44.074609,22.24,3.5,0.074,49.72,468,0.0001
2026-01-01 01:22:44.074609,27.5,2.32,0.13,51.29,373,0.0025
2026-01-01 01:23:44.074609,32.35,4.92,0.005,40.48,456,0.0066
2026-01-01 01:24:44.074609,27.14,4.26,0.006,37.42,343,0.0252
2026-01-01 01:25:44.074609,23.93,2.5,0.07,58.21,313,0.0155
2026-01-01 01:26:44.074609,33.04,1.87,0.042,58.79,375,0.0027
2026-01-01 01:27:44.074609,27.58,1.75,0.002,35.46,459,0.03
2026-01-01 01:28:44.074609,31.27,3.61,0.029,50.49,763,0.0142
2026-01-01 01:29:44.074609,22.56,7.74,0.146,31.7,481,0.0152
2026-01-01 01:30:44.074609,32.57,2.94,0.034,49.09,367,0.0021
2026-01-01 01:31:44.074609,32.38,1.7,0.004,40.79,239,0.0167
2026-01-01 01:32:44.074609,28.59,6.42,0.02,55.37,574,0.0106
2026-01-01 01:33:44.074609,17.72,2.66,0.002,48.2,534,0.0
2026-01-01 01:34:44.074609,24.82,2.62,0.037,37.68,397,0.0036
2026-01-01 01:35:44.074609,31.24,5.06,0.094,33.51,327,0.0039
2026-01-01 01:36:44.074609,23.77,4.74,0.085,40.4,386,0.0232
2026-01-01 01:37:44.074609,24.21,3.68,0.054,59.22,508,0.0124
2026-01-01 01:38:44.074609,23.05,1.55,0.076,50.68,510,0.0004
2026-01-01 01:39:44.074609,31.08,2.06,0.063,29.97,461,0.0072
2026-01-01 01:40:44.074609,28.88,3.13,0.023,55.82,599,0.0062
2026-01-01 01:41:44.074609,28.77,4.92,0.099,49.98,583,0.0022
2026-01-01 01:42:44.074609,24.11,2.27,0.02,55.58,593,0.0083
2026-01-01 01:43:44.074609,27.47,2.44,0.009,51.69,569,0.0049
2026-01-01 01:44:44.074609,32.17,1.08,0.091,44.4,545,0.0027
2026-01-01 01:45:44.074609,32.4,3.37,0.171,50.75,500,0.0127
2026-01-01 01:46:44.074609,23.87,6.96,0.01,47.44,638,0.0051
2026-01-01 01:47:44.074609,24.87,2.03,0.103,36.37,605,0.0029
2026-01-01 01:48:44.074609,30.89,3.94,0.042,45.7,436,0.0034
2026-01-01 01:49:44.074609,21.84,3.91,0.02,31.47,437,0.0007
2026-01-01 01:50:44.074609,35.94,5.59,0.017,63.13,434,0.004
2026-01-01 01:51:44.074609,26.64,9.67,0.051,39.52,611,0.0022
2026-01-01 01:52:44.074609,35.47,2.63,0.07,42.06,447,0.0032
2026-01-01 01:53:44.074609,29.39,1.21,0.037,44.51,476,0.0134
2026-01-01 01:54:44.074609,22.42,4.66,0.027,33.92,333,0.0031
2026-01-01 01:55:44.074609,27.04,1.94,0.017,30.5,520,0.0093
2026-01-01 01:56:44.074609,27.88,1.24,0.004,44.17,518,0.001
2026-01-01 01:57:44.074609,36.7,4.14,0.016,58.4,581,0.0123
2026-01-01 01:58:44.074609,21.18,3.82,0.019,51.56,346,0.0201
2026-01-01 01:59:44.074609,30.53,1.68,0.044,48.41,604,0.0052
2026-01-01 02:00:44.074609,33.93,1.05,0.044,41.73,337,0.0316
2026-01-01 02:01:44.074609,33.68,1.63,0.056,41.66,497,0.001
2026-01-01 02:02:44.074609,26.54,5.14,0.123,28.95,456,0.0057
2026-01-01 02:03:44.074609,37.12,4.05,0.014,58.81,449,0.0022
2026-01-01 02:04:44.074609,28.95,7.3,0.067,38.01,412,0.0028
2026-01-01 02:05:44.074609,27.13,4.96,0.047,37.84,441,0.0303
2026-01-01 02:06:44.074609,28.82,6.47,0.082,31.0,520,0.0096
2026-01-01 02:07:44.074609,32.28,3.21,0.004,53.87,568,0.0088
2026-01-01 02:08:44.074609,26.35,3.32,0.016,53.1,473,0.011
2026-01-01 02:09:44.074609,26.23,3.98,0.014,59.53,439,0.0058
2026-01-01 02:10:44.074609,36.96,4.14,0.138,40.21,322,0.0002
2026-01-01 02:11:44.074609,27.64,1.17,0.034,25.8,450,0.0106
2026-01-01 02:12:44.074609,35.44,1.9,0.009,50.43,396,0.0213
2026-01-01 02:13:44.074609,30.64,1.35,0.017,54.68,391,0.0072
2026-01-01 02:14:44.074609,22.96,3.3,0.022,55.49,453,0.0156
2026-01-01 02:15:44.074609,30.52,10.16,0.02,42.45,508,0.0283
2026-01-01 02:16:44.074609,15.29,7.27,0.005,55.65,285,0.007
2026-01-01 02:17:44.074609,29.52,4.39,0.091,41.86,542,0.0058
2026-01-01 02:18:44.074609,30.84,3.83,0.009,35.12,553,0.0118
2026-01-01 02:19:44.074609,25.2,1.54,0.0,42.05,597,0.0072
2026-01-01 02:20:44.074609,32.55,1.53,0.004,42.19,542,0.0044
2026-01-01 02:21:44.074609,26.31,3.2,0.047,41.92,362,0.0025
2026-01-01 02:22:44.074609,24.39,10.65,0.048,24.08,641,0.0056
2026-01-01 02:23:44.074609,37.79,4.63,0.009,48.9,236,0.0204
2026-01-01 02:24:44.074609,27.52,3.99,0.038,47.52,408,0.0012
2026-01-01 02:25:44.074609,22.58,4.53,0.012,40.92,585,0.0023
2026-01-01 02:26:44.074609,26.21,3.13,0.027,44.54,423,0.0082
2026-01-01 02:27:44.074609,35.55,1.88,0.001,54.97,528,0.0181
2026-01-01 02:28:44.074609,37.17,6.17,0.093,24.14,481,0.0157
2026-01-01 02:29:44.074609,20.24,6.79,0.107,42.97,419,0.0049
2026-01-01 02:30:44.074609,27.15,5.88,0.116,42.24,594,0.0078
2026-01-01 02:31:44.074609,24.16,2.41,0.081,47.11,312,0.0025
2026-01-01 02:32:44.074609,30.91,2.29,0.023,43.13,438,0.0062
2026-01-01 02:33:44.074609,32.43,4.7,0.0,57.75,565,0.0066
2026-01-01 02:34:44.074609,21.24,1.02,0.082,47.69,651,0.0007
2026-01-01 02:35:44.074609,30.02,5.57,0.07,59.56,508,0.0015
2026-01-01 02:36:44.074609,35.26,4.34,0.048,37.79,552,0.0022
2026-01-01 02:37:44.074609,29.13,8.17,0.071,49.63,669,0.022
2026-01-01 02:38:44.074609,33.39,3.59,0.05,44.08,378,0.0126
2026-01-01 02:39:44.074609,22.84,2.13,0.014,38.48,462,0.0238
2026-01-01 02:40:44.074609,19.77,3.12,0.01,47.22,452,0.0048
2026-01-01 02:41:44.074609,30.31,5.77,0.016,55.31,390,0.028
2026-01-01 02:42:44.074609,32.4,4.03,0.02,36.83,439,0.0119
2026-01-01 02:43:44.074609,30.05,1.92,0.054,31.33,555,0.0143
2026-01-01 02:44:44.074609,30.94,1.62,0.005,35.51,643,0.0057
2026-01-01 02:45:44.074609,29.42,1.12,0.055,29.35,567,0.0219
2026-01-01 02:46:44.074609,25.84,2.18,0.116,40.31,564,0.0086
2026-01-01 02:47:44.074609,31.66,6.86,0.302,51.12,398,0.0002
2026-01-01 02:48:44.074609,26.16,2.34,0.077,26.88,564,0.0106
2026-01-01 02:49:44.074609,30.92,5.31,0.002,58.29,538,0.0083
2026-01-01 02:50:44.074609,33.5,3.94,0.1,61.34,675,0.0468
2026-01-01 02:51:44.074609,25.57,4.69,0.025,60.63,549,0.0263
2026-01-01 02:52:44.074609,19.8,8.94,0.021,30.29,514,0.0543
2026-01-01 02:53:44.074609,30.94,3.7,0.003,53.85,695,0.0113
2026-01-01 02:54:44.074609,24.72,2.4,0.142,45.01,372,0.0117
2026-01-01 02:55:44.074609,33.06,1.97,0.008,58.41,623,0.002
2026-01-01 02:56:44.074609,36.77,4.66,0.03,54.53,547,0.0019
2026-01-01 02:57:44.074609,36.05,6.46,0.081,53.54,504,0.0067
2026-01-01 02:58:44.074609,30.57,2.54,0.008,28.45,553,0.0254
2026-01-01 02:59:44.074609,37.16,2.32,0.003,60.73,492,0.0009
2026-01-01 03:00:44.074609,25.02,3.8,0.106,48.32,579,0.0024
2026-01-01 03:01:44.074609,30.96,2.01,0.081,36.96,525,0.0363
2026-01-01 03:02:44.074609,32.01,2.88,0.094,43.18,451,0.0007
2026-01-01 03:03:44.074609,26.37,1.22,0.012,37.53,482,0.0031
2026-01-01 03:04:44.074609,18.98,1.32,0.009,27.98,453,0.016
2026-01-01 03:05:44.074609,20.88,1.79,0.007,34.58,423,0.0112
2026-01-01 03:06:44.074609,20.37,1.19,0.012,41.21,533,0.0042
2026-01-01 03:07:44.074609,27.33,2.08,0.041,36.52,464,0.0087
2026-01-01 03:08:44.074609,29.16,3.11,0.008,30.74,578,0.0067
2026-01-01 03:09:44.074609,27.06,2.1,0.086,36.67,488,0.0061
2026-01-01 03:10:44.074609,24.0,4.87,0.043,56.29,568,0.0198
2026-01-01 03:11:44.074609,29.67,6.5,0.228,25.72,472,0.0022
2026-01-01 03:12:44.074609,32.15,3.02,0.068,11.75,353,0.0182
2026-01-01 03:13:44.074609,32.73,2.57,0.02,41.33,656,0.0013
2026-01-01 03:14:44.074609,25.99,1.66,0.151,47.62,374,0.0087
2026-01-01 03:15:44.074609,39.7,1.78,0.04,43.41,647,0.0015
2026-01-01 03:16:44.074609,21.08,3.54,0.01,35.91,428,0.002
2026-01-01 03:17:44.074609,24.48,8.86,0.175,53.33,389,0.0047
2026-01-01 03:18:44.074609,28.71,5.79,0.023,46.16,415,0.0187
2026-01-01 03:19:44.074609,24.58,4.35,0.012,49.84,540,0.0029
2026-01-01 03:20:44.074609,25.81,1.92,0.0,47.96,537,0.0099
2026-01-01 03:21:44.074609,23.99,2.84,0.022,49.58,496,0.0254
2026-01-01 03:22:44.074609,22.5,1.12,0.017,38.44,426,0.0239
2026-01-01 03:23:44.074609,15.19,5.29,0.008,23.79,225,0.0091
2026-01-01 03:24:44.074609,24.75,20.0,0.073,56.72,463,0.0019
2026-01-01 03:25:44.074609,28.28,3.86,0.121,23.69,550,0.0005
2026-01-01 03:26:44.074609,49.09,1.11,0.04,57.0,478,0.0018
2026-01-01 03:27:44.074609,27.25,1.81,0.003,40.76,443,0.0094
2026-01-01 03:28:44.074609,29.31,1.99,0.01,57.21,451,0.005
2026-01-01 03:29:44.074609,24.56,5.45,0.014,48.58,568,0.0265
2026-01-01 03:30:44.074609,37.67,2.47,0.003,60.34,513,0.0027
2026-01-01 03:31:44.074609,26.43,10.77,0.055,44.36,488,0.0095
2026-01-01 03:32:44.074609,28.68,4.4,0.019,48.31,553,0.0032
2026-01-01 03:33:44.074609,32.32,14.85,0.019,59.73,439,0.0058
2026-01-01 03:34:44.074609,26.24,1.91,0.021,40.32,384,0.0264
2026-01-01 03:35:44.074609,29.28,1.49,0.172,33.52,508,0.0028
2026-01-01 03:36:44.074609,11.05,2.91,0.054,53.25,581,0.0086
2026-01-01 03:37:44.074609,22.28,2.54,0.108,62.47,613,0.0032
2026-01-01 03:38:44.074609,21.42,1.63,0.01,36.64,311,0.0178
2026-01-01 03:39:44.074609,29.44,3.27,0.017,39.3,308,0.0091
2026-01-01 03:40:44.074609,27.12,2.71,0.009,46.23,399,0.0233
2026-01-01 03:41:44.074609,34.45,4.22,0.134,36.54,526,0.0107
2026-01-01 03:42:44.074609,34.5,7.86,0.026,49.67,550,0.0011
2026-01-01 03:43:44.074609,21.28,1.38,0.197,69.12,651,0.0003
2026-01-01 03:44:44.074609,30.81,4.23,0.038,27.56,558,0.0279
2026-01-01 03:45:44.074609,17.01,1.15,0.003,36.4,458,0.0026
2026-01-01 03:46:44.074609,37.88,3.86,0.015,26.34,602,0.0173
2026-01-01 03:47:44.074609,26.99,2.3,0.023,58.26,441,0.0023
2026-01-01 03:48:44.074609,33.21,1.27,0.031,57.34,493,0.0025
2026-01-01 03:49:44.074609,34.1,6.21,0.024,40.37,313,0.027
2026-01-01 03:50:44.074609,25.36,1.38,0.136,48.36,695,0.0003
2026-01-01 03:51:44.074609,13.81,1.53,0.053,38.42,505,0.0125
2026-01-01 03:52:44.074609,29.96,1.21,0.027,47.67,409,0.0279
2026-01-01 03:53:44.074609,24.27,2.31,0.04,47.24,615,0.0169
2026-01-01 03:54:44.074609,25.65,3.84,0.023,40.35,471,0.0044
2026-01-01 03:55:44.074609,37.04,4.22,0.004,36.43,379,0.0017
2026-01-01 03:56:44.074609,25.32,6.27,0.002,33.0,470,0.0211
2026-01-01 03:57:44.074609,19.17,3.09,0.066,48.22,522,0.0099
2026-01-01 03:58:44.074609,31.31,2.55,0.07,64.9,535,0.0056
2026-01-01 03:59:44.074609,31.76,1.48,0.089,50.53,620,0.0056
2026-01-01 04:00:44.074609,28.27,2.43,0.123,51.55,452,0.0066
2026-01-01 04:01:44.074609,16.77,3.55,0.02,46.44,490,0.013
2026-01-01 04:02:44.074609,29.81,2.27,0.056,58.47,452,0.0031
2026-01-01 04:03:44.074609,36.57,4.49,0.006,55.71,370,0.0037
2026-01-01 04:04:44.074609,30.65,3.37,0.027,41.72,466,0.0054
2026-01-01 04:05:44.074609,29.64,1.26,0.025,47.51,604,0.0018
2026-01-01 04:06:44.074609,36.6,1.8,0.001,41.26,449,0.0203
2026-01-01 04:07:44.074609,26.73,1.16,0.002,52.4,309,0.0003
2026-01-01 04:08:44.074609,34.75,3.63,0.001,38.23,600,0.0004
2026-01-01 04:09:44.074609,17.98,11.93,0.039,59.95,595,0.0032
2026-01-01 04:10:44.074609,21.88,8.04,0.023,38.7,506,0.0056
2026-01-01 04:11:44.074609,29.88,1.76,0.013,49.7,488,0.0041
2026-01-01 04:12:44.074609,22.57,7.14,0.004,51.77,422,0.0005
2026-01-01 04:13:44.074609,11.51,2.22,0.025,41.25,376,0.0085
2026-01-01 04:14:44.074609,28.1,5.91,0.071,43.28,483,0.0031
2026-01-01 04:15:44.074609,21.15,4.42,0.003,27.48,490,0.0119
2026-01-01 04:16:44.074609,25.21,1.64,0.051,50.23,467,0.0226
2026-01-01 04:17:44.074609,21.99,2.59,0.014,37.48,597,0.0112
2026-01-01 04:18:44.074609,30.34,6.22,0.025,49.82,430,0.0045
2026-01-01 04:19:44.074609,20.92,1.25,0.245,53.94,589,0.0201
2026-01-01 04:20:44.074609,37.56,2.03,0.032,31.86,676,0.0056
2026-01-01 04:21:44.074609,31.42,6.7,0.011,26.17,518,0.0173
2026-01-01 04:22:44.074609,29.84,3.44,0.076,51.63,427,0.0029
2026-01-01 04:23:44.074609,32.45,2.18,0.056,49.51,666,0.0115
2026-01-01 04:24:44.074609,35.88,3.57,0.028,54.18,423,0.0026
2026-01-01 04:25:44.074609,21.72,3.95,0.069,52.57,528,0.0189
2026-01-01 04:26:44.074609,22.07,1.14,0.066,42.14,288,0.0264
2026-01-01 04:27:44.074609,25.2,1.04,0.004,24.74,392,0.0079
2026-01-01 04:28:44.074609,38.01,1.58,0.018,47.19,507,0.0005
2026-01-01 04:29:44.074609,28.52,3.49,0.035,54.38,333,0.0249
2026-01-01 04:30:44.074609,33.32,2.57,0.008,35.02,603,0.0075
2026-01-01 04:31:44.074609,30.82,5.71,0.056,47.98,536,0.0035
2026-01-01 04:32:44.074609,28.31,1.0,0.016,51.53,386,0.01
2026-01-01 04:33:44.074609,26.19,4.91,0.02,45.46,566,0.0042
2026-01-01 04:34:44.074609,38.18,1.43,0.005,37.4,528,0.0051
2026-01-01 04:35:44.074609,32.35,1.38,0.0,52.21,408,0.0029
2026-01-01 04:36:44.074609,34.95,1.04,0.039,51.08,776,0.0009
2026-01-01 04:37:44.074609,15.66,3.8,0.025,53.76,466,0.0038
2026-01-01 04:38:44.074609,26.34,1.3,0.01,44.68,527,0.0076
2026-01-01 04:39:44.074609,34.52,2.19,0.018,48.38,667,0.0115
2026-01-01 04:40:44.074609,22.3,2.14,0.007,35.83,532,0.0086
2026-01-01 04:41:44.074609,33.55,5.2,0.103,55.61,676,0.0097
2026-01-01 04:42:44.074609,27.5,1.62,0.001,40.4,326,0.0096
2026-01-01 04:43:44.074609,25.51,1.4,0.165,49.16,494,0.0088
2026-01-01 04:44:44.074609,22.1,3.34,0.004,56.8,727,0.0027
2026-01-01 04:45:44.074609,33.57,1.13,0.034,49.75,390,0.0037
2026-01-01 04:46:44.074609,32.09,3.85,0.114,48.45,628,0.0131
2026-01-01 04:47:44.074609,35.2,2.88,0.011,31.58,550,0.0044
2026-01-01 04:48:44.074609,37.38,8.27,0.001,41.26,484,0.0145
2026-01-01 04:49:44.074609,21.85,4.38,0.025,57.3,471,0.0053
2026-01-01 04:50:44.074609,36.25,9.19,0.014,47.18,402,0.0348
2026-01-01 04:51:44.074609,24.23,2.24,0.035,43.34,545,0.061
2026-01-01 04:52:44.074609,22.11,2.8,0.022,35.72,476,0.0215
2026-01-01 04:53:44.074609,17.63,4.23,0.029,31.45,447,0.0168
2026-01-01 04:54:44.074609,28.48,9.47,0.052,69.45,445,0.0087
2026-01-01 04:55:44.074609,18.25,1.41,0.025,34.76,550,0.0023
2026-01-01 04:56:44.074609,23.49,1.18,0.04,54.96,525,0.0086
2026-01-01 04:57:44.074609,33.58,3.33,0.004,39.36,586,0.005
2026-01-01 04:58:44.074609,28.26,2.05,0.008,42.78,385,0.0091
2026-01-01 04:59:44.074609,30.28,6.29,0.004,59.89,727,0.0176
2026-01-01 05:00:44.074609,25.28,5.59,0.016,50.6,418,0.0004
2026-01-01 05:01:44.074609,29.9,3.61,0.137,19.68,477,0.0166
2026-01-01 05:02:44.074609,38.76,10.02,0.001,39.1,584,0.0014
2026-01-01 05:03:44.074609,38.45,2.44,0.003,36.68,584,0.0048
2026-01-01 05:04:44.074609,28.64,1.73,0.029,48.26,620,0.0044
2026-01-01 05:05:44.074609,28.89,6.24,0.05,58.85,546,0.0053
2026-01-01 05:06:44.074609,34.9,10.51,0.039,31.56,550,0.0098
2026-01-01 05:07:44.074609,20.41,1.18,0.046,47.93,514,0.0026
2026-01-01 05:08:44.074609,36.24,4.29,0.004,32.84,478,0.002
2026-01-01 05:09:44.074609,24.87,1.16,0.025,32.45,207,0.0048
2026-01-01 05:10:44.074609,38.79,6.48,0.008,37.72,500,0.0007
2026-01-01 05:11:44.074609,36.83,7.31,0.041,63.97,517,0.0104
2026-01-01 05:12:44.074609,20.15,1.14,0.146,40.12,582,0.0008
2026-01-01 05:13:44.074609,27.0,1.39,0.037,44.19,428,0.0456
2026-01-01 05:14:44.074609,20.43,4.46,0.149,41.66,398,0.0081
2026-01-01 05:15:44.074609,33.84,2.59,0.034,58.86,463,0.0041
2026-01-01 05:16:44.074609,27.15,1.58,0.005,46.1,550,0.013
2026-01-01 05:17:44.074609,22.41,1.81,0.005,29.02,549,0.0113
2026-01-01 05:18:44.074609,24.56,3.38,0.032,36.03,368,0.0153
2026-01-01 05:19:44.074609,27.75,1.76,0.025,45.51,532,0.002
2026-01-01 05:20:44.074609,27.16,5.82,0.02,39.46,659,0.0086
2026-01-01 05:21:44.074609,29.89,7.04,0.003,49.75,420,0.0054
2026-01-01 05:22:44.074609,29.83,3.39,0.026,46.57,500,0.0015
2026-01-01 05:23:44.074609,22.19,1.43,0.009,61.29,441,0.0111
2026-01-01 05:24:44.074609,21.04,2.98,0.027,56.43,326,0.0086
2026-01-01 05:25:44.074609,26.93,3.42,0.042,32.61,567,0.0003
2026-01-01 05:26:44.074609,23.03,2.31,0.076,28.79,543,0.0119
2026-01-01 05:27:44.074609,35.07,4.98,0.047,48.13,388,0.003
2026-01-01 05:28:44.074609,27.3,2.63,0.046,26.53,511,0.0001
2026-01-01 05:29:44.074609,17.38,4.98,0.001,44.68,564,0.0019
2026-01-01 05:30:44.074609,28.18,2.91,0.005,53.53,712,0.0052
2026-01-01 05:31:44.074609,32.77,1.66,0.001,45.52,522,0.0221
2026-01-01 05:32:44.074609,33.41,3.73,0.083,60.59,456,0.0244
2026-01-01 05:33:44.074609,20.51,1.94,0.011,47.87,418,0.0081
2026-01-01 05:34:44.074609,21.64,3.66,0.028,37.75,520,0.0009
2026-01-01 05:35:44.074609,27.89,1.72,0.017,32.06,623,0.0001
2026-01-01 05:36:44.074609,25.32,4.14,0.055,43.93,599,0.0083
2026-01-01 05:37:44.074609,34.43,9.05,0.29,56.46,402,0.0212
2026-01-01 05:38:44.074609,33.04,1.15,0.013,42.23,545,0.0025
2026-01-01 05:39:44.074609,38.77,1.82,0.071,45.01,422,0.0053
2026-01-01 05:40:44.074609,33.45,1.71,0.188,50.6,518,0.0036
2026-01-01 05:41:44.074609,31.31,4.53,0.169,52.35,401,0.0111
2026-01-01 05:42:44.074609,25.94,4.92,0.043,45.22,353,0.0037
2026-01-01 05:43:44.074609,37.94,5.1,0.013,35.52,345,0.0022
2026-01-01 05:44:44.074609,24.02,5.59,0.12,58.41,430,0.0227
2026-01-01 05:45:44.074609,25.63,10.39,0.024,48.7,450,0.0067
2026-01-01 05:46:44.074609,26.5,1.35,0.014,54.9,441,0.0208
2026-01-01 05:47:44.074609,31.81,6.84,0.072,40.69,544,0.029
2026-01-01 05:48:44.074609,22.96,4.44,0.02,67.21,500,0.0071
2026-01-01 05:49:44.074609,25.52,5.86,0.099,37.72,619,0.0139
2026-01-01 05:50:44.074609,20.58,6.01,0.146,53.17,457,0.0014
2026-01-01 05:51:44.074609,33.16,4.4,0.015,53.72,493,0.0006
2026-01-01 05:52:44.074609,27.9,4.79,0.032,41.49,604,0.0018
2026-01-01 05:53:44.074609,28.48,1.63,0.064,57.29,748,0.0062
2026-01-01 05:54:44.074609,28.96,6.29,0.088,39.07,531,0.0183
2026-01-01 05:55:44.074609,34.2,2.35,0.106,55.57,442,0.0052
2026-01-01 05:56:44.074609,29.33,7.52,0.002,45.73,518,0.01
2026-01-01 05:57:44.074609,22.46,9.54,0.018,36.63,447,0.0015
2026-01-01 05:58:44.074609,34.94,1.03,0.039,44.39,522,0.0044
2026-01-01 05:59:44.074609,29.05,2.74,0.106,23.67,824,0.0015
2026-01-01 06:00:44.074609,40.19,13.18,0.014,47.15,443,0.009
2026-01-01 06:01:44.074609,18.49,5.61,0.011,27.14,549,0.0054
2026-01-01 06:02:44.074609,33.38,2.84,0.015,45.84,665,0.0039
2026-01-01 06:03:44.074609,31.86,2.27,0.003,43.78,462,0.0025
2026-01-01 06:04:44.074609,20.09,1.0,0.123,49.79,567,0.0018
2026-01-01 06:05:44.074609,29.27,2.69,0.006,46.68,282,0.0047
2026-01-01 06:06:44.074609,28.48,3.91,0.063,43.94,454,0.0162
2026-01-01 06:07:44.074609,23.69,4.38,0.036,25.31,527,0.0066
2026-01-01 06:08:44.074609,27.38,14.0,0.07,47.48,337,0.0485
2026-01-01 06:09:44.074609,22.14,1.02,0.026,58.04,566,0.0041
2026-01-01 06:10:44.074609,24.46,6.27,0.0,34.36,421,0.0027
2026-01-01 06:11:44.074609,17.76,2.62,0.024,49.72,292,0.0011
2026-01-01 06:12:44.074609,27.03,10.2,0.003,34.44,394,0.0039
2026-01-01 06:13:44.074609,30.05,1.39,0.05,39.49,518,0.0008
2026-01-01 06:14:44.074609,34.67,10.33,0.014,42.97,522,0.0192
2026-01-01 06:15:44.074609,27.54,5.4,0.137,41.74,483,0.0033
2026-01-01 06:16:44.074609,28.67,2.02,0.024,54.33,276,0.0017
2026-01-01 06:17:44.074609,22.59,2.11,0.035,50.14,565,0.0104
2026-01-01 06:18:44.074609,31.96,1.51,0.04,42.79,425,0.0053
2026-01-01 06:19:44.074609,25.39,1.59,0.025,43.76,460,0.0398
2026-01-01 06:20:44.074609,28.98,2.44,0.075,56.97,352,0.0021
2026-01-01 06:21:44.074609,34.0,1.21,0.02,49.81,603,0.0044
2026-01-01 06:22:44.074609,19.67,1.48,0.045,40.57,618,0.0014
2026-01-01 06:23:44.074609,24.12,2.07,0.051,37.9,660,0.0045
2026-01-01 06:24:44.074609,32.06,6.21,0.011,59.1,485,0.002
2026-01-01 06:25:44.074609,34.63,1.08,0.059,33.93,463,0.0094
2026-01-01 06:26:44.074609,26.67,1.83,0.024,39.64,473,0.0242
2026-01-01 06:27:44.074609,27.46,1.39,0.018,42.84,531,0.0216
2026-01-01 06:28:44.074609,36.59,3.42,0.038,40.3,457,0.0248
2026-01-01 06:29:44.074609,21.46,5.28,0.021,30.23,595,0.0005
2026-01-01 06:30:44.074609,28.84,1.89,0.031,52.44,416,0.0252
2026-01-01 06:31:44.074609,17.36,10.78,0.029,36.1,280,0.024
2026-01-01 06:32:44.074609,26.61,3.52,0.072,39.59,606,0.0057
2026-01-01 06:33:44.074609,25.34,5.74,0.142,55.02,639,0.0164
2026-01-01 06:34:44.074609,31.41,6.59,0.025,43.76,443,0.0112
2026-01-01 06:35:44.074609,36.38,2.32,0.05,41.78,558,0.0079
2026-01-01 06:36:44.074609,23.45,1.68,0.017,43.83,666,0.0024
2026-01-01 06:37:44.074609,27.02,2.93,0.114,50.48,685,0.0029
2026-01-01 06:38:44.074609,28.73,2.78,0.007,52.53,381,0.0183
2026-01-01 06:39:44.074609,21.01,4.91,0.046,46.72,588,0.0371
2026-01-01 06:40:44.074609,31.68,3.56,0.021,39.29,519,0.0228
2026-01-01 06:41:44.074609,25.58,6.07,0.045,37.27,440,0.0193
2026-01-01 06:42:44.074609,14.35,2.25,0.102,45.97,485,0.0188
2026-01-01 06:43:44.074609,25.96,1.54,0.061,32.21,718,0.0022
2026-01-01 06:44:44.074609,30.64,1.71,0.002,51.3,312,0.0195
2026-01-01 06:45:44.074609,23.48,10.18,0.064,63.9,504,0.003
2026-01-01 06:46:44.074609,31.73,1.16,0.065,41.33,429,0.0076
2026-01-01 06:47:44.074609,38.58,1.55,0.024,57.91,534,0.013
2026-01-01 06:48:44.074609,27.98,8.68,0.072,32.26,537,0.011
2026-01-01 06:49:44.074609,34.99,3.02,0.038,61.41,524,0.0022
2026-01-01 06:50:44.074609,16.05,5.91,0.01,43.73,417,0.0107
2026-01-01 06:51:44.074609,18.21,3.45,0.021,40.29,293,0.0134
2026-01-01 06:52:44.074609,27.66,1.11,0.032,50.97,476,0.0001
2026-01-01 06:53:44.074609,36.54,2.99,0.004,48.61,501,0.0095
2026-01-01 06:54:44.074609,30.1,1.81,0.033,37.4,487,0.0011
2026-01-01 06:55:44.074609,24.81,1.65,0.035,51.33,401,0.0004
2026-01-01 06:56:44.074609,28.59,1.16,0.09,56.78,478,0.003
2026-01-01 06:57:44.074609,24.65,2.79,0.043,44.12,314,0.0038
2026-01-01 06:58:44.074609,31.81,1.34,0.023,47.17,467,0.0339
2026-01-01 06:59:44.074609,36.29,2.01,0.05,53.02,384,0.0142
2026-01-01 07:00:44.074609,11.89,1.99,0.019,53.74,496,0.0094
2026-01-01 07:01:44.074609,18.61,2.26,0.096,48.0,570,0.001
2026-01-01 07:02:44.074609,42.98,1.05,0.166,58.7,336,0.0008
2026-01-01 07:03:44.074609,30.03,3.57,0.007,46.95,646,0.0052
2026-01-01 07:04:44.074609,29.97,7.36,0.052,47.5,580,0.0014
2026-01-01 07:05:44.074609,22.05,8.18,0.071,38.67,381,0.002
2026-01-01 07:06:44.074609,33.3,5.24,0.032,50.63,367,0.0004
2026-01-01 07:07:44.074609,25.5,1.48,0.209,24.93,461,0.0023
2026-01-01 07:08:44.074609,25.82,5.4,0.028,41.36,504,0.0004
2026-01-01 07:09:44.074609,34.71,7.49,0.005,42.76,585,0.0049
2026-01-01 07:10:44.074609,27.94,6.31,0.007,46.67,541,0.0045
2026-01-01 07:11:44.074609,26.88,2.21,0.06,47.22,559,0.0134
2026-01-01 07:12:44.074609,24.26,1.2,0.024,35.2,391,0.0407
2026-01-01 07:13:44.074609,34.93,12.27,0.024,53.86,470,0.0204
2026-01-01 07:14:44.074609,34.96,1.6,0.148,38.24,390,0.0141
2026-01-01 07:15:44.074609,36.07,2.76,0.068,29.7,475,0.0018
2026-01-01 07:16:44.074609,17.1,2.31,0.026,46.2,436,0.0216
2026-01-01 07:17:44.074609,29.19,4.28,0.027,34.04,426,0.007
2026-01-01 07:18:44.074609,36.61,1.02,0.059,42.18,509,0.0046
2026-01-01 07:19:44.074609,27.19,3.09,0.12,48.38,561,0.016
2026-01-01 07:20:44.074609,36.51,6.99,0.031,21.43,448,0.034
2026-01-01 07:21:44.074609,24.67,6.96,0.033,47.44,508,0.0054
2026-01-01 07:22:44.074609,23.39,7.31,0.011,47.23,626,0.0006
2026-01-01 07:23:44.074609,27.57,2.03,0.032,49.8,456,0.0021
2026-01-01 07:24:44.074609,31.87,1.41,0.018,43.47,650,0.0026
2026-01-01 07:25:44.074609,24.84,9.44,0.021,35.34,499,0.002
2026-01-01 07:26:44.074609,29.19,7.65,0.031,35.28,598,0.002
2026-01-01 07:27:44.074609,24.87,2.89,0.047,48.59,458,0.0153
2026-01-01 07:28:44.074609,27.15,1.03,0.072,43.4,593,0.0077
2026-01-01 07:29:44.074609,14.37,7.55,0.112,40.04,609,0.0262
2026-01-01 07:30:44.074609,18.89,10.82,0.036,27.58,462,0.0319
2026-01-01 07:31:44.074609,28.84,2.0,0.016,34.1,511,0.0009
2026-01-01 07:32:44.074609,24.06,1.5,0.029,27.95,507,0.0038
2026-01-01 07:33:44.074609,26.09,11.19,0.145,39.62,579,0.024
2026-01-01 07:34:44.074609,17.27,1.02,0.083,41.8,502,0.003
2026-01-01 07:35:44.074609,37.71,4.96,0.269,40.18,532,0.0076
2026-01-01 07:36:44.074609,17.58,2.56,0.009,70.12,495,0.0026
2026-01-01 07:37:44.074609,37.78,3.17,0.232,49.2,342,0.0148
2026-01-01 07:38:44.074609,34.96,1.56,0.024,36.49,308,0.0152
2026-01-01 07:39:44.074609,35.49,3.58,0.021,44.22,441,0.0025
2026-01-01 07:40:44.074609,31.34,3.11,0.015,15.96,559,0.0341
2026-01-01 07:41:44.074609,33.41,1.45,0.042,47.11,523,0.0127
2026-01-01 07:42:44.074609,33.19,2.4,0.005,22.39,409,0.0202
2026-01-01 07:43:44.074609,31.68,11.2,0.029,42.08,529,0.0116
2026-01-01 07:44:44.074609,16.52,1.96,0.067,29.27,377,0.0038
2026-01-01 07:45:44.074609,16.38,1.64,0.019,43.99,493,0.0059
2026-01-01 07:46:44.074609,29.5,3.58,0.205,52.79,388,0.0126
2026-01-01 07:47:44.074609,23.21,4.39,0.003,47.03,650,0.0024
2026-01-01 07:48:44.074609,30.83,6.53,0.002,43.61,620,0.0025
2026-01-01 07:49:44.074609,34.14,3.36,0.007,29.73,401,0.0024
2026-01-01 07:50:44.074609,23.14,2.59,0.061,39.15,375,0.005
2026-01-01 07:51:44.074609,24.03,1.21,0.019,52.32,504,0.015
2026-01-01 07:52:44.074609,17.9,6.86,0.093,58.95,395,0.0038
2026-01-01 07:53:44.074609,28.35,1.03,0.026,41.63,622,0.0145
2026-01-01 07:54:44.074609,21.58,2.09,0.083,40.34,321,0.013
2026-01-01 07:55:44.074609,31.25,3.82,0.123,33.46,547,0.0084
2026-01-01 07:56:44.074609,23.95,1.96,0.032,53.61,319,0.022
2026-01-01 07:57:44.074609,38.22,3.19,0.003,55.25,495,0.0037
2026-01-01 07:58:44.074609,18.8,1.6,0.035,33.46,415,0.0062
2026-01-01 07:59:44.074609,29.72,1.34,0.075,52.16,559,0.0012
2026-01-01 08:00:44.074609,31.24,4.1,0.09,63.59,598,0.0061
2026-01-01 08:01:44.074609,24.61,4.06,0.004,45.32,325,0.0079
2026-01-01 08:02:44.074609,24.5,1.43,0.059,40.0,543,0.0011
2026-01-01 08:03:44.074609,14.46,1.34,0.052,65.42,515,0.0098
2026-01-01 08:04:44.074609,28.47,1.23,0.006,40.94,438,0.0049
2026-01-01 08:05:44.074609,28.3,6.4,0.062,50.85,532,0.0032
2026-01-01 08:06:44.074609,24.57,4.06,0.021,48.21,483,0.0002
2026-01-01 08:07:44.074609,33.44,6.43,0.183,54.43,548,0.0104
2026-01-01 08:08:44.074609,33.4,1.41,0.053,39.58,492,0.0045
2026-01-01 08:09:44.074609,30.47,2.84,0.003,53.76,394,0.0264
2026-01-01 08:10:44.074609,13.76,4.07,0.019,37.53,504,0.036
2026-01-01 08:11:44.074609,25.57,2.32,0.057,22.82,625,0.0031
2026-01-01 08:12:44.074609,32.7,2.14,0.007,41.78,510,0.0091
2026-01-01 08:13:44.074609,17.7,1.24,0.056,22.7,444,0.0055
2026-01-01 08:14:44.074609,31.33,6.48,0.105,48.11,342,0.0021
2026-01-01 08:15:44.074609,30.54,1.15,0.093,51.8,306,0.0079
2026-01-01 08:16:44.074609,23.31,1.29,0.071,32.26,533,0.0021
2026-01-01 08:17:44.074609,33.82,1.05,0.003,47.97,626,0.004
2026-01-01 08:18:44.074609,29.09,2.29,0.045,52.47,639,0.0087
2026-01-01 08:19:44.074609,32.14,1.69,0.022,56.63,585,0.0329
2026-01-01 08:20:44.074609,29.8,3.97,0.01,63.67,624,0.0152
2026-01-01 08:21:44.074609,32.15,1.17,0.069,50.14,453,0.0102
2026-01-01 08:22:44.074609,31.66,2.13,0.158,45.79,453,0.0018
2026-01-01 08:23:44.074609,22.85,1.81,0.034,50.53,542,0.0069
2026-01-01 08:24:44.074609,24.32,8.28,0.008,32.63,567,0.0017
2026-01-01 08:25:44.074609,32.21,5.22,0.019,61.77,283,0.0414
2026-01-01 08:26:44.074609,20.93,2.04,0.017,53.69,304,0.0029
2026-01-01 08:27:44.074609,26.32,7.78,0.005,48.79,569,0.0018
2026-01-01 08:28:44.074609,28.96,11.36,0.03,46.51,538,0.0036
2026-01-01 08:29:44.074609,24.26,1.29,0.008,35.64,482,0.0159
2026-01-01 08:30:44.074609,22.48,1.46,0.007,33.56,554,0.001
2026-01-01 08:31:44.074609,24.82,4.2,0.039,55.74,618,0.0099
2026-01-01 08:32:44.074609,33.79,1.93,0.002,54.73,488,0.0084
2026-01-01 08:33:44.074609,30.25,4.37,0.195,36.22,574,0.0011
2026-01-01 08:34:44.074609,23.99,5.55,0.121,60.24,363,0.0056
2026-01-01 08:35:44.074609,17.48,5.31,0.138,39.02,537,0.0029
2026-01-01 08:36:44.074609,30.71,1.21,0.016,47.33,572,0.0128
2026-01-01 08:37:44.074609,32.3,1.09,0.024,35.34,399,0.0173
2026-01-01 08:38:44.074609,29.48,1.8,0.053,61.29,339,0.0011
2026-01-01 08:39:44.074609,31.86,20.0,0.012,39.29,585,0.0337
2026-01-01 08:40:44.074609,20.74,8.42,0.035,41.06,531,0.0379
2026-01-01 08:41:44.074609,24.22,1.95,0.085,42.01,425,0.0042
2026-01-01 08:42:44.074609,26.28,12.95,0.05,33.13,470,0.0428
2026-01-01 08:43:44.074609,24.38,1.22,0.003,53.32,520,0.0264
2026-01-01 08:44:44.074609,22.09,3.06,0.093,62.76,453,0.0132
2026-01-01 08:45:44.074609,24.97,4.04,0.004,34.2,554,0.0558
2026-01-01 08:46:44.074609,15.56,2.93,0.085,58.75,468,0.009
2026-01-01 08:47:44.074609,26.31,3.78,0.05,54.37,390,0.001
2026-01-01 08:48:44.074609,26.1,1.05,0.103,37.67,433,0.0133
2026-01-01 08:49:44.074609,27.87,1.53,0.161,24.8,644,0.0016
2026-01-01 08:50:44.074609,24.68,1.03,0.001,33.29,727,0.0073
2026-01-01 08:51:44.074609,27.41,4.8,0.029,43.94,411,0.0168
2026-01-01 08:52:44.074609,31.74,3.66,0.012,51.4,368,0.0177
2026-01-01 08:53:44.074609,19.0,7.05,0.055,39.61,432,0.0023
2026-01-01 08:54:44.074609,11.47,3.96,0.022,44.93,517,0.0067
2026-01-01 08:55:44.074609,31.98,5.84,0.03,46.29,563,0.0068
2026-01-01 08:56:44.074609,36.39,1.64,0.031,47.82,482,0.0041
2026-01-01 08:57:44.074609,27.75,4.0,0.039,51.23,468,0.001
2026-01-01 08:58:44.074609,22.32,3.93,0.03,38.09,568,0.0018
2026-01-01 08:59:44.074609,31.45,4.72,0.027,43.42,414,0.0417
2026-01-01 09:00:44.074609,27.7,4.29,0.017,35.76,520,0.0338
2026-01-01 09:01:44.074609,30.14,1.84,0.063,34.45,569,0.0095
2026-01-01 09:02:44.074609,33.58,7.69,0.004,33.26,421,0.0442
2026-01-01 09:03:44.074609,35.59,4.46,0.012,38.01,420,0.0053
2026-01-01 09:04:44.074609,22.27,1.8,0.001,32.29,375,0.0001
2026-01-01 09:05:44.074609,32.73,1.48,0.009,50.27,551,0.0005
2026-01-01 09:06:44.074609,34.5,3.92,0.018,57.85,437,0.0167
2026-01-01 09:07:44.074609,30.68,2.56,0.074,43.71,595,0.0238
2026-01-01 09:08:44.074609,27.29,1.27,0.138,49.9,554,0.0022
2026-01-01 09:09:44.074609,29.75,2.02,0.152,48.57,738,0.0104
2026-01-01 09:10:44.074609,34.01,1.05,0.161,45.38,472,0.0269
2026-01-01 09:11:44.074609,33.04,1.04,0.039,50.18,491,0.0007
2026-01-01 09:12:44.074609,10.06,4.46,0.035,44.12,658,0.0016
2026-01-01 09:13:44.074609,21.75,7.18,0.047,49.73,420,0.0099
2026-01-01 09:14:44.074609,27.69,1.88,0.081,14.0,512,0.014
2026-01-01 09:15:44.074609,28.26,3.37,0.005,34.14,610,0.0194
2026-01-01 09:16:44.074609,26.09,1.31,0.005,50.85,462,0.0014
2026-01-01 09:17:44.074609,24.56,3.93,0.022,47.95,433,0.0102
2026-01-01 09:18:44.074609,31.47,1.81,0.063,47.61,602,0.0014
2026-01-01 09:19:44.074609,20.99,4.62,0.071,42.47,501,0.0169
2026-01-01 09:20:44.074609,22.14,9.25,0.036,45.5,563,0.005
2026-01-01 09:21:44.074609,27.37,2.92,0.034,57.02,527,0.0052
2026-01-01 09:22:44.074609,29.1,2.22,0.034,29.95,541,0.0158
2026-01-01 09:23:44.074609,16.0,1.34,0.014,43.3,488,0.0018
2026-01-01 09:24:44.074609,28.95,2.85,0.018,44.48,486,0.0079
2026-01-01 09:25:44.074609,16.22,2.78,0.168,52.39,360,0.0028
2026-01-01 09:26:44.074609,23.61,2.84,0.071,51.62,406,0.0002
2026-01-01 09:27:44.074609,35.35,2.24,0.041,40.81,565,0.0005
2026-01-01 09:28:44.074609,23.08,6.74,0.011,41.58,586,0.0128
2026-01-01 09:29:44.074609,30.95,1.41,0.01,42.2,415,0.0022
2026-01-01 09:30:44.074609,27.42,9.63,0.188,51.8,480,0.0079
2026-01-01 09:31:44.074609,32.58,4.23,0.226,34.49,586,0.0005
2026-01-01 09:32:44.074609,20.98,1.36,0.0,45.51,648,0.0036
2026-01-01 09:33:44.074609,24.92,2.41,0.071,37.41,419,0.0002
2026-01-01 09:34:44.074609,27.92,1.32,0.026,46.87,558,0.0162
2026-01-01 09:35:44.074609,15.52,1.34,0.104,39.71,443,0.0072
2026-01-01 09:36:44.074609,30.14,3.0,0.049,46.1,561,0.0078
2026-01-01 09:37:44.074609,32.29,1.44,0.09,54.49,452,0.0029
2026-01-01 09:38:44.074609,22.96,2.4,0.015,19.26,469,0.0431
2026-01-01 09:39:44.074609,28.31,1.17,0.091,39.78,807,0.0082
2026-01-01 09:40:44.074609,34.98,1.56,0.011,53.69,331,0.0024
2026-01-01 09:41:44.074609,23.75,1.44,0.008,54.68,599,0.0153
2026-01-01 09:42:44.074609,35.06,9.32,0.059,40.33,437,0.0185
2026-01-01 09:43:44.074609,23.26,8.58,0.053,61.1,417,0.0051
2026-01-01 09:44:44.074609,20.79,1.16,0.034,42.46,403,0.0043
2026-01-01 09:45:44.074609,31.19,1.5,0.023,51.04,397,0.016
2026-01-01 09:46:44.074609,25.45,4.69,0.011,36.88,472,0.0099
2026-01-01 09:47:44.074609,24.65,3.59,0.121,58.25,372,0.0048
2026-01-01 09:48:44.074609,28.66,6.56,0.052,53.91,536,0.0224
2026-01-01 09:49:44.074609,36.65,5.24,0.047,48.05,544,0.0127
2026-01-01 09:50:44.074609,24.74,1.27,0.031,39.98,399,0.0002
2026-01-01 09:51:44.074609,33.53,3.9,0.054,23.09,454,0.0013
2026-01-01 09:52:44.074609,30.49,6.72,0.009,48.89,500,0.001
2026-01-01 09:53:44.074609,32.9,2.29,0.132,31.0,508,0.0089
2026-01-01 09:54:44.074609,23.5,4.17,0.015,55.24,459,0.0022
2026-01-01 09:55:44.074609,28.82,5.31,0.063,57.53,532,0.0202
2026-01-01 09:56:44.074609,19.86,2.7,0.17,33.66,484,0.0049
2026-01-01 09:57:44.074609,26.82,7.08,0.107,48.09,434,0.0129
2026-01-01 09:58:44.074609,26.2,2.12,0.076,37.73,217,0.015
2026-01-01 09:59:44.074609,21.95,2.42,0.023,24.14,637,0.0045
2026-01-01 10:00:44.074609,31.97,3.23,0.056,80.0,1009,0.0271
2026-01-01 10:01:44.074609,34.78,4.13,0.001,80.0,1298,0.0079
2026-01-01 10:02:44.074609,46.2,2.34,0.004,80.0,648,0.0005
2026-01-01 10:03:44.074609,35.7,1.84,0.068,80.0,1144,0.0062
2026-01-01 10:04:44.074609,28.42,2.01,0.014,80.0,1573,0.0174
2026-01-01 10:05:44.074609,26.66,1.96,0.196,80.0,1649,0.0001
2026-01-01 10:06:44.074609,35.83,3.19,0.002,80.0,1282,0.0346
2026-01-01 10:07:44.074609,18.1,9.7,0.056,80.0,1235,0.0027
2026-01-01 10:08:44.074609,26.66,2.9,0.03,66.85,1511,0.0018
2026-01-01 10:09:44.074609,39.3,4.27,0.021,80.0,1432,0.0344
2026-01-01 10:10:44.074609,34.62,7.62,0.046,80.0,1257,0.0028
2026-01-01 10:11:44.074609,44.91,3.44,0.068,80.0,1374,0.0009
2026-01-01 10:12:44.074609,20.67,2.6,0.069,80.0,799,0.004
2026-01-01 10:13:44.074609,38.26,4.46,0.107,80.0,1335,0.0006
2026-01-01 10:14:44.074609,29.55,7.58,0.02,80.0,753,0.0282
2026-01-01 10:15:44.074609,30.38,6.83,0.025,80.0,1166,0.0049
2026-01-01 10:16:44.074609,22.87,8.41,0.072,80.0,1250,0.0063
2026-01-01 10:17:44.074609,23.88,9.84,0.073,80.0,1402,0.0128
2026-01-01 10:18:44.074609,21.53,9.5,0.107,80.0,1271,0.0083
2026-01-01 10:19:44.074609,25.04,1.4,0.038,80.0,1489,0.0347
2026-01-01 10:20:44.074609,45.78,2.99,0.003,80.0,1295,0.0576
2026-01-01 10:21:44.074609,19.87,8.11,0.011,80.0,902,0.0004
2026-01-01 10:22:44.074609,41.9,2.28,0.015,80.0,1282,0.0031
2026-01-01 10:23:44.074609,26.46,9.16,0.073,80.0,1507,0.0104
2026-01-01 10:24:44.074609,34.39,11.42,0.063,80.0,1451,0.0012
2026-01-01 10:25:44.074609,24.54,3.69,0.033,80.0,1240,0.0301
2026-01-01 10:26:44.074609,22.47,2.45,0.028,80.0,1637,0.0036
2026-01-01 10:27:44.074609,22.62,11.15,0.007,80.0,1185,0.0025
2026-01-01 10:28:44.074609,30.81,5.55,0.011,80.0,1042,0.0001
2026-01-01 10:29:44.074609,32.18,6.78,0.057,80.0,1348,0.0071
2026-01-01 10:30:44.074609,34.08,1.8,0.093,80.0,1110,0.0024
2026-01-01 10:31:44.074609,27.66,1.21,0.327,80.0,1508,0.0081
2026-01-01 10:32:44.074609,28.7,7.96,0.13,80.0,955,0.0219
2026-01-01 10:33:44.074609,45.47,1.63,0.082,80.0,1032,0.0082
2026-01-01 10:34:44.074609,31.18,3.1,0.008,64.23,1081,0.0074
2026-01-01 10:35:44.074609,30.68,5.29,0.062,80.0,1124,0.0141
2026-01-01 10:36:44.074609,30.31,10.31,0.014,80.0,1111,0.0086
2026-01-01 10:37:44.074609,28.66,4.58,0.041,80.0,924,0.0083
2026-01-01 10:38:44.074609,19.67,1.02,0.004,80.0,1306,0.0032
2026-01-01 10:39:44.074609,37.75,7.4,0.142,63.62,1157,0.0111
2026-01-01 10:40:44.074609,32.59,2.58,0.032,80.0,1609,0.0036
2026-01-01 10:41:44.074609,37.68,5.15,0.016,80.0,1167,0.0254
2026-01-01 10:42:44.074609,28.06,3.61,0.038,69.77,1557,0.0165
2026-01-01 10:43:44.074609,24.84,1.41,0.038,80.0,1206,0.0204
2026-01-01 10:44:44.074609,33.75,5.33,0.014,80.0,1410,0.0046
2026-01-01 10:45:44.074609,42.4,1.36,0.026,80.0,1983,0.0171
2026-01-01 10:46:44.074609,24.54,1.57,0.082,80.0,1708,0.012
2026-01-01 10:47:44.074609,24.65,4.29,0.037,80.0,900,0.0237
2026-01-01 10:48:44.074609,38.77,3.66,0.004,80.0,1172,0.0158
2026-01-01 10:49:44.074609,37.33,1.93,0.026,80.0,1454,0.0009
2026-01-01 10:50:44.074609,33.9,7.01,0.019,80.0,1081,0.0054
2026-01-01 10:51:44.074609,26.14,1.44,0.018,80.0,843,0.0043
2026-01-01 10:52:44.074609,43.89,5.12,0.112,80.0,1542,0.0136
2026-01-01 10:53:44.074609,38.08,1.85,0.003,80.0,916,0.0081
2026-01-01 10:54:44.074609,35.78,3.25,0.053,80.0,1155,0.0037
2026-01-01 10:55:44.074609,22.06,3.35,0.004,80.0,1089,0.0113
2026-01-01 10:56:44.074609,35.37,5.88,0.041,80.0,1556,0.0044
2026-01-01 10:57:44.074609,27.47,3.54,0.068,80.0,875,0.0061
2026-01-01 10:58:44.074609,25.51,6.11,0.133,80.0,1390,0.0234
2026-01-01 10:59:44.074609,29.95,4.7,0.087,80.0,1185,0.0009
2026-01-01 11:00:44.074609,38.01,2.73,0.013,80.0,1063,0.0008
2026-01-01 11:01:44.074609,29.55,3.72,0.005,80.0,1085,0.0326
2026-01-01 11:02:44.074609,29.62,5.94,0.031,80.0,1137,0.0083
2026-01-01 11:03:44.074609,38.03,2.95,0.261,80.0,1120,0.0494
2026-01-01 11:04:44.074609,32.61,2.57,0.017,67.11,1384,0.0009
2026-01-01 11:05:44.074609,32.85,20.0,0.017,80.0,1057,0.0018
2026-01-01 11:06:44.074609,28.14,2.01,0.079,80.0,1173,0.004
2026-01-01 11:07:44.074609,24.66,2.69,0.017,80.0,1167,0.0454
2026-01-01 11:08:44.074609,41.72,1.17,0.022,80.0,354,0.0038
2026-01-01 11:09:44.074609,35.09,9.38,0.082,80.0,1291,0.0175
2026-01-01 11:10:44.074609,38.51,2.09,0.025,80.0,760,0.0034
2026-01-01 11:11:44.074609,30.96,1.31,0.037,80.0,1202,0.0057
2026-01-01 11:12:44.074609,21.89,5.82,0.067,66.53,1046,0.0038
2026-01-01 11:13:44.074609,24.4,1.81,0.135,80.0,1357,0.0066
2026-01-01 11:14:44.074609,35.87,3.2,0.185,80.0,1384,0.0024
2026-01-01 11:15:44.074609,25.57,9.04,0.005,80.0,1460,0.0234
2026-01-01 11:16:44.074609,31.39,1.51,0.023,80.0,1344,0.0344
2026-01-01 11:17:44.074609,22.93,3.74,0.004,58.05,1275,0.0002
2026-01-01 11:18:44.074609,32.18,2.19,0.049,80.0,1187,0.01
2026-01-01 11:19:44.074609,19.42,2.5,0.01,80.0,1383,0.007
2026-01-01 11:20:44.074609,31.82,1.26,0.048,80.0,1148,0.0057
2026-01-01 11:21:44.074609,27.96,5.39,0.015,80.0,1072,0.0039
2026-01-01 11:22:44.074609,35.28,2.88,0.143,80.0,1150,0.0071
2026-01-01 11:23:44.074609,37.04,8.98,0.024,80.0,1490,0.0164
2026-01-01 11:24:44.074609,31.12,1.01,0.019,76.08,1144,0.0022
2026-01-01 11:25:44.074609,31.92,1.91,0.003,80.0,1421,0.0191
2026-01-01 11:26:44.074609,27.42,2.98,0.027,80.0,1011,0.0019
2026-01-01 11:27:44.074609,35.97,3.87,0.027,80.0,1329,0.0096
2026-01-01 11:28:44.074609,22.46,1.12,0.026,80.0,1501,0.0102
2026-01-01 11:29:44.074609,27.32,2.67,0.007,80.0,1240,0.0038
2026-01-01 11:30:44.074609,35.37,5.36,0.034,80.0,1104,0.0202
2026-01-01 11:31:44.074609,29.21,3.51,0.072,80.0,1156,0.0214
2026-01-01 11:32:44.074609,28.12,1.06,0.07,47.02,927,0.0001
2026-01-01 11:33:44.074609,28.24,3.33,0.057,80.0,1270,0.0076
2026-01-01 11:34:44.074609,31.48,2.53,0.154,78.15,1491,0.0014
2026-01-01 11:35:44.074609,28.68,4.24,0.032,80.0,1357,0.0006
2026-01-01 11:36:44.074609,23.28,2.6,0.04,80.0,1148,0.0176
2026-01-01 11:37:44.074609,32.28,9.19,0.09,77.95,1129,0.0056
2026-01-01 11:38:44.074609,36.51,2.91,0.009,80.0,1053,0.0009
2026-01-01 11:39:44.074609,32.1,4.3,0.121,80.0,1548,0.0004
2026-01-01 11:40:44.074609,21.76,1.62,0.089,80.0,1555,0.0047
2026-01-01 11:41:44.074609,26.59,1.86,0.082,80.0,1035,0.007
2026-01-01 11:42:44.074609,27.43,7.02,0.014,80.0,1088,0.0138
2026-01-01 11:43:44.074609,39.47,10.63,0.079,80.0,1209,0.0004
2026-01-01 11:44:44.074609,46.88,13.47,0.024,80.0,1020,0.0033
2026-01-01 11:45:44.074609,41.81,2.77,0.09,80.0,1158,0.0077
2026-01-01 11:46:44.074609,20.81,4.27,0.077,80.0,954,0.0016
2026-01-01 11:47:44.074609,30.17,4.92,0.001,80.0,1234,0.0211
2026-01-01 11:48:44.074609,22.18,3.25,0.133,66.51,469,0.0013
2026-01-01 11:49:44.074609,27.35,7.9,0.121,80.0,1257,0.0113
2026-01-01 11:50:44.074609,35.56,5.52,0.007,80.0,1273,0.0069
2026-01-01 11:51:44.074609,29.1,2.36,0.028,80.0,1082,0.007
2026-01-01 11:52:44.074609,32.46,1.6,0.043,80.0,1759,0.0134
2026-01-01 11:53:44.074609,38.55,2.7,0.033,80.0,1546,0.0037
2026-01-01 11:54:44.074609,40.88,1.27,0.005,80.0,1375,0.0014
2026-01-01 11:55:44.074609,38.28,6.42,0.002,68.93,1352,0.0001
2026-01-01 11:56:44.074609,29.52,1.67,0.16,76.41,1421,0.0007
2026-01-01 11:57:44.074609,29.91,4.82,0.125,80.0,932,0.0073
2026-01-01 11:58:44.074609,28.88,8.16,0.082,80.0,1146,0.0085
2026-01-01 11:59:44.074609,37.74,2.58,0.033,80.0,1207,0.0039
2026-01-01 12:00:44.074609,29.21,9.71,0.017,80.0,1136,0.0018
2026-01-01 12:01:44.074609,41.97,7.05,0.049,80.0,1047,0.0291
2026-01-01 12:02:44.074609,33.54,1.43,0.075,80.0,1222,0.0127
2026-01-01 12:03:44.074609,26.36,2.76,0.048,80.0,1165,0.0328
2026-01-01 12:04:44.074609,32.7,7.63,0.016,80.0,1579,0.0062
2026-01-01 12:05:44.074609,36.0,4.93,0.026,68.93,1611,0.0124
2026-01-01 12:06:44.074609,37.12,1.16,0.098,70.46,1176,0.0028
2026-01-01 12:07:44.074609,37.56,2.43,0.069,80.0,1236,0.0479
2026-01-01 12:08:44.074609,25.48,5.41,0.012,72.82,1252,0.0053
2026-01-01 12:09:44.074609,35.59,1.78,0.128,80.0,817,0.007
2026-01-01 12:10:44.074609,39.59,3.79,0.041,80.0,365,0.0019
2026-01-01 12:11:44.074609,32.37,1.42,0.073,80.0,1012,0.0073
2026-01-01 12:12:44.074609,29.11,1.36,0.136,80.0,1065,0.0052
2026-01-01 12:13:44.074609,39.09,2.83,0.009,80.0,1267,0.0016
2026-01-01 12:14:44.074609,20.33,3.84,0.042,80.0,1284,0.0243
2026-01-01 12:15:44.074609,28.75,7.76,0.179,80.0,1223,0.0001
2026-01-01 12:16:44.074609,35.08,2.75,0.002,62.01,1387,0.0064
2026-01-01 12:17:44.074609,37.34,4.25,0.028,80.0,1271,0.0033
2026-01-01 12:18:44.074609,24.77,1.14,0.055,80.0,1285,0.0167
2026-01-01 12:19:44.074609,34.07,2.16,0.04,80.0,1141,0.003
2026-01-01 12:20:44.074609,42.01,1.63,0.055,80.0,648,0.0044
2026-01-01 12:21:44.074609,32.1,4.08,0.001,80.0,1505,0.0036
2026-01-01 12:22:44.074609,30.06,1.3,0.071,80.0,1737,0.0006
2026-01-01 12:23:44.074609,33.36,1.7,0.035,80.0,807,0.0296
2026-01-01 12:24:44.074609,33.54,6.54,0.064,80.0,1243,0.0383
2026-01-01 12:25:44.074609,30.97,2.36,0.051,80.0,1201,0.0032
2026-01-01 12:26:44.074609,24.74,7.56,0.002,80.0,1080,0.0003
2026-01-01 12:27:44.074609,31.43,2.08,0.023,80.0,1276,0.0058
2026-01-01 12:28:44.074609,29.26,9.92,0.014,73.55,1958,0.0121
2026-01-01 12:29:44.074609,35.61,1.63,0.043,80.0,1363,0.0285
2026-01-01 12:30:44.074609,29.03,3.19,0.022,80.0,931,0.0076
2026-01-01 12:31:44.074609,30.39,4.55,0.034,80.0,813,0.0061
2026-01-01 12:32:44.074609,31.84,2.91,0.061,80.0,1360,0.0004
2026-01-01 12:33:44.074609,50.61,1.55,0.071,80.0,1323,0.0122
2026-01-01 12:34:44.074609,29.76,2.81,0.039,80.0,1547,0.0047
2026-01-01 12:35:44.074609,48.14,1.63,0.116,80.0,1525,0.001
2026-01-01 12:36:44.074609,40.26,3.78,0.006,80.0,1044,0.0052
2026-01-01 12:37:44.074609,26.16,2.69,0.01,80.0,1258,0.0116
2026-01-01 12:38:44.074609,32.93,2.18,0.005,80.0,1013,0.0003
2026-01-01 12:39:44.074609,32.25,1.98,0.003,80.0,974,0.0007
2026-01-01 12:40:44.074609,36.38,4.52,0.042,69.55,949,0.0024
2026-01-01 12:41:44.074609,33.49,2.66,0.03,80.0,1430,0.0066
2026-01-01 12:42:44.074609,27.84,3.35,0.018,80.0,1406,0.0117
2026-01-01 12:43:44.074609,22.62,2.9,0.023,67.54,1174,0.0109
2026-01-01 12:44:44.074609,27.3,4.29,0.017,78.12,1205,0.0024
2026-01-01 12:45:44.074609,27.14,1.98,0.007,80.0,1091,0.0014
2026-01-01 12:46:44.074609,32.55,4.1,0.021,80.0,1691,0.003
2026-01-01 12:47:44.074609,26.14,3.31,0.029,80.0,1418,0.0205
2026-01-01 12:48:44.074609,21.87,20.0,0.047,77.73,1129,0.003
2026-01-01 12:49:44.074609,17.09,8.35,0.023,80.0,900,0.0181
2026-01-01 12:50:44.074609,21.75,4.16,0.048,80.0,1116,0.0004
2026-01-01 12:51:44.074609,31.48,2.52,0.034,80.0,1212,0.0042
2026-01-01 12:52:44.074609,37.88,1.45,0.029,48.4,1225,0.0114
2026-01-01 12:53:44.074609,34.41,3.74,0.082,80.0,1191,0.0041
2026-01-01 12:54:44.074609,25.67,3.53,0.099,80.0,1371,0.011
2026-01-01 12:55:44.074609,39.08,1.4,0.007,80.0,1411,0.0054
2026-01-01 12:56:44.074609,31.76,2.19,0.047,80.0,1025,0.0172
2026-01-01 12:57:44.074609,25.21,5.64,0.003,80.0,1275,0.0082
2026-01-01 12:58:44.074609,16.79,4.91,0.022,80.0,1697,0.0079
2026-01-01 12:59:44.074609,22.99,1.27,0.006,80.0,1250,0.0184
2026-01-01 13:00:44.074609,21.6,4.62,0.078,80.0,820,0.005
2026-01-01 13:01:44.074609,32.1,1.55,0.002,80.0,1070,0.0177
2026-01-01 13:02:44.074609,36.31,4.65,0.146,80.0,1006,0.0063
2026-01-01 13:03:44.074609,26.17,1.63,0.035,80.0,1592,0.0133
2026-01-01 13:04:44.074609,32.04,4.27,0.006,80.0,1702,0.0225
2026-01-01 13:05:44.074609,35.54,1.48,0.069,58.66,1663,0.0248
2026-01-01 13:06:44.074609,35.14,4.67,0.056,80.0,990,0.0112
2026-01-01 13:07:44.074609,41.19,3.21,0.004,80.0,1358,0.0129
2026-01-01 13:08:44.074609,28.79,7.75,0.006,80.0,944,0.0019
2026-01-01 13:09:44.074609,36.65,2.16,0.055,80.0,1366,0.0041
2026-01-01 13:10:44.074609,23.94,1.71,0.019,76.62,1105,0.0059
2026-01-01 13:11:44.074609,38.38,11.64,0.029,80.0,1299,0.0017
2026-01-01 13:12:44.074609,38.09,4.52,0.036,80.0,1326,0.0058
2026-01-01 13:13:44.074609,32.81,3.01,0.046,80.0,1170,0.004
2026-01-01 13:14:44.074609,31.98,3.93,0.003,80.0,1146,0.004
2026-01-01 13:15:44.074609,21.04,1.54,0.058,80.0,893,0.0039
2026-01-01 13:16:44.074609,31.68,3.69,0.004,80.0,1432,0.014
2026-01-01 13:17:44.074609,37.21,2.94,0.051,80.0,1277,0.015
2026-01-01 13:18:44.074609,28.65,3.08,0.022,80.0,914,0.0118
2026-01-01 13:19:44.074609,28.98,5.41,0.041,80.0,1268,0.0073
2026-01-01 13:20:44.074609,37.66,3.59,0.069,80.0,1400,0.0066
2026-01-01 13:21:44.074609,32.38,5.13,0.019,80.0,1466,0.0008
2026-01-01 13:22:44.074609,28.14,7.39,0.015,80.0,1285,0.0113
2026-01-01 13:23:44.074609,41.92,2.26,0.016,80.0,915,0.0005
2026-01-01 13:24:44.074609,39.6,1.09,0.04,80.0,1644,0.0184
2026-01-01 13:25:44.074609,30.66,1.81,0.03,80.0,1316,0.0081
2026-01-01 13:26:44.074609,31.0,9.01,0.0,80.0,1311,0.0015
2026-01-01 13:27:44.074609,30.23,9.14,0.039,80.0,964,0.0
2026-01-01 13:28:44.074609,31.8,5.98,0.005,80.0,1306,0.0023
2026-01-01 13:29:44.074609,27.58,3.78,0.009,80.0,1026,0.0062
2026-01-01 13:30:44.074609,37.89,3.74,0.009,80.0,1515,0.0109
2026-01-01 13:31:44.074609,34.25,1.41,0.028,80.0,1455,0.003
2026-01-01 13:32:44.074609,26.02,7.4,0.111,80.0,941,0.0009
2026-01-01 13:33:44.074609,40.81,4.23,0.049,80.0,1045,0.0011
2026-01-01 13:34:44.074609,22.16,4.81,0.035,80.0,1458,0.0039
2026-01-01 13:35:44.074609,38.06,7.83,0.037,80.0,1128,0.0211
2026-01-01 13:36:44.074609,30.96,1.04,0.145,59.02,1213,0.0258
2026-01-01 13:37:44.074609,31.65,3.39,0.012,80.0,1723,0.013
2026-01-01 13:38:44.074609,25.73,1.0,0.138,80.0,1096,0.0031
2026-01-01 13:39:44.074609,35.78,1.89,0.001,80.0,1210,0.0026
2026-01-01 13:40:44.074609,25.51,3.18,0.015,64.01,1472,0.0048
2026-01-01 13:41:44.074609,41.12,2.8,0.097,80.0,1209,0.0082
2026-01-01 13:42:44.074609,33.99,1.3,0.011,78.92,1151,0.0209
2026-01-01 13:43:44.074609,30.27,3.79,0.059,80.0,1491,0.0084
2026-01-01 13:44:44.074609,29.34,2.74,0.003,80.0,1213,0.0095
2026-01-01 13:45:44.074609,31.11,1.38,0.001,80.0,1520,0.0156
2026-01-01 13:46:44.074609,24.52,2.05,0.034,67.6,854,0.0026
2026-01-01 13:47:44.074609,29.38,1.17,0.011,80.0,1111,0.0044
2026-01-01 13:48:44.074609,24.39,1.03,0.091,80.0,1493,0.0078
2026-01-01 13:49:44.074609,23.99,4.13,0.002,80.0,1234,0.008
2026-01-01 13:50:44.074609,27.13,7.56,0.006,80.0,1390,0.005
2026-01-01 13:51:44.074609,25.67,1.49,0.035,71.47,1183,0.0067
2026-01-01 13:52:44.074609,39.81,6.67,0.061,70.0,1233,0.0216
2026-01-01 13:53:44.074609,22.34,1.94,0.081,80.0,1322,0.005
2026-01-01 13:54:44.074609,28.98,3.03,0.106,80.0,657,0.0005
2026-01-01 13:55:44.074609,26.53,1.36,0.026,80.0,1583,0.002
2026-01-01 13:56:44.074609,37.06,1.25,0.141,80.0,1138,0.0199
2026-01-01 13:57:44.074609,27.47,6.17,0.073,80.0,826,0.003
2026-01-01 13:58:44.074609,37.54,1.39,0.036,67.41,1523,0.0065
2026-01-01 13:59:44.074609,39.94,7.95,0.009,78.87,999,0.0098
2026-01-01 14:00:44.074609,29.18,4.92,0.134,80.0,1089,0.0006
2026-01-01 14:01:44.074609,31.71,4.32,0.089,80.0,1159,0.0014
2026-01-01 14:02:44.074609,35.89,2.9,0.046,80.0,1135,0.0225
2026-01-01 14:03:44.074609,23.69,8.64,0.071,80.0,1479,0.0022
2026-01-01 14:04:44.074609,37.62,1.71,0.058,80.0,885,0.0152
2026-01-01 14:05:44.074609,29.74,5.71,0.091,80.0,952,0.0032
2026-01-01 14:06:44.074609,35.49,2.13,0.006,80.0,1080,0.0061
2026-01-01 14:07:44.074609,37.24,1.3,0.128,80.0,763,0.0141
2026-01-01 14:08:44.074609,37.37,1.89,0.059,80.0,1053,0.0025
2026-01-01 14:09:44.074609,38.13,2.92,0.048,80.0,1489,0.0069
2026-01-01 14:10:44.074609,30.59,6.53,0.081,76.85,1131,0.0052
2026-01-01 14:11:44.074609,28.02,3.23,0.082,80.0,1579,0.0028
2026-01-01 14:12:44.074609,22.76,1.35,0.079,80.0,1127,0.0193
2026-01-01 14:13:44.074609,32.12,12.7,0.016,80.0,1018,0.0123
2026-01-01 14:14:44.074609,30.54,1.1,0.102,80.0,1405,0.0051
2026-01-01 14:15:44.074609,23.94,2.97,0.04,80.0,911,0.0297
2026-01-01 14:16:44.074609,35.84,1.56,0.169,80.0,1164,0.0041
2026-01-01 14:17:44.074609,44.66,2.72,0.027,73.88,1474,0.0179
2026-01-01 14:18:44.074609,38.28,1.86,0.047,67.3,1545,0.0067
2026-01-01 14:19:44.074609,26.12,1.72,0.006,80.0,1529,0.0301
2026-01-01 14:20:44.074609,39.22,4.92,0.003,80.0,903,0.0373
2026-01-01 14:21:44.074609,36.92,1.26,0.011,80.0,1764,0.0169
2026-01-01 14:22:44.074609,22.26,14.33,0.025,80.0,1359,0.0068
2026-01-01 14:23:44.074609,36.52,3.08,0.018,80.0,852,0.0131
2026-01-01 14:24:44.074609,27.1,1.83,0.009,66.66,1315,0.0099
2026-01-01 14:25:44.074609,33.31,2.0,0.0,80.0,1158,0.0151
2026-01-01 14:26:44.074609,34.4,3.81,0.177,80.0,991,0.0007
2026-01-01 14:27:44.074609,34.0,3.32,0.017,80.0,1341,0.0104
2026-01-01 14:28:44.074609,27.0,2.4,0.151,80.0,1387,0.0029
2026-01-01 14:29:44.074609,39.39,1.33,0.143,80.0,1112,0.0124
2026-01-01 14:30:44.074609,34.44,2.46,0.026,80.0,995,0.0066
2026-01-01 14:31:44.074609,21.99,1.16,0.058,79.01,913,0.0169
2026-01-01 14:32:44.074609,29.49,5.87,0.033,80.0,900,0.0034
2026-01-01 14:33:44.074609,36.15,1.12,0.005,80.0,1058,0.0028
2026-01-01 14:34:44.074609,28.37,9.25,0.037,80.0,1168,0.005
2026-01-01 14:35:44.074609,24.38,2.42,0.019,80.0,954,0.0086
2026-01-01 14:36:44.074609,37.47,1.2,0.011,80.0,1215,0.0047
2026-01-01 14:37:44.074609,23.7,1.41,0.003,80.0,1037,0.0019
2026-01-01 14:38:44.074609,28.23,5.29,0.001,60.72,1498,0.0071
2026-01-01 14:39:44.074609,19.81,2.05,0.066,80.0,1188,0.001
2026-01-01 14:40:44.074609,33.09,7.84,0.022,60.9,1438,0.0013
2026-01-01 14:41:44.074609,35.64,1.68,0.03,80.0,1350,0.001
2026-01-01 14:42:44.074609,39.51,3.38,0.061,80.0,1555,0.0017
2026-01-01 14:43:44.074609,37.48,1.07,0.027,80.0,1556,0.0024
2026-01-01 14:44:44.074609,23.69,3.68,0.122,80.0,1696,0.0197
2026-01-01 14:45:44.074609,39.18,1.27,0.01,80.0,944,0.0095
2026-01-01 14:46:44.074609,40.15,4.57,0.021,80.0,1885,0.0136
2026-01-01 14:47:44.074609,14.35,2.52,0.001,80.0,1157,0.0089
2026-01-01 14:48:44.074609,36.29,6.64,0.029,80.0,1252,0.0118
2026-01-01 14:49:44.074609,34.87,3.88,0.052,80.0,1078,0.0123
2026-01-01 14:50:44.074609,36.38,1.73,0.002,80.0,1127,0.0041
2026-01-01 14:51:44.074609,33.0,2.94,0.016,45.64,1270,0.005
2026-01-01 14:52:44.074609,28.94,2.06,0.101,80.0,1356,0.0068
2026-01-01 14:53:44.074609,33.73,1.69,0.029,80.0,1222,0.0136
2026-01-01 14:54:44.074609,38.2,3.9,0.081,80.0,1165,0.0062
2026-01-01 14:55:44.074609,31.11,2.86,0.077,80.0,1304,0.002
2026-01-01 14:56:44.074609,39.31,2.89,0.172,80.0,1398,0.0003
2026-01-01 14:57:44.074609,44.64,6.32,0.003,80.0,1289,0.0022
2026-01-01 14:58:44.074609,38.48,2.14,0.017,80.0,1261,0.0017
2026-01-01 14:59:44.074609,29.45,1.8,0.03,80.0,1648,0.0059
2026-01-01 15:00:44.074609,28.07,5.68,0.048,24.66,375,0.0136
2026-01-01 15:01:44.074609,17.38,1.56,0.013,58.28,323,0.0072
2026-01-01 15:02:44.074609,37.08,1.56,0.054,40.52,565,0.0068
2026-01-01 15:03:44.074609,23.05,3.79,0.005,46.88,568,0.0089
2026-01-01 15:04:44.074609,32.79,2.79,0.098,44.99,560,0.0268
2026-01-01 15:05:44.074609,33.49,2.82,0.012,68.65,262,0.006
2026-01-01 15:06:44.074609,28.56,12.83,0.022,34.1,485,0.0005
2026-01-01 15:07:44.074609,29.55,5.29,0.008,59.55,343,0.0026
2026-01-01 15:08:44.074609,30.01,1.03,0.007,37.94,464,0.0426
2026-01-01 15:09:44.074609,23.32,1.67,0.044,41.06,460,0.0102
2026-01-01 15:10:44.074609,27.27,2.6,0.016,50.97,386,0.0054
2026-01-01 15:11:44.074609,30.54,3.5,0.098,35.63,525,0.0112
2026-01-01 15:12:44.074609,25.61,1.37,0.059,51.52,491,0.0015
2026-01-01 15:13:44.074609,20.52,10.43,0.02,60.36,583,0.0543
2026-01-01 15:14:44.074609,24.03,1.87,0.029,26.26,518,0.0002
2026-01-01 15:15:44.074609,23.54,2.76,0.009,35.76,538,0.0009
2026-01-01 15:16:44.074609,31.36,4.15,0.053,46.44,491,0.0269
2026-01-01 15:17:44.074609,32.65,1.29,0.036,52.77,434,0.0166
2026-01-01 15:18:44.074609,24.48,1.44,0.032,32.5,521,0.0038
2026-01-01 15:19:44.074609,17.85,1.99,0.179,38.05,547,0.0
2026-01-01 15:20:44.074609,23.63,3.72,0.124,36.28,441,0.0105
2026-01-01 15:21:44.074609,32.98,2.15,0.015,56.27,619,0.006
2026-01-01 15:22:44.074609,26.69,2.66,0.009,57.16,260,0.0002
2026-01-01 15:23:44.074609,35.54,4.42,0.05,42.1,643,0.0078
2026-01-01 15:24:44.074609,29.07,2.17,0.007,44.24,600,0.021
2026-01-01 15:25:44.074609,37.1,5.89,0.054,53.6,533,0.0162
2026-01-01 15:26:44.074609,13.79,2.4,0.025,47.54,429,0.0053
2026-01-01 15:27:44.074609,36.75,1.21,0.045,36.16,561,0.0019
2026-01-01 15:28:44.074609,30.3,7.83,0.053,44.6,603,0.0078
2026-01-01 15:29:44.074609,18.09,2.5,0.025,41.07,399,0.0197
2026-01-01 15:30:44.074609,22.43,1.22,0.057,40.13,397,0.0006
2026-01-01 15:31:44.074609,32.42,7.49,0.013,37.34,305,0.0207
2026-01-01 15:32:44.074609,14.38,5.32,0.036,54.08,544,0.0001
2026-01-01 15:33:44.074609,32.01,5.04,0.039,43.05,287,0.0074
2026-01-01 15:34:44.074609,29.77,4.2,0.027,52.19,542,0.0017
2026-01-01 15:35:44.074609,15.3,4.49,0.014,33.32,587,0.0054
2026-01-01 15:36:44.074609,29.28,8.26,0.249,42.5,463,0.03
2026-01-01 15:37:44.074609,34.11,1.06,0.046,45.09,568,0.0033
2026-01-01 15:38:44.074609,25.18,4.48,0.056,28.79,430,0.0166
2026-01-01 15:39:44.074609,26.4,3.8,0.046,58.99,471,0.0032
2026-01-01 15:40:44.074609,34.27,1.92,0.038,24.26,323,0.001
2026-01-01 15:41:44.074609,22.49,1.66,0.027,51.95,544,0.0046
2026-01-01 15:42:44.074609,19.61,2.79,0.039,40.31,459,0.0212
2026-01-01 15:43:44.074609,16.7,1.11,0.034,30.19,699,0.0123
2026-01-01 15:44:44.074609,37.59,1.59,0.015,44.93,387,0.0024
2026-01-01 15:45:44.074609,26.55,1.47,0.062,40.64,384,0.0001
2026-01-01 15:46:44.074609,28.1,5.95,0.01,28.72,606,0.0088
2026-01-01 15:47:44.074609,24.32,1.76,0.01,42.42,687,0.0031
2026-01-01 15:48:44.074609,22.82,1.04,0.037,49.43,510,0.0089
2026-01-01 15:49:44.074609,41.41,8.89,0.088,35.06,387,0.003
2026-01-01 15:50:44.074609,23.35,3.11,0.068,37.37,500,0.0129
2026-01-01 15:51:44.074609,24.1,4.27,0.028,53.99,693,0.0215
2026-01-01 15:52:44.074609,28.91,3.05,0.019,37.15,571,0.0049
2026-01-01 15:53:44.074609,29.75,2.55,0.012,51.67,365,0.0019
2026-01-01 15:54:44.074609,22.56,5.08,0.015,23.02,411,0.0402
2026-01-01 15:55:44.074609,23.49,1.28,0.045,43.11,352,0.0057
2026-01-01 15:56:44.074609,37.43,1.17,0.036,33.08,501,0.0011
2026-01-01 15:57:44.074609,20.66,1.87,0.01,49.5,427,0.0024
2026-01-01 15:58:44.074609,21.31,3.03,0.001,47.76,704,0.0229
2026-01-01 15:59:44.074609,29.82,5.71,0.007,40.34,383,0.0029
2026-01-01 16:00:44.074609,25.53,1.92,0.041,50.93,488,0.0014
2026-01-01 16:01:44.074609,23.72,1.46,0.098,56.63,606,0.0084
2026-01-01 16:02:44.074609,20.43,2.91,0.034,40.91,523,0.011
2026-01-01 16:03:44.074609,29.88,2.72,0.026,37.83,502,0.0014
2026-01-01 16:04:44.074609,21.28,2.94,0.072,43.65,330,0.0483
2026-01-01 16:05:44.074609,32.33,2.61,0.073,49.81,457,0.0187
2026-01-01 16:06:44.074609,20.34,2.28,0.053,51.78,664,0.0044
2026-01-01 16:07:44.074609,17.39,1.26,0.247,53.98,463,0.0105
2026-01-01 16:08:44.074609,31.36,2.2,0.025,36.74,374,0.0053
2026-01-01 16:09:44.074609,28.02,9.62,0.002,63.06,766,0.0253
2026-01-01 16:10:44.074609,28.03,1.15,0.043,40.7,558,0.0209
2026-01-01 16:11:44.074609,28.57,2.73,0.002,50.37,494,0.0003
2026-01-01 16:12:44.074609,32.05,4.51,0.033,42.09,461,0.0007
2026-01-01 16:13:44.074609,38.02,3.11,0.085,56.64,532,0.0001
2026-01-01 16:14:44.074609,33.01,4.56,0.027,64.39,585,0.0043
2026-01-01 16:15:44.074609,25.98,2.4,0.012,38.28,359,0.0003
2026-01-01 16:16:44.074609,39.0,2.16,0.083,56.13,593,0.012
2026-01-01 16:17:44.074609,24.03,1.95,0.089,42.02,499,0.0001
2026-01-01 16:18:44.074609,29.69,1.45,0.019,37.49,513,0.0287
2026-01-01 16:19:44.074609,31.43,5.55,0.07,42.66,660,0.0102
2026-01-01 16:20:44.074609,34.94,3.97,0.04,49.38,532,0.0024
2026-01-01 16:21:44.074609,27.31,3.17,0.088,36.46,704,0.0075
2026-01-01 16:22:44.074609,18.56,1.12,0.048,41.68,531,0.009
2026-01-01 16:23:44.074609,21.14,1.4,0.196,48.23,363,0.0019
2026-01-01 16:24:44.074609,24.57,4.3,0.047,38.03,524,0.0224
2026-01-01 16:25:44.074609,18.86,2.86,0.025,35.68,576,0.0152
2026-01-01 16:26:44.074609,25.22,9.01,0.014,28.7,555,0.0174
2026-01-01 16:27:44.074609,27.57,2.24,0.019,44.07,596,0.0094
2026-01-01 16:28:44.074609,29.69,6.76,0.015,17.15,609,0.0001
2026-01-01 16:29:44.074609,38.24,3.69,0.067,51.87,428,0.0012
2026-01-01 16:30:44.074609,28.14,3.72,0.016,43.68,421,0.0081
2026-01-01 16:31:44.074609,34.13,4.1,0.02,35.63,573,0.0101
2026-01-01 16:32:44.074609,34.4,3.42,0.001,35.66,648,0.0286
2026-01-01 16:33:44.074609,29.39,1.87,0.011,57.43,469,0.0035
2026-01-01 16:34:44.074609,15.92,3.17,0.009,62.69,519,0.0057
2026-01-01 16:35:44.074609,19.47,2.07,0.043,56.91,771,0.0034
2026-01-01 16:36:44.074609,27.15,2.37,0.004,32.42,587,0.0205
2026-01-01 16:37:44.074609,16.86,3.19,0.024,43.51,402,0.0581
2026-01-01 16:38:44.074609,28.4,2.66,0.021,35.96,639,0.0179
2026-01-01 16:39:44.074609,37.14,1.34,0.094,41.35,415,0.0016
2026-01-01 16:40:44.074609,31.28,2.14,0.187,42.02,334,0.0003
2026-01-01 16:41:44.074609,34.88,10.18,0.036,25.66,519,0.0004
2026-01-01 16:42:44.074609,34.7,2.14,0.043,37.85,430,0.0022
2026-01-01 16:43:44.074609,24.6,3.11,0.031,58.53,503,0.0003
2026-01-01 16:44:44.074609,18.26,1.42,0.109,40.31,653,0.0073
2026-01-01 16:45:44.074609,35.02,5.6,0.072,37.62,412,0.0041
2026-01-01 16:46:44.074609,31.13,2.9,0.02,37.22,616,0.0015
2026-01-01 16:47:44.074609,29.0,1.77,0.047,44.43,425,0.0067
2026-01-01 16:48:44.074609,26.86,4.63,0.036,41.1,568,0.0009
2026-01-01 16:49:44.074609,26.57,3.58,0.079,51.04,618,0.0015
2026-01-01 16:50:44.074609,22.19,2.03,0.008,39.33,563,0.0126
2026-01-01 16:51:44.074609,27.74,3.33,0.031,51.87,471,0.0092
2026-01-01 16:52:44.074609,16.36,13.8,0.139,65.88,457,0.0225
2026-01-01 16:53:44.074609,29.98,2.61,0.046,43.96,513,0.0028
2026-01-01 16:54:44.074609,27.86,5.11,0.037,53.77,426,0.008
2026-01-01 16:55:44.074609,20.51,2.97,0.048,56.55,370,0.0326
2026-01-01 16:56:44.074609,25.26,3.15,0.066,27.3,391,0.0052
2026-01-01 16:57:44.074609,33.59,3.35,0.034,22.25,498,0.0019
2026-01-01 16:58:44.074609,21.34,1.4,0.135,61.39,607,0.0051
2026-01-01 16:59:44.074609,28.85,5.4,0.023,52.27,474,0.0032
2026-01-01 17:00:44.074609,32.98,2.01,0.016,80.0,1161,0.0022
2026-01-01 17:01:44.074609,35.62,3.48,0.0,80.0,770,0.0012
2026-01-01 17:02:44.074609,22.06,4.38,0.061,80.0,1483,0.0
2026-01-01 17:03:44.074609,35.74,9.74,0.029,80.0,1103,0.027
2026-01-01 17:04:44.074609,46.58,1.24,0.035,80.0,1413,0.0087
2026-01-01 17:05:44.074609,30.33,1.07,0.02,80.0,1468,0.0187
2026-01-01 17:06:44.074609,31.74,1.41,0.005,80.0,1856,0.0031
2026-01-01 17:07:44.074609,36.91,2.45,0.067,80.0,986,0.0263
2026-01-01 17:08:44.074609,30.83,2.82,0.066,80.0,1244,0.0011
2026-01-01 17:09:44.074609,43.54,2.22,0.059,80.0,1518,0.0068
2026-01-01 17:10:44.074609,37.8,8.39,0.034,77.78,1192,0.0037
2026-01-01 17:11:44.074609,32.01,1.86,0.018,80.0,1071,0.0028
2026-01-01 17:12:44.074609,38.26,1.56,0.075,80.0,981,0.0071
2026-01-01 17:13:44.074609,37.64,5.99,0.002,80.0,987,0.0016
2026-01-01 17:14:44.074609,25.17,2.02,0.019,80.0,1319,0.0048
2026-01-01 17:15:44.074609,25.45,2.03,0.039,80.0,1408,0.0128
2026-01-01 17:16:44.074609,30.51,1.28,0.094,80.0,1617,0.0172
2026-01-01 17:17:44.074609,22.65,3.15,0.04,80.0,1842,0.0297
2026-01-01 17:18:44.074609,39.97,7.98,0.104,80.0,1134,0.0068
2026-01-01 17:19:44.074609,31.36,5.14,0.007,80.0,1462,0.0018
2026-01-01 17:20:44.074609,25.56,2.3,0.015,80.0,1011,0.0046
2026-01-01 17:21:44.074609,25.53,5.9,0.023,80.0,1577,0.0024
2026-01-01 17:22:44.074609,36.65,7.48,0.048,80.0,1178,0.0285
2026-01-01 17:23:44.074609,26.5,2.24,0.083,80.0,1509,0.0058
2026-01-01 17:24:44.074609,36.03,4.78,0.024,80.0,944,0.0373
2026-01-01 17:25:44.074609,28.79,4.36,0.039,64.77,1366,0.0006
2026-01-01 17:26:44.074609,35.06,20.0,0.07,80.0,1475,0.0194
2026-01-01 17:27:44.074609,29.3,7.27,0.011,80.0,1170,0.0193
2026-01-01 17:28:44.074609,33.21,4.48,0.037,80.0,1551,0.0022
2026-01-01 17:29:44.074609,31.53,3.27,0.082,66.61,1345,0.0152
2026-01-01 17:30:44.074609,39.78,1.64,0.003,80.0,985,0.0053
2026-01-01 17:31:44.074609,28.9,1.04,0.018,80.0,781,0.0077
2026-01-01 17:32:44.074609,38.62,7.28,0.122,80.0,823,0.008
2026-01-01 17:33:44.074609,36.14,2.42,0.0,80.0,1245,0.0067
2026-01-01 17:34:44.074609,29.7,1.07,0.058,80.0,808,0.0036
2026-01-01 17:35:44.074609,29.21,1.79,0.038,80.0,1259,0.0017
2026-01-01 17:36:44.074609,22.36,4.33,0.07,80.0,1002,0.0007
2026-01-01 17:37:44.074609,21.79,3.25,0.036,80.0,1272,0.0087
2026-01-01 17:38:44.074609,36.18,2.54,0.149,80.0,1485,0.0186
2026-01-01 17:39:44.074609,38.98,6.19,0.01,80.0,984,0.0035
2026-01-01 17:40:44.074609,37.64,2.05,0.065,80.0,1384,0.0011
2026-01-01 17:41:44.074609,27.4,2.94,0.002,78.8,954,0.006
2026-01-01 17:42:44.074609,24.05,3.95,0.008,80.0,1176,0.003
2026-01-01 17:43:44.074609,37.18,4.26,0.021,80.0,1226,0.0168
2026-01-01 17:44:44.074609,42.06,10.28,0.13,80.0,1473,0.0045
2026-01-01 17:45:44.074609,43.24,7.46,0.012,80.0,1110,0.0012
2026-01-01 17:46:44.074609,29.3,2.03,0.048,80.0,680,0.0004
2026-01-01 17:47:44.074609,24.63,4.12,0.031,80.0,556,0.0312
2026-01-01 17:48:44.074609,30.13,1.73,0.036,80.0,1663,0.0265
2026-01-01 17:49:44.074609,27.08,1.28,0.047,56.45,1049,0.0079
2026-01-01 17:50:44.074609,28.13,3.28,0.004,80.0,1619,0.0021
2026-01-01 17:51:44.074609,42.39,3.26,0.025,80.0,1496,0.028
2026-01-01 17:52:44.074609,21.34,4.34,0.004,80.0,1225,0.001
2026-01-01 17:53:44.074609,37.6,2.63,0.029,80.0,1565,0.0003
2026-01-01 17:54:44.074609,35.1,3.7,0.01,80.0,924,0.0063
2026-01-01 17:55:44.074609,26.65,1.47,0.002,80.0,1402,0.0012
2026-01-01 17:56:44.074609,31.0,9.77,0.066,80.0,1578,0.0175
2026-01-01 17:57:44.074609,31.32,4.58,0.044,80.0,1335,0.0048
2026-01-01 17:58:44.074609,43.23,2.25,0.048,80.0,1497,0.0174
2026-01-01 17:59:44.074609,25.83,1.19,0.003,80.0,866,0.0127
2026-01-01 18:00:44.074609,24.2,5.07,0.003,80.0,1026,0.0079
2026-01-01 18:01:44.074609,29.01,2.32,0.078,80.0,978,0.0134
2026-01-01 18:02:44.074609,31.44,2.52,0.015,80.0,660,0.0042
2026-01-01 18:03:44.074609,27.74,1.06,0.074,76.78,1547,0.0168
2026-01-01 18:04:44.074609,35.42,3.04,0.011,80.0,1514,0.0028
2026-01-01 18:05:44.074609,33.73,4.84,0.011,80.0,1061,0.0049
2026-01-01 18:06:44.074609,30.61,5.06,0.024,80.0,826,0.0206
2026-01-01 18:07:44.074609,30.44,1.52,0.059,80.0,1326,0.0034
2026-01-01 18:08:44.074609,26.68,1.67,0.138,80.0,1164,0.0002
2026-01-01 18:09:44.074609,32.72,2.16,0.007,20.29,1626,0.0153
2026-01-01 18:10:44.074609,24.5,3.27,0.045,80.0,1023,0.0018
2026-01-01 18:11:44.074609,26.23,3.2,0.041,80.0,1525,0.0082
2026-01-01 18:12:44.074609,34.32,1.88,0.015,80.0,1007,0.0153
2026-01-01 18:13:44.074609,42.83,2.47,0.009,80.0,1608,0.0296
2026-01-01 18:14:44.074609,19.82,1.21,0.035,80.0,733,0.0002
2026-01-01 18:15:44.074609,37.16,3.42,0.03,80.0,1000,0.0048
2026-01-01 18:16:44.074609,24.63,6.42,0.171,61.18,954,0.0187
2026-01-01 18:17:44.074609,40.75,1.79,0.068,59.11,1593,0.0152
2026-01-01 18:18:44.074609,32.14,1.73,0.063,80.0,1529,0.0019
2026-01-01 18:19:44.074609,31.22,2.3,0.04,80.0,1333,0.003
2026-01-01 18:20:44.074609,29.44,1.77,0.033,75.0,1248,0.0032
2026-01-01 18:21:44.074609,34.58,5.41,0.031,80.0,1498,0.0015
2026-01-01 18:22:44.074609,36.89,11.16,0.086,80.0,1117,0.0013
2026-01-01 18:23:44.074609,33.81,2.9,0.076,80.0,1404,0.0116
2026-01-01 18:24:44.074609,40.35,1.06,0.019,80.0,1471,0.0116
2026-01-01 18:25:44.074609,27.14,1.11,0.135,80.0,1059,0.0068
2026-01-01 18:26:44.074609,29.38,5.39,0.013,80.0,1047,0.0479
2026-01-01 18:27:44.074609,33.33,8.78,0.008,79.17,1188,0.0101
2026-01-01 18:28:44.074609,33.33,5.29,0.214,80.0,1084,0.0041
2026-01-01 18:29:44.074609,29.38,5.74,0.031,80.0,1291,0.0051
2026-01-01 18:30:44.074609,31.33,3.87,0.023,80.0,1034,0.0278
2026-01-01 18:31:44.074609,40.89,1.28,0.012,80.0,1148,0.0029
2026-01-01 18:32:44.074609,31.26,3.19,0.001,80.0,817,0.0085
2026-01-01 18:33:44.074609,32.56,2.61,0.133,80.0,1092,0.0014
2026-01-01 18:34:44.074609,35.0,4.38,0.041,80.0,1456,0.0098
2026-01-01 18:35:44.074609,31.39,1.36,0.088,80.0,1452,0.0315
2026-01-01 18:36:44.074609,26.72,4.58,0.045,58.54,1092,0.0044
2026-01-01 18:37:44.074609,39.46,4.4,0.011,80.0,1616,0.0065
2026-01-01 18:38:44.074609,31.06,3.31,0.074,80.0,1684,0.0226
2026-01-01 18:39:44.074609,29.43,4.92,0.083,80.0,1510,0.0012
2026-01-01 18:40:44.074609,24.88,2.57,0.094,80.0,811,0.007
2026-01-01 18:41:44.074609,32.46,1.17,0.043,80.0,1235,0.0008
2026-01-01 18:42:44.074609,38.3,3.47,0.02,80.0,1202,0.0074
2026-01-01 18:43:44.074609,22.87,8.25,0.01,80.0,1286,0.0031
2026-01-01 18:44:44.074609,19.79,1.71,0.046,80.0,1044,0.0081
2026-01-01 18:45:44.074609,41.5,2.36,0.138,64.43,1288,0.0222
2026-01-01 18:46:44.074609,28.76,5.89,0.01,80.0,1003,0.0009
2026-01-01 18:47:44.074609,34.99,4.92,0.005,80.0,1490,0.0178
2026-01-01 18:48:44.074609,38.53,1.13,0.001,80.0,1158,0.0082
2026-01-01 18:49:44.074609,30.04,6.59,0.0,80.0,1410,0.001
2026-01-01 18:50:44.074609,29.56,3.8,0.03,70.48,1125,0.0204
2026-01-01 18:51:44.074609,41.21,3.28,0.005,80.0,1087,0.0064
2026-01-01 18:52:44.074609,29.21,4.39,0.104,80.0,1492,0.0029
2026-01-01 18:53:44.074609,23.71,3.15,0.029,80.0,1763,0.0049
2026-01-01 18:54:44.074609,32.17,1.87,0.009,80.0,1051,0.0141
2026-01-01 18:55:44.074609,24.03,3.66,0.042,80.0,1966,0.0068
2026-01-01 18:56:44.074609,25.61,3.5,0.063,80.0,1133,0.0015
2026-01-01 18:57:44.074609,23.0,2.99,0.089,80.0,1285,0.0044
2026-01-01 18:58:44.074609,34.22,3.77,0.019,65.14,1407,0.0035
2026-01-01 18:59:44.074609,19.15,2.91,0.085,80.0,914,0.0047
2026-01-01 19:00:44.074609,28.21,2.21,0.01,80.0,1851,0.0201
2026-01-01 19:01:44.074609,31.78,5.32,0.071,80.0,1333,0.0263
2026-01-01 19:02:44.074609,34.78,2.21,0.035,80.0,1189,0.003
2026-01-01 19:03:44.074609,26.94,8.3,0.112,80.0,1577,0.0001
2026-01-01 19:04:44.074609,38.57,13.57,0.105,80.0,1435,0.0042
2026-01-01 19:05:44.074609,29.26,3.48,0.005,80.0,1328,0.0144
2026-01-01 19:06:44.074609,21.97,3.9,0.013,80.0,1227,0.0053
2026-01-01 19:07:44.074609,17.38,2.78,0.075,80.0,756,0.003
2026-01-01 19:08:44.074609,33.05,1.12,0.044,80.0,1144,0.0106
2026-01-01 19:09:44.074609,38.26,3.1,0.112,80.0,896,0.0407
2026-01-01 19:10:44.074609,37.36,1.96,0.011,80.0,1228,0.0384
2026-01-01 19:11:44.074609,39.7,4.2,0.034,80.0,1272,0.0126
2026-01-01 19:12:44.074609,28.87,2.62,0.071,80.0,1075,0.0018
2026-01-01 19:13:44.074609,37.69,6.28,0.024,80.0,1649,0.0028
2026-01-01 19:14:44.074609,35.28,1.55,0.179,80.0,1261,0.0041
2026-01-01 19:15:44.074609,25.08,1.91,0.036,80.0,1017,0.0031
2026-01-01 19:16:44.074609,28.1,1.11,0.061,80.0,1245,0.0019
2026-01-01 19:17:44.074609,32.74,1.3,0.07,80.0,1331,0.0008
2026-01-01 19:18:44.074609,34.88,6.16,0.034,80.0,1523,0.0115
2026-01-01 19:19:44.074609,26.83,1.12,0.001,80.0,1331,0.0084
2026-01-01 19:20:44.074609,26.03,3.42,0.002,80.0,1235,0.0051
2026-01-01 19:21:44.074609,39.24,5.6,0.037,80.0,1171,0.022
2026-01-01 19:22:44.074609,37.69,1.82,0.016,76.46,1139,0.0026
2026-01-01 19:23:44.074609,44.51,2.93,0.025,80.0,797,0.0069
2026-01-01 19:24:44.074609,25.31,2.84,0.037,80.0,964,0.0028
2026-01-01 19:25:44.074609,28.66,3.96,0.065,80.0,1168,0.0049
2026-01-01 19:26:44.074609,43.66,2.41,0.051,80.0,1245,0.0208
2026-01-01 19:27:44.074609,29.99,3.99,0.018,80.0,1488,0.0022
2026-01-01 19:28:44.074609,36.18,1.8,0.037,80.0,1026,0.0039
2026-01-01 19:29:44.074609,28.6,5.66,0.009,80.0,1269,0.0373
2026-01-01 19:30:44.074609,29.45,2.21,0.006,80.0,1287,0.0153
2026-01-01 19:31:44.074609,21.86,3.34,0.005,80.0,1541,0.0335
2026-01-01 19:32:44.074609,37.04,1.9,0.001,80.0,1349,0.0156
2026-01-01 19:33:44.074609,27.39,3.16,0.02,80.0,1229,0.0161
2026-01-01 19:34:44.074609,38.35,3.61,0.074,80.0,1127,0.0032
2026-01-01 19:35:44.074609,22.13,2.94,0.019,80.0,1360,0.0415
2026-01-01 19:36:44.074609,27.99,1.06,0.06,80.0,1213,0.0001
2026-01-01 19:37:44.074609,31.51,7.2,0.004,80.0,1538,0.0111
2026-01-01 19:38:44.074609,38.52,9.56,0.087,80.0,1103,0.0051
2026-01-01 19:39:44.074609,28.25,2.45,0.028,65.63,1240,0.0098
2026-01-01 19:40:44.074609,36.37,6.32,0.022,64.33,879,0.0047
2026-01-01 19:41:44.074609,25.69,3.9,0.008,80.0,1191,0.0038
2026-01-01 19:42:44.074609,31.32,4.39,0.033,80.0,1217,0.0187
2026-01-01 19:43:44.074609,36.74,8.16,0.013,80.0,1181,0.0375
2026-01-01 19:44:44.074609,34.91,1.99,0.153,80.0,1196,0.0076
2026-01-01 19:45:44.074609,21.69,4.67,0.011,80.0,845,0.0311
2026-01-01 19:46:44.074609,33.41,1.09,0.011,80.0,879,0.0026
2026-01-01 19:47:44.074609,38.03,4.74,0.043,80.0,1315,0.0018
2026-01-01 19:48:44.074609,27.76,5.63,0.014,67.21,998,0.0196
2026-01-01 19:49:44.074609,32.39,1.46,0.061,80.0,1214,0.0067
2026-01-01 19:50:44.074609,36.74,8.87,0.037,80.0,1143,0.0117
2026-01-01 19:51:44.074609,26.54,5.63,0.024,80.0,1315,0.0212
2026-01-01 19:52:44.074609,26.35,7.56,0.158,80.0,1140,0.0046
2026-01-01 19:53:44.074609,41.25,2.36,0.117,80.0,439,0.06
2026-01-01 19:54:44.074609,33.11,3.04,0.01,80.0,1264,0.015
2026-01-01 19:55:44.074609,35.51,1.88,0.099,80.0,1232,0.0014
2026-01-01 19:56:44.074609,31.82,12.14,0.101,80.0,1399,0.0079
2026-01-01 19:57:44.074609,45.04,3.1,0.034,80.0,1114,0.0017
2026-01-01 19:58:44.074609,26.24,1.65,0.181,80.0,1072,0.0089
2026-01-01 19:59:44.074609,24.51,5.74,0.077,80.0,1053,0.0278
2026-01-01 20:00:44.074609,25.14,6.24,0.06,80.0,1053,0.0082
2026-01-01 20:01:44.074609,29.87,3.76,0.02,79.18,1386,0.0039
2026-01-01 20:02:44.074609,34.06,6.47,0.005,80.0,1312,0.0009
2026-01-01 20:03:44.074609,28.55,8.15,0.023,80.0,1251,0.0061
2026-01-01 20:04:44.074609,19.7,2.27,0.059,80.0,1357,0.0361
2026-01-01 20:05:44.074609,36.96,2.5,0.057,80.0,1303,0.0131
2026-01-01 20:06:44.074609,31.19,10.14,0.09,71.61,1182,0.0046
2026-01-01 20:07:44.074609,31.37,3.11,0.037,80.0,1147,0.0055
2026-01-01 20:08:44.074609,24.65,2.34,0.08,80.0,1467,0.0192
2026-01-01 20:09:44.074609,29.23,4.75,0.029,80.0,1202,0.0067
2026-01-01 20:10:44.074609,30.71,2.32,0.014,80.0,1437,0.0028
2026-01-01 20:11:44.074609,22.02,1.85,0.0,80.0,1116,0.0095
2026-01-01 20:12:44.074609,28.82,1.55,0.038,71.26,1434,0.0004
2026-01-01 20:13:44.074609,25.85,5.77,0.028,80.0,1451,0.0125
2026-01-01 20:14:44.074609,12.86,1.96,0.006,64.67,1404,0.0058
2026-01-01 20:15:44.074609,30.7,3.9,0.039,80.0,1470,0.0076
2026-01-01 20:16:44.074609,37.67,4.41,0.103,63.97,873,0.0144
2026-01-01 20:17:44.074609,26.74,7.68,0.002,80.0,1457,0.0306
2026-01-01 20:18:44.074609,36.24,1.17,0.045,66.52,1054,0.0009
2026-01-01 20:19:44.074609,25.61,1.33,0.047,80.0,1465,0.0236
2026-01-01 20:20:44.074609,36.06,2.58,0.153,80.0,1434,0.0017
2026-01-01 20:21:44.074609,18.69,3.57,0.044,79.4,1266,0.0011
2026-01-01 20:22:44.074609,41.64,6.86,0.019,80.0,1365,0.0057
2026-01-01 20:23:44.074609,32.19,3.98,0.093,80.0,1007,0.0236
2026-01-01 20:24:44.074609,22.79,7.94,0.188,80.0,1553,0.0469
2026-01-01 20:25:44.074609,47.4,3.26,0.019,79.24,1155,0.015
2026-01-01 20:26:44.074609,33.23,3.95,0.026,80.0,1145,0.012
2026-01-01 20:27:44.074609,44.96,1.29,0.032,80.0,1108,0.0108
2026-01-01 20:28:44.074609,27.55,8.27,0.026,80.0,960,0.0205
2026-01-01 20:29:44.074609,34.8,3.31,0.07,80.0,1153,0.0049
2026-01-01 20:30:44.074609,25.53,3.15,0.132,80.0,983,0.0034
2026-01-01 20:31:44.074609,36.31,10.83,0.053,80.0,1273,0.0023
2026-01-01 20:32:44.074609,39.02,3.23,0.04,80.0,1429,0.0046
2026-01-01 20:33:44.074609,33.72,2.76,0.07,80.0,1040,0.0085
2026-01-01 20:34:44.074609,36.85,7.74,0.032,80.0,1295,0.0175
2026-01-01 20:35:44.074609,32.71,2.45,0.136,80.0,1588,0.0059
2026-01-01 20:36:44.074609,16.47,3.5,0.032,80.0,918,0.0015
2026-01-01 20:37:44.074609,27.64,8.19,0.012,80.0,1112,0.0001
2026-01-01 20:38:44.074609,28.06,5.43,0.104,80.0,1359,0.0034
2026-01-01 20:39:44.074609,35.08,1.85,0.066,80.0,805,0.0061
2026-01-01 20:40:44.074609,27.92,1.22,0.08,80.0,1018,0.0007
2026-01-01 20:41:44.074609,32.24,11.31,0.032,80.0,1051,0.002
2026-01-01 20:42:44.074609,40.0,2.76,0.009,80.0,1562,0.0077
2026-01-01 20:43:44.074609,26.33,3.43,0.017,80.0,1028,0.0001
2026-01-01 20:44:44.074609,27.34,1.83,0.057,80.0,856,0.0219
2026-01-01 20:45:44.074609,25.85,2.4,0.03,80.0,1364,0.0045
2026-01-01 20:46:44.074609,24.35,6.74,0.071,72.77,1573,0.0024
2026-01-01 20:47:44.074609,30.78,1.76,0.011,80.0,1369,0.0026
2026-01-01 20:48:44.074609,27.64,3.24,0.03,80.0,1302,0.0202
2026-01-01 20:49:44.074609,29.24,2.67,0.047,80.0,1745,0.0017
2026-01-01 20:50:44.074609,35.98,4.12,0.01,80.0,1552,0.0124
2026-01-01 20:51:44.074609,30.54,4.66,0.013,80.0,1383,0.0089
2026-01-01 20:52:44.074609,38.81,2.31,0.033,80.0,1858,0.012
2026-01-01 20:53:44.074609,22.67,1.72,0.0,80.0,1512,0.0158
2026-01-01 20:54:44.074609,26.01,1.68,0.16,80.0,1251,0.0123
2026-01-01 20:55:44.074609,28.55,1.75,0.0,80.0,1018,0.0154
2026-01-01 20:56:44.074609,39.3,2.24,0.086,80.0,1205,0.0042
2026-01-01 20:57:44.074609,20.35,5.33,0.005,80.0,1502,0.0007
2026-01-01 20:58:44.074609,28.46,9.56,0.215,80.0,1123,0.0047
2026-01-01 20:59:44.074609,34.25,4.1,0.071,80.0,1409,0.022
2026-01-01 21:00:44.074609,36.84,4.61,0.011,42.63,221,0.0006
2026-01-01 21:01:44.074609,27.83,1.08,0.129,64.26,508,0.0026
2026-01-01 21:02:44.074609,33.98,1.39,0.023,45.46,330,0.0339
2026-01-01 21:03:44.074609,32.69,4.16,0.032,46.81,490,0.0203
2026-01-01 21:04:44.074609,33.9,2.03,0.007,47.67,608,0.022
2026-01-01 21:05:44.074609,14.55,3.95,0.079,45.18,544,0.0123
2026-01-01 21:06:44.074609,18.03,1.43,0.084,50.48,512,0.0041
2026-01-01 21:07:44.074609,27.59,1.27,0.175,35.13,274,0.0007
2026-01-01 21:08:44.074609,29.87,3.92,0.044,49.75,474,0.0036
2026-01-01 21:09:44.074609,37.75,1.32,0.135,23.59,430,0.0049
2026-01-01 21:10:44.074609,26.35,3.75,0.036,41.83,513,0.0033
2026-01-01 21:11:44.074609,25.1,3.84,0.008,55.48,461,0.0072
2026-01-01 21:12:44.074609,23.31,3.67,0.078,56.23,661,0.0053
2026-01-01 21:13:44.074609,13.7,6.54,0.013,37.31,521,0.0196
2026-01-01 21:14:44.074609,26.58,1.24,0.006,69.64,489,0.0032
2026-01-01 21:15:44.074609,31.32,2.18,0.001,60.84,420,0.018
2026-01-01 21:16:44.074609,31.31,2.64,0.043,32.7,445,0.0149
2026-01-01 21:17:44.074609,20.2,8.04,0.011,42.11,651,0.0037
2026-01-01 21:18:44.074609,33.81,2.16,0.021,41.0,516,0.0265
2026-01-01 21:19:44.074609,30.3,1.76,0.004,38.84,661,0.0081
2026-01-01 21:20:44.074609,23.26,6.75,0.019,27.13,789,0.0044
2026-01-01 21:21:44.074609,28.86,4.21,0.011,33.75,556,0.0028
2026-01-01 21:22:44.074609,26.74,4.31,0.067,52.06,491,0.0133
2026-01-01 21:23:44.074609,40.18,4.54,0.045,31.01,467,0.0036
2026-01-01 21:24:44.074609,32.23,1.72,0.002,56.46,627,0.0095
2026-01-01 21:25:44.074609,27.13,7.13,0.022,56.94,520,0.003
2026-01-01 21:26:44.074609,29.95,3.49,0.038,47.64,395,0.0038
2026-01-01 21:27:44.074609,32.29,4.38,0.022,48.27,703,0.0323
2026-01-01 21:28:44.074609,28.31,1.88,0.104,47.24,555,0.0268
2026-01-01 21:29:44.074609,30.42,4.64,0.002,43.8,496,0.0062
2026-01-01 21:30:44.074609,32.48,3.51,0.008,57.72,488,0.0002
2026-01-01 21:31:44.074609,36.26,5.81,0.145,39.12,355,0.0258
2026-01-01 21:32:44.074609,31.01,5.48,0.043,49.73,521,0.0125
2026-01-01 21:33:44.074609,35.28,1.12,0.024,36.26,383,0.0002
2026-01-01 21:34:44.074609,25.69,1.43,0.053,55.89,331,0.0277
2026-01-01 21:35:44.074609,30.38,5.22,0.005,36.99,527,0.0003
2026-01-01 21:36:44.074609,29.26,1.29,0.003,46.18,290,0.0076
2026-01-01 21:37:44.074609,29.77,2.38,0.002,42.67,529,0.0052
2026-01-01 21:38:44.074609,17.16,1.96,0.007,34.3,345,0.0096
2026-01-01 21:39:44.074609,23.37,8.06,0.041,60.2,705,0.0305
2026-01-01 21:40:44.074609,23.68,5.75,0.002,41.41,295,0.0038
2026-01-01 21:41:44.074609,32.35,4.94,0.227,50.41,561,0.0146
2026-01-01 21:42:44.074609,25.43,2.35,0.066,46.65,477,0.0076
2026-01-01 21:43:44.074609,32.84,4.08,0.012,32.05,493,0.0084
2026-01-01 21:44:44.074609,25.0,7.28,0.132,61.29,518,0.0058
2026-01-01 21:45:44.074609,23.17,2.39,0.05,51.57,465,0.0059
2026-01-01 21:46:44.074609,33.78,6.72,0.075,35.13,381,0.0114
2026-01-01 21:47:44.074609,20.88,2.11,0.115,47.25,567,0.0002
2026-01-01 21:48:44.074609,23.59,4.33,0.032,54.02,461,0.0193
2026-01-01 21:49:44.074609,27.85,2.38,0.027,42.24,448,0.0287
2026-01-01 21:50:44.074609,32.44,1.59,0.054,33.32,581,0.0039
2026-01-01 21:51:44.074609,30.23,2.2,0.038,51.35,413,0.0185
2026-01-01 21:52:44.074609,27.34,4.8,0.144,48.6,515,0.0081
2026-01-01 21:53:44.074609,29.22,4.08,0.002,45.66,548,0.0159
2026-01-01 21:54:44.074609,28.97,3.63,0.056,32.71,594,0.0102
2026-01-01 21:55:44.074609,21.55,1.69,0.049,48.36,461,0.018
2026-01-01 21:56:44.074609,24.17,2.19,0.033,60.09,343,0.0141
2026-01-01 21:57:44.074609,23.61,1.08,0.024,52.2,543,0.0108
2026-01-01 21:58:44.074609,23.42,1.13,0.091,40.79,343,0.011
2026-01-01 21:59:44.074609,18.34,1.2,0.026,24.98,520,0.0053
2026-01-01 22:00:44.074609,28.23,2.65,0.061,58.92,471,0.0094
2026-01-01 22:01:44.074609,29.03,1.62,0.036,36.53,605,0.0062
2026-01-01 22:02:44.074609,27.95,1.98,0.013,44.23,508,0.0055
2026-01-01 22:03:44.074609,30.62,2.93,0.022,38.52,598,0.0081
2026-01-01 22:04:44.074609,25.37,4.8,0.114,42.11,567,0.0305
2026-01-01 22:05:44.074609,27.12,7.78,0.016,42.37,406,0.0095
2026-01-01 22:06:44.074609,21.58,2.73,0.065,48.1,570,0.0023
2026-01-01 22:07:44.074609,26.86,1.49,0.005,47.14,402,0.0015
2026-01-01 22:08:44.074609,28.38,2.07,0.017,57.09,539,0.0143
2026-01-01 22:09:44.074609,22.66,11.13,0.0,36.8,477,0.0294
2026-01-01 22:10:44.074609,29.05,2.26,0.029,51.97,664,0.0038
2026-01-01 22:11:44.074609,36.76,1.13,0.001,48.93,391,0.0109
2026-01-01 22:12:44.074609,26.82,1.72,0.028,47.22,361,0.0012
2026-01-01 22:13:44.074609,25.49,1.34,0.036,46.77,562,0.029
2026-01-01 22:14:44.074609,27.23,5.54,0.046,24.1,434,0.0294
2026-01-01 22:15:44.074609,35.28,1.79,0.002,63.42,485,0.0058
2026-01-01 22:16:44.074609,29.41,1.37,0.091,37.49,551,0.0083
2026-01-01 22:17:44.074609,22.34,6.88,0.026,39.54,383,0.0048
2026-01-01 22:18:44.074609,25.53,7.16,0.023,42.27,469,0.0199
2026-01-01 22:19:44.074609,31.17,5.82,0.007,29.55,553,0.0147
2026-01-01 22:20:44.074609,35.71,2.68,0.071,31.64,433,0.0131
2026-01-01 22:21:44.074609,29.19,2.29,0.127,44.49,469,0.025
2026-01-01 22:22:44.074609,35.03,2.79,0.068,29.61,481,0.0022
2026-01-01 22:23:44.074609,35.88,3.79,0.058,40.55,484,0.0005
2026-01-01 22:24:44.074609,17.53,6.1,0.23,43.7,497,0.0019
2026-01-01 22:25:44.074609,33.92,5.65,0.015,60.88,576,0.0039
2026-01-01 22:26:44.074609,33.4,3.37,0.008,55.19,487,0.0055
2026-01-01 22:27:44.074609,29.18,1.64,0.044,56.48,247,0.0013
2026-01-01 22:28:44.074609,28.32,2.62,0.004,43.17,412,0.0036
2026-01-01 22:29:44.074609,26.43,5.25,0.038,51.66,396,0.0285
2026-01-01 22:30:44.074609,32.35,3.27,0.089,37.19,473,0.0112
2026-01-01 22:31:44.074609,27.43,1.64,0.049,42.6,497,0.017
2026-01-01 22:32:44.074609,29.67,3.13,0.034,38.09,596,0.0079
2026-01-01 22:33:44.074609,25.84,2.99,0.089,30.16,480,0.0002
2026-01-01 22:34:44.074609,32.43,6.94,0.01,42.3,506,0.0051
2026-01-01 22:35:44.074609,17.91,8.06,0.102,38.1,481,0.0099
2026-01-01 22:36:44.074609,26.87,2.23,0.056,34.69,566,0.0195
2026-01-01 22:37:44.074609,22.57,3.82,0.065,50.73,592,0.0092
2026-01-01 22:38:44.074609,24.64,2.48,0.041,33.04,527,0.0052
2026-01-01 22:39:44.074609,21.64,5.3,0.033,28.16,485,0.0054
2026-01-01 22:40:44.074609,29.16,5.64,0.039,38.48,506,0.0051
2026-01-01 22:41:44.074609,31.33,4.38,0.021,41.52,621,0.0215
2026-01-01 22:42:44.074609,28.36,1.52,0.021,41.91,488,0.0091
2026-01-01 22:43:44.074609,25.62,5.04,0.049,55.22,400,0.0124
2026-01-01 22:44:44.074609,25.61,6.78,0.058,46.19,427,0.0141
2026-01-01 22:45:44.074609,37.66,11.66,0.004,50.4,606,0.0237
2026-01-01 22:46:44.074609,25.72,3.12,0.045,53.34,552,0.0013
2026-01-01 22:47:44.074609,27.04,2.8,0.028,58.77,568,0.0079
2026-01-01 22:48:44.074609,27.58,10.18,0.01,53.33,559,0.0114
2026-01-01 22:49:44.074609,34.21,6.92,0.086,65.14,347,0.0204
2026-01-01 22:50:44.074609,24.58,2.7,0.083,35.54,498,0.014
2026-01-01 22:51:44.074609,25.14,1.27,0.017,27.95,448,0.0104
2026-01-01 22:52:44.074609,29.79,8.48,0.057,44.58,503,0.0029
2026-01-01 22:53:44.074609,29.22,4.06,0.054,50.74,445,0.0153
2026-01-01 22:54:44.074609,26.94,4.41,0.032,42.1,570,0.0035
2026-01-01 22:55:44.074609,29.0,3.17,0.007,48.42,563,0.0049
2026-01-01 22:56:44.074609,21.17,6.43,0.15,40.19,619,0.0155
2026-01-01 22:57:44.074609,21.85,1.1,0.024,40.42,478,0.0023
2026-01-01 22:58:44.074609,29.34,11.5,0.001,38.34,606,0.0004
2026-01-01 22:59:44.074609,18.1,1.2,0.003,48.92,491,0.0042
2026-01-01 23:00:44.074609,36.36,2.63,0.132,47.54,548,0.0216
2026-01-01 23:01:44.074609,21.95,3.85,0.049,29.7,251,0.0428
2026-01-01 23:02:44.074609,24.98,6.16,0.029,35.61,592,0.0011
2026-01-01 23:03:44.074609,21.34,1.05,0.084,27.95,605,0.0008
2026-01-01 23:04:44.074609,17.36,1.58,0.11,50.37,512,0.0668
2026-01-01 23:05:44.074609,19.52,6.86,0.329,35.76,621,0.0152
2026-01-01 23:06:44.074609,30.43,2.32,0.043,50.09,590,0.0002
2026-01-01 23:07:44.074609,22.55,1.8,0.118,40.87,593,0.0076
2026-01-01 23:08:44.074609,19.09,1.74,0.009,45.15,339,0.0032
2026-01-01 23:09:44.074609,27.21,1.18,0.065,51.53,617,0.0033
2026-01-01 23:10:44.074609,20.28,3.54,0.074,43.63,524,0.0041
2026-01-01 23:11:44.074609,31.8,7.95,0.005,44.35,498,0.0011
2026-01-01 23:12:44.074609,21.41,2.27,0.008,49.79,514,0.0572
2026-01-01 23:13:44.074609,34.81,6.82,0.006,28.24,419,0.0023
2026-01-01 23:14:44.074609,36.72,2.55,0.004,34.34,584,0.0037
2026-01-01 23:15:44.074609,42.73,3.53,0.026,42.48,561,0.0014
2026-01-01 23:16:44.074609,23.28,1.33,0.062,38.38,400,0.0064
2026-01-01 23:17:44.074609,37.33,3.93,0.052,40.66,399,0.0039
2026-01-01 23:18:44.074609,33.18,2.73,0.018,45.87,399,0.0195
2026-01-01 23:19:44.074609,22.86,2.53,0.035,52.02,542,0.024
2026-01-01 23:20:44.074609,29.66,3.14,0.059,46.62,403,0.0029
2026-01-01 23:21:44.074609,38.24,1.89,0.003,35.05,424,0.0433
2026-01-01 23:22:44.074609,23.59,2.1,0.007,56.33,514,0.0113
2026-01-01 23:23:44.074609,30.44,4.76,0.065,27.32,583,0.0204
2026-01-01 23:24:44.074609,29.55,3.59,0.028,55.99,548,0.0001
2026-01-01 23:25:44.074609,33.43,1.76,0.032,44.14,471,0.0019
2026-01-01 23:26:44.074609,22.02,2.36,0.023,48.4,442,0.0005
2026-01-01 23:27:44.074609,25.03,1.83,0.036,40.94,355,0.0141
2026-01-01 23:28:44.074609,29.49,2.11,0.128,37.17,692,0.0156
2026-01-01 23:29:44.074609,24.34,2.25,0.137,53.72,639,0.0148
2026-01-01 23:30:44.074609,26.33,8.56,0.038,46.93,412,0.0151
2026-01-01 23:31:44.074609,27.67,7.53,0.056,43.38,560,0.0213
2026-01-01 23:32:44.074609,25.67,5.25,0.041,45.87,396,0.0044
2026-01-01 23:33:44.074609,31.13,8.24,0.001,52.48,460,0.0008
2026-01-01 23:34:44.074609,29.2,1.06,0.05,28.48,399,0.0098
2026-01-01 23:35:44.074609,25.72,4.02,0.097,58.36,349,0.0019
2026-01-01 23:36:44.074609,27.23,1.0,0.063,42.07,455,0.0035
2026-01-01 23:37:44.074609,16.14,4.37,0.003,57.22,499,0.0041
2026-01-01 23:38:44.074609,21.63,2.05,0.003,48.13,564,0.0013
2026-01-01 23:39:44.074609,23.12,4.63,0.071,62.46,488,0.0056
2026-01-01 23:40:44.074609,35.83,1.03,0.131,32.13,544,0.0252
2026-01-01 23:41:44.074609,31.0,6.2,0.013,40.25,571,0.0
2026-01-01 23:42:44.074609,25.34,1.06,0.031,52.77,393,0.0083
2026-01-01 23:43:44.074609,20.91,5.71,0.027,40.73,496,0.001
2026-01-01 23:44:44.074609,22.51,1.41,0.014,39.94,599,0.0032
2026-01-01 23:45:44.074609,37.04,16.05,0.007,48.84,510,0.0179
2026-01-01 23:46:44.074609,26.13,6.62,0.057,45.15,562,0.0245
2026-01-01 23:47:44.074609,22.12,3.38,0.03,38.88,586,0.001
2026-01-01 23:48:44.074609,22.93,2.16,0.024,34.36,538,0.0197
2026-01-01 23:49:44.074609,32.05,2.89,0.016,43.96,402,0.005
2026-01-01 23:50:44.074609,27.94,3.67,0.016,50.19,438,0.0293
2026-01-01 23:51:44.074609,25.4,9.37,0.019,52.4,437,0.0028
2026-01-01 23:52:44.074609,28.76,5.46,0.038,43.76,574,0.0204
2026-01-01 23:53:44.074609,29.6,10.64,0.02,44.59,553,0.0008
2026-01-01 23:54:44.074609,20.63,6.44,0.01,43.39,430,0.0086
2026-01-01 23:55:44.074609,23.73,5.15,0.042,44.06,314,0.007
2026-01-01 23:56:44.074609,24.71,2.24,0.071,55.44,512,0.0078
2026-01-01 23:57:44.074609,30.71,3.44,0.012,40.65,350,0.0186
2026-01-01 23:58:44.074609,34.62,2.81,0.065,42.89,417,0.0409
2026-01-01 23:59:44.074609,25.12,1.98,0.02,48.92,624,0.0138
2026-01-02 00:00:44.074609,31.5,3.14,0.083,34.73,482,0.0083
2026-01-02 00:01:44.074609,37.66,9.0,0.028,54.91,459,0.0062
2026-01-02 00:02:44.074609,32.06,2.61,0.008,43.94,550,0.0208
2026-01-02 00:03:44.074609,28.64,1.07,0.072,31.53,684,0.0005
2026-01-02 00:04:44.074609,34.05,1.71,0.004,53.69,356,0.0084
2026-01-02 00:05:44.074609,32.75,1.96,0.014,66.72,381,0.002
2026-01-02 00:06:44.074609,29.93,7.19,0.068,34.93,672,0.003
2026-01-02 00:07:44.074609,32.01,5.27,0.018,40.32,371,0.0012
2026-01-02 00:08:44.074609,25.84,4.85,0.016,44.48,419,0.0162
2026-01-02 00:09:44.074609,31.19,2.29,0.03,52.46,536,0.004
2026-01-02 00:10:44.074609,27.9,8.7,0.016,67.8,426,0.0032
2026-01-02 00:11:44.074609,24.34,1.36,0.021,41.64,557,0.0011
2026-01-02 00:12:44.074609,35.15,6.74,0.046,45.92,524,0.0019
2026-01-02 00:13:44.074609,39.36,1.09,0.001,41.19,462,0.0056
2026-01-02 00:14:44.074609,24.41,3.01,0.007,54.33,668,0.0035
2026-01-02 00:15:44.074609,21.55,2.42,0.049,41.61,346,0.0042
2026-01-02 00:16:44.074609,28.98,3.86,0.099,48.35,658,0.0045
2026-01-02 00:17:44.074609,32.32,1.12,0.221,41.88,625,0.0004
2026-01-02 00:18:44.074609,33.75,3.79,0.033,41.9,444,0.0221
2026-01-02 00:19:44.074609,15.41,1.23,0.063,57.69,585,0.0071
2026-01-02 00:20:44.074609,35.89,2.71,0.045,28.08,579,0.006
2026-01-02 00:21:44.074609,25.02,2.04,0.057,49.07,602,0.0014
2026-01-02 00:22:44.074609,23.94,5.32,0.004,26.74,600,0.0026
2026-01-02 00:23:44.074609,28.52,15.34,0.204,69.02,413,0.0068
2026-01-02 00:24:44.074609,38.72,4.44,0.005,39.51,477,0.0008
2026-01-02 00:25:44.074609,27.12,5.61,0.033,30.93,438,0.008
2026-01-02 00:26:44.074609,26.18,1.95,0.048,43.62,352,0.0346
2026-01-02 00:27:44.074609,29.23,2.22,0.242,47.15,612,0.015
2026-01-02 00:28:44.074609,31.22,3.3,0.08,28.39,585,0.0082
2026-01-02 00:29:44.074609,34.68,13.01,0.026,46.35,465,0.015
2026-01-02 00:30:44.074609,28.75,2.39,0.002,57.86,341,0.0013
2026-01-02 00:31:44.074609,28.53,2.2,0.025,48.88,562,0.0111
2026-01-02 00:32:44.074609,35.67,2.48,0.033,28.32,434,0.0145
2026-01-02 00:33:44.074609,23.21,1.25,0.001,54.92,311,0.0446
2026-01-02 00:34:44.074609,19.12,2.9,0.015,44.77,598,0.0091
2026-01-02 00:35:44.074609,26.23,9.66,0.045,37.03,620,0.0241
2026-01-02 00:36:44.074609,19.31,1.96,0.035,52.75,648,0.0114
2026-01-02 00:37:44.074609,20.1,4.46,0.012,34.25,371,0.0001
2026-01-02 00:38:44.074609,25.68,11.53,0.028,31.8,538,0.0156
2026-01-02 00:39:44.074609,25.71,8.29,0.011,47.38,510,0.0214
2026-01-02 00:40:44.074609,27.63,10.41,0.021,59.61,500,0.0016
2026-01-02 00:41:44.074609,20.47,2.25,0.054,56.57,635,0.0017
2026-01-02 00:42:44.074609,26.71,5.68,0.003,50.57,390,0.0193
2026-01-02 00:43:44.074609,23.02,3.31,0.012,33.35,557,0.0016
2026-01-02 00:44:44.074609,31.08,2.87,0.075,56.79,355,0.0005
2026-01-02 00:45:44.074609,21.58,6.33,0.022,48.37,577,0.0005
2026-01-02 00:46:44.074609,24.77,2.52,0.023,49.8,474,0.0139
2026-01-02 00:47:44.074609,28.32,3.25,0.116,41.98,570,0.0069
2026-01-02 00:48:44.074609,17.74,3.02,0.03,51.54,424,0.006
2026-01-02 00:49:44.074609,29.7,4.27,0.103,46.66,454,0.0092
2026-01-02 00:50:44.074609,33.39,1.51,0.038,52.58,416,0.0075
2026-01-02 00:51:44.074609,18.89,20.0,0.004,38.99,582,0.0024
2026-01-02 00:52:44.074609,29.34,11.73,0.008,59.27,537,0.0046
2026-01-02 00:53:44.074609,27.22,1.49,0.031,48.75,593,0.0061
2026-01-02 00:54:44.074609,30.27,3.7,0.016,29.11,539,0.031
2026-01-02 00:55:44.074609,16.1,1.6,0.014,42.95,538,0.0244
2026-01-02 00:56:44.074609,33.66,1.79,0.006,45.04,477,0.0638
2026-01-02 00:57:44.074609,21.51,7.28,0.076,56.08,419,0.0026
2026-01-02 00:58:44.074609,24.97,2.9,0.028,36.61,445,0.0144
2026-01-02 00:59:44.074609,21.9,1.74,0.007,36.85,716,0.0122
2026-01-02 01:00:44.074609,33.3,4.42,0.017,57.22,385,0.0043
2026-01-02 01:01:44.074609,24.49,1.95,0.005,32.49,526,0.0025
2026-01-02 01:02:44.074609,28.88,1.2,0.067,40.17,369,0.0007
2026-01-02 01:03:44.074609,31.28,5.89,0.012,38.58,414,0.0008
2026-01-02 01:04:44.074609,25.38,15.55,0.053,60.56,524,0.0183
2026-01-02 01:05:44.074609,30.42,2.41,0.202,34.27,532,0.0022
2026-01-02 01:06:44.074609,28.14,6.98,0.019,59.58,508,0.0057
2026-01-02 01:07:44.074609,29.25,2.66,0.046,44.79,389,0.0002
2026-01-02 01:08:44.074609,36.92,3.69,0.001,39.87,448,0.0106
2026-01-02 01:09:44.074609,26.73,1.49,0.043,41.64,625,0.0029
2026-01-02 01:10:44.074609,32.54,1.28,0.004,51.27,489,0.0025
2026-01-02 01:11:44.074609,25.06,3.79,0.057,42.3,593,0.0067
2026-01-02 01:12:44.074609,29.53,1.43,0.017,56.0,657,0.0076
2026-01-02 01:13:44.074609,33.34,7.39,0.044,59.14,428,0.0113
2026-01-02 01:14:44.074609,31.88,7.97,0.024,52.24,589,0.0006
2026-01-02 01:15:44.074609,21.84,11.26,0.083,47.27,328,0.0004
2026-01-02 01:16:44.074609,33.26,3.34,0.025,46.64,526,0.0173
2026-01-02 01:17:44.074609,23.62,1.7,0.072,36.54,505,0.0213
2026-01-02 01:18:44.074609,28.18,4.05,0.025,37.42,486,0.0003
2026-01-02 01:19:44.074609,24.38,3.41,0.041,63.02,480,0.0064
2026-01-02 01:20:44.074609,17.7,2.48,0.086,66.96,396,0.0226
2026-01-02 01:21:44.074609,22.61,8.2,0.052,35.39,539,0.0133
2026-01-02 01:22:44.074609,21.81,6.89,0.141,38.68,400,0.0027
2026-01-02 01:23:44.074609,31.29,3.57,0.067,42.65,451,0.0007
2026-01-02 01:24:44.074609,27.44,3.32,0.063,52.02,409,0.0166
2026-01-02 01:25:44.074609,35.83,2.55,0.057,39.58,398,0.0018
2026-01-02 01:26:44.074609,17.82,1.68,0.059,43.1,575,0.002
2026-01-02 01:27:44.074609,25.46,2.03,0.013,27.24,643,0.0031
2026-01-02 01:28:44.074609,28.55,3.77,0.055,38.04,699,0.0043
2026-01-02 01:29:44.074609,30.23,2.16,0.005,51.44,440,0.0041
2026-01-02 01:30:44.074609,28.11,5.2,0.017,52.82,583,0.0028
2026-01-02 01:31:44.074609,32.57,2.52,0.012,53.51,582,0.0102
2026-01-02 01:32:44.074609,27.73,1.57,0.057,63.87,349,0.0132
2026-01-02 01:33:44.074609,34.99,4.84,0.048,45.65,524,0.0275
2026-01-02 01:34:44.074609,26.1,1.44,0.033,53.65,418,0.0128
2026-01-02 01:35:44.074609,30.27,2.83,0.02,39.59,469,0.0108
2026-01-02 01:36:44.074609,25.78,3.4,0.007,53.67,599,0.0006
2026-01-02 01:37:44.074609,22.94,8.02,0.119,46.2,545,0.0167
2026-01-02 01:38:44.074609,28.65,6.29,0.042,34.86,430,0.004
2026-01-02 01:39:44.074609,21.43,1.9,0.032,49.34,547,0.0257
2026-01-02 01:40:44.074609,19.58,5.14,0.055,41.14,764,0.0021
2026-01-02 01:41:44.074609,25.98,1.29,0.069,49.34,455,0.0003
2026-01-02 01:42:44.074609,21.36,1.44,0.01,46.58,454,0.0181
2026-01-02 01:43:44.074609,32.55,1.72,0.02,41.9,535,0.0054
2026-01-02 01:44:44.074609,21.78,3.85,0.072,66.51,577,0.0274
2026-01-02 01:45:44.074609,22.17,4.79,0.047,31.18,456,0.0063
2026-01-02 01:46:44.074609,21.24,2.63,0.01,45.48,507,0.0066
2026-01-02 01:47:44.074609,31.2,1.44,0.014,48.05,640,0.0004
2026-01-02 01:48:44.074609,28.6,13.41,0.03,31.25,406,0.0019
2026-01-02 01:49:44.074609,30.6,6.21,0.033,43.93,430,0.0082
2026-01-02 01:50:44.074609,37.75,1.18,0.06,39.68,565,0.0039
2026-01-02 01:51:44.074609,41.27,2.02,0.045,40.16,472,0.0
2026-01-02 01:52:44.074609,26.8,1.32,0.079,44.19,551,0.0072
2026-01-02 01:53:44.074609,28.41,1.47,0.047,33.5,414,0.0043
2026-01-02 01:54:44.074609,26.0,1.57,0.023,28.06,429,0.0107
2026-01-02 01:55:44.074609,26.52,1.64,0.016,52.53,522,0.0061
2026-01-02 01:56:44.074609,33.65,1.49,0.03,46.71,491,0.0215
2026-01-02 01:57:44.074609,27.69,1.76,0.026,36.45,507,0.0041
2026-01-02 01:58:44.074609,33.31,1.7,0.081,39.21,725,0.0025
2026-01-02 01:59:44.074609,29.06,3.2,0.026,43.98,651,0.0042
2026-01-02 02:00:44.074609,28.14,1.59,0.044,57.42,596,0.0214
2026-01-02 02:01:44.074609,23.86,10.54,0.029,42.99,650,0.0079
2026-01-02 02:02:44.074609,33.65,1.69,0.07,47.39,636,0.0067
2026-01-02 02:03:44.074609,20.48,10.22,0.077,34.17,523,0.0018
2026-01-02 02:04:44.074609,39.14,12.51,0.024,44.85,401,0.0207
2026-01-02 02:05:44.074609,25.66,1.12,0.094,50.66,527,0.0085
2026-01-02 02:06:44.074609,33.17,6.03,0.077,46.31,596,0.0343
2026-01-02 02:07:44.074609,27.5,2.47,0.047,56.97,501,0.0205
2026-01-02 02:08:44.074609,23.71,1.72,0.028,43.91,567,0.0044
2026-01-02 02:09:44.074609,32.43,4.0,0.081,17.6,631,0.0076
2026-01-02 02:10:44.074609,26.41,2.24,0.054,49.6,672,0.0006
2026-01-02 02:11:44.074609,24.57,2.0,0.056,36.81,410,0.0075
2026-01-02 02:12:44.074609,21.43,1.73,0.108,43.88,416,0.0189
2026-01-02 02:13:44.074609,19.22,2.64,0.061,53.4,452,0.0006
2026-01-02 02:14:44.074609,30.34,1.81,0.028,52.63,641,0.0027
2026-01-02 02:15:44.074609,31.89,6.06,0.02,45.06,552,0.002
2026-01-02 02:16:44.074609,23.27,3.15,0.005,42.72,561,0.0239
2026-01-02 02:17:44.074609,25.1,8.18,0.037,44.67,559,0.0118
2026-01-02 02:18:44.074609,26.64,7.07,0.023,47.64,371,0.0101
2026-01-02 02:19:44.074609,23.32,10.58,0.051,50.71,513,0.0053
2026-01-02 02:20:44.074609,34.04,12.34,0.044,50.4,693,0.0
2026-01-02 02:21:44.074609,24.27,2.09,0.022,37.49,412,0.0004
2026-01-02 02:22:44.074609,26.54,4.36,0.039,65.52,414,0.0176
2026-01-02 02:23:44.074609,37.99,10.21,0.092,35.23,688,0.0019
2026-01-02 02:24:44.074609,22.19,3.47,0.199,52.88,503,0.0052
2026-01-02 02:25:44.074609,28.04,1.96,0.002,39.78,443,0.0159
2026-01-02 02:26:44.074609,31.96,2.02,0.011,44.37,521,0.0092
2026-01-02 02:27:44.074609,33.73,8.38,0.056,65.6,603,0.002
2026-01-02 02:28:44.074609,25.98,3.36,0.15,56.51,545,0.0106
2026-01-02 02:29:44.074609,23.24,2.98,0.061,39.67,520,0.0119
2026-01-02 02:30:44.074609,27.13,2.54,0.011,34.5,454,0.0011
2026-01-02 02:31:44.074609,25.02,1.69,0.018,24.98,561,0.0125
2026-01-02 02:32:44.074609,23.8,4.02,0.024,39.9,439,0.0075
2026-01-02 02:33:44.074609,26.76,3.62,0.037,36.4,549,0.0319
2026-01-02 02:34:44.074609,16.55,1.69,0.053,35.55,512,0.0002
2026-01-02 02:35:44.074609,28.85,4.65,0.011,32.57,398,0.0095
2026-01-02 02:36:44.074609,30.46,2.59,0.053,37.04,352,0.001
2026-01-02 02:37:44.074609,29.32,9.67,0.047,39.35,596,0.003
2026-01-02 02:38:44.074609,31.85,1.14,0.0,32.56,428,0.0006
2026-01-02 02:39:44.074609,26.56,8.39,0.008,43.53,734,0.0078
2026-01-02 02:40:44.074609,32.72,1.31,0.019,43.7,444,0.0021
2026-01-02 02:41:44.074609,37.46,3.28,0.028,50.79,608,0.0025
2026-01-02 02:42:44.074609,25.52,4.98,0.071,28.08,432,0.0064
2026-01-02 02:43:44.074609,27.15,3.1,0.095,44.21,457,0.0008
2026-01-02 02:44:44.074609,33.25,3.52,0.041,23.39,511,0.0021
2026-01-02 02:45:44.074609,27.52,3.43,0.087,43.05,585,0.0099
2026-01-02 02:46:44.074609,27.55,6.5,0.008,49.27,586,0.0019
2026-01-02 02:47:44.074609,27.28,2.13,0.055,39.98,457,0.0056
2026-01-02 02:48:44.074609,33.15,13.04,0.077,43.58,592,0.0027
2026-01-02 02:49:44.074609,36.39,1.35,0.016,38.41,491,0.0176
2026-01-02 02:50:44.074609,24.29,1.07,0.056,55.55,594,0.0112
2026-01-02 02:51:44.074609,22.06,3.61,0.033,40.09,457,0.0041
2026-01-02 02:52:44.074609,36.73,2.04,0.012,40.55,474,0.0043
2026-01-02 02:53:44.074609,22.99,4.31,0.063,56.58,552,0.0002
2026-01-02 02:54:44.074609,28.01,5.03,0.159,43.23,519,0.004
2026-01-02 02:55:44.074609,29.5,4.74,0.019,33.26,690,0.0055
2026-01-02 02:56:44.074609,29.66,6.77,0.074,46.71,438,0.0027
2026-01-02 02:57:44.074609,30.63,7.34,0.026,45.72,401,0.0076
2026-01-02 02:58:44.074609,23.24,1.36,0.04,36.4,629,0.001
2026-01-02 02:59:44.074609,19.32,3.31,0.09,45.87,654,0.0078
2026-01-02 03:00:44.074609,34.84,8.86,0.134,25.62,512,0.0062
2026-01-02 03:01:44.074609,30.21,3.08,0.005,33.69,490,0.0219
2026-01-02 03:02:44.074609,19.73,3.51,0.057,53.29,313,0.0059
2026-01-02 03:03:44.074609,25.24,3.04,0.018,46.46,522,0.002
2026-01-02 03:04:44.074609,27.03,2.12,0.036,42.57,605,0.0136
2026-01-02 03:05:44.074609,25.11,2.5,0.022,53.16,609,0.0083
2026-01-02 03:06:44.074609,21.05,2.72,0.039,41.91,365,0.007
2026-01-02 03:07:44.074609,26.03,7.07,0.052,49.48,461,0.003
2026-01-02 03:08:44.074609,31.42,2.44,0.022,30.26,396,0.0097
2026-01-02 03:09:44.074609,29.01,6.02,0.032,42.34,456,0.0002
2026-01-02 03:10:44.074609,30.86,3.9,0.031,54.06,515,0.035
2026-01-02 03:11:44.074609,34.59,1.26,0.009,51.56,452,0.0059
2026-01-02 03:12:44.074609,36.46,2.11,0.047,49.65,384,0.0019
2026-01-02 03:13:44.074609,26.47,1.79,0.11,40.21,391,0.0005
2026-01-02 03:14:44.074609,42.91,1.02,0.221,32.9,642,0.0064
2026-01-02 03:15:44.074609,22.87,4.14,0.107,32.33,539,0.0013
2026-01-02 03:16:44.074609,25.46,1.73,0.002,36.93,492,0.0321
2026-01-02 03:17:44.074609,29.35,9.13,0.012,50.0,549,0.0204
2026-01-02 03:18:44.074609,32.36,5.78,0.021,37.59,585,0.004
2026-01-02 03:19:44.074609,28.51,2.49,0.161,26.46,613,0.0193
2026-01-02 03:20:44.074609,23.8,2.72,0.024,48.33,519,0.0141
2026-01-02 03:21:44.074609,29.56,2.47,0.043,42.37,457,0.0153
2026-01-02 03:22:44.074609,29.96,3.72,0.112,42.05,378,0.0179
2026-01-02 03:23:44.074609,34.65,4.22,0.044,37.86,621,0.0027
2026-01-02 03:24:44.074609,28.08,2.75,0.008,30.23,556,0.0041
2026-01-02 03:25:44.074609,24.97,1.29,0.058,44.72,606,0.0119
2026-01-02 03:26:44.074609,26.35,1.02,0.048,46.26,481,0.0477
2026-01-02 03:27:44.074609,38.3,1.81,0.029,48.35,478,0.0031
2026-01-02 03:28:44.074609,28.79,2.77,0.062,51.53,481,0.001
2026-01-02 03:29:44.074609,35.39,1.77,0.053,36.13,640,0.004
2026-01-02 03:30:44.074609,28.85,3.69,0.034,28.86,742,0.0263
2026-01-02 03:31:44.074609,22.7,2.59,0.014,35.8,610,0.0178
2026-01-02 03:32:44.074609,28.48,1.99,0.04,28.37,350,0.0036
2026-01-02 03:33:44.074609,18.49,2.41,0.08,42.4,448,0.0063
2026-01-02 03:34:44.074609,32.29,7.21,0.003,42.63,532,0.0113
2026-01-02 03:35:44.074609,35.08,6.88,0.005,66.49,552,0.0167
2026-01-02 03:36:44.074609,16.04,1.73,0.081,32.59,459,0.0142
2026-01-02 03:37:44.074609,27.68,1.2,0.022,36.06,617,0.0052
2026-01-02 03:38:44.074609,39.14,2.68,0.013,51.08,494,0.019
2026-01-02 03:39:44.074609,27.75,3.32,0.076,52.49,480,0.0346
2026-01-02 03:40:44.074609,16.62,4.35,0.008,41.94,462,0.0146
2026-01-02 03:41:44.074609,25.11,8.59,0.106,30.22,270,0.0081
2026-01-02 03:42:44.074609,21.4,1.84,0.003,43.71,358,0.0068
2026-01-02 03:43:44.074609,35.8,1.78,0.027,35.0,597,0.0039
2026-01-02 03:44:44.074609,28.29,1.43,0.034,40.22,530,0.0055
2026-01-02 03:45:44.074609,17.08,6.6,0.046,43.4,275,0.0069
2026-01-02 03:46:44.074609,21.31,1.12,0.112,57.55,625,0.0188
2026-01-02 03:47:44.074609,25.74,3.85,0.058,61.01,198,0.0104
2026-01-02 03:48:44.074609,36.18,3.45,0.052,59.95,576,0.0103
2026-01-02 03:49:44.074609,38.47,2.79,0.014,47.17,538,0.0045
2026-01-02 03:50:44.074609,27.91,2.5,0.011,51.21,357,0.0116
2026-01-02 03:51:44.074609,33.32,2.76,0.017,44.19,474,0.0358
2026-01-02 03:52:44.074609,24.77,3.45,0.023,43.82,598,0.0038
2026-01-02 03:53:44.074609,27.74,5.67,0.01,57.23,529,0.0034
2026-01-02 03:54:44.074609,27.74,5.74,0.034,49.29,391,0.0009
2026-01-02 03:55:44.074609,26.95,1.77,0.007,47.15,509,0.0135
2026-01-02 03:56:44.074609,28.61,3.08,0.032,46.48,403,0.0028
2026-01-02 03:57:44.074609,21.37,5.62,0.007,42.22,444,0.0081
2026-01-02 03:58:44.074609,24.23,5.64,0.019,44.27,415,0.0138
2026-01-02 03:59:44.074609,23.71,9.83,0.154,38.15,445,0.0042
2026-01-02 04:00:44.074609,24.23,2.15,0.157,51.85,588,0.0021
2026-01-02 04:01:44.074609,25.4,4.21,0.053,42.93,471,0.0494
2026-01-02 04:02:44.074609,24.03,4.4,0.065,35.57,416,0.0027
2026-01-02 04:03:44.074609,29.26,2.19,0.086,31.85,485,0.0001
2026-01-02 04:04:44.074609,20.15,2.97,0.003,36.29,497,0.009
2026-01-02 04:05:44.074609,23.59,3.52,0.084,50.95,568,0.0211
2026-01-02 04:06:44.074609,30.85,9.33,0.026,58.97,533,0.0119
2026-01-02 04:07:44.074609,20.14,1.91,0.013,36.14,451,0.0135
2026-01-02 04:08:44.074609,28.83,4.55,0.014,52.07,364,0.0144
2026-01-02 04:09:44.074609,27.96,8.18,0.083,49.73,497,0.016
2026-01-02 04:10:44.074609,30.39,1.41,0.025,35.66,397,0.0013
2026-01-02 04:11:44.074609,22.4,3.67,0.015,39.66,491,0.0106
2026-01-02 04:12:44.074609,18.12,1.39,0.01,60.53,338,0.0028
2026-01-02 04:13:44.074609,23.1,1.11,0.032,44.82,397,0.0116
2026-01-02 04:14:44.074609,25.93,15.84,0.025,48.96,510,0.0178
2026-01-02 04:15:44.074609,36.81,1.41,0.036,42.4,422,0.0056
2026-01-02 04:16:44.074609,24.73,1.42,0.06,62.32,256,0.0016
2026-01-02 04:17:44.074609,28.86,13.6,0.005,34.3,568,0.0008
2026-01-02 04:18:44.074609,25.31,7.26,0.037,28.28,419,0.0035
2026-01-02 04:19:44.074609,31.28,4.86,0.055,41.53,435,0.0096
2026-01-02 04:20:44.074609,31.86,2.85,0.076,55.33,362,0.0214
2026-01-02 04:21:44.074609,23.81,3.18,0.021,43.49,534,0.0066
2026-01-02 04:22:44.074609,28.23,2.88,0.053,42.24,455,0.0251
2026-01-02 04:23:44.074609,30.99,5.34,0.092,34.74,537,0.0081
2026-01-02 04:24:44.074609,26.5,4.58,0.045,41.45,445,0.0168
2026-01-02 04:25:44.074609,33.49,3.18,0.024,48.82,459,0.0189
2026-01-02 04:26:44.074609,30.45,1.45,0.043,44.32,599,0.0137
2026-01-02 04:27:44.074609,30.94,8.78,0.03,53.05,440,0.0082
2026-01-02 04:28:44.074609,25.18,1.61,0.002,27.48,612,0.0225
2026-01-02 04:29:44.074609,21.02,4.41,0.072,49.33,608,0.0016
2026-01-02 04:30:44.074609,26.33,1.98,0.005,38.31,425,0.025
2026-01-02 04:31:44.074609,26.77,3.28,0.114,37.23,482,0.0104
2026-01-02 04:32:44.074609,23.39,2.3,0.016,52.02,512,0.0004
2026-01-02 04:33:44.074609,31.7,10.97,0.133,54.22,512,0.0023
2026-01-02 04:34:44.074609,36.29,3.36,0.072,46.65,522,0.0022
2026-01-02 04:35:44.074609,18.33,1.03,0.011,54.91,412,0.0322
2026-01-02 04:36:44.074609,22.08,2.43,0.0,38.66,464,0.0011
2026-01-02 04:37:44.074609,28.4,1.63,0.022,37.57,477,0.0247
2026-01-02 04:38:44.074609,33.41,3.07,0.025,43.24,510,0.0009
2026-01-02 04:39:44.074609,26.47,5.69,0.124,66.71,644,0.0069
2026-01-02 04:40:44.074609,18.3,12.99,0.089,42.9,535,0.0148
2026-01-02 04:41:44.074609,22.88,9.66,0.001,38.24,442,0.0043
2026-01-02 04:42:44.074609,31.98,1.73,0.044,58.08,373,0.0002
2026-01-02 04:43:44.074609,34.49,7.57,0.014,41.73,647,0.0034
2026-01-02 04:44:44.074609,29.75,2.58,0.037,48.77,396,0.0008
2026-01-02 04:45:44.074609,24.46,1.24,0.011,34.42,382,0.0112
2026-01-02 04:46:44.074609,36.09,3.67,0.013,44.72,620,0.0173
2026-01-02 04:47:44.074609,28.71,5.42,0.169,44.57,205,0.0141
2026-01-02 04:48:44.074609,36.33,7.37,0.166,55.45,438,0.0024
2026-01-02 04:49:44.074609,20.31,2.28,0.134,46.86,537,0.009
2026-01-02 04:50:44.074609,22.05,1.39,0.02,31.86,526,0.0161
2026-01-02 04:51:44.074609,26.44,5.13,0.017,31.6,503,0.0314
2026-01-02 04:52:44.074609,25.39,2.49,0.027,49.88,670,0.0367
2026-01-02 04:53:44.074609,31.12,4.61,0.066,48.14,398,0.0153
2026-01-02 04:54:44.074609,21.53,2.06,0.041,52.24,442,0.0012
2026-01-02 04:55:44.074609,29.49,1.62,0.039,56.63,404,0.0043
2026-01-02 04:56:44.074609,21.0,1.2,0.213,45.6,482,0.0046
2026-01-02 04:57:44.074609,20.21,4.36,0.065,58.46,430,0.0107
2026-01-02 04:58:44.074609,29.38,1.99,0.001,29.77,304,0.0063
2026-01-02 04:59:44.074609,21.79,2.14,0.003,56.13,565,0.0043
2026-01-02 05:00:44.074609,37.43,4.66,0.039,56.41,190,0.0101
2026-01-02 05:01:44.074609,20.51,1.46,0.009,54.63,589,0.0053
2026-01-02 05:02:44.074609,29.34,1.56,0.071,55.23,530,0.0002
2026-01-02 05:03:44.074609,25.51,3.06,0.032,46.79,576,0.0019
2026-01-02 05:04:44.074609,25.35,2.3,0.074,41.32,576,0.0088
2026-01-02 05:05:44.074609,26.62,1.3,0.019,42.2,465,0.0083
2026-01-02 05:06:44.074609,32.17,2.7,0.031,33.34,685,0.0006
2026-01-02 05:07:44.074609,35.01,1.31,0.004,44.54,545,0.0129
2026-01-02 05:08:44.074609,24.26,3.5,0.032,47.76,540,0.0167
2026-01-02 05:09:44.074609,30.29,2.84,0.1,56.12,564,0.0049
2026-01-02 05:10:44.074609,25.39,1.38,0.004,40.25,434,0.0067
2026-01-02 05:11:44.074609,32.23,3.21,0.039,17.33,473,0.0
2026-01-02 05:12:44.074609,27.55,1.31,0.005,35.55,565,0.0225
2026-01-02 05:13:44.074609,26.98,3.14,0.01,46.81,516,0.0191
2026-01-02 05:14:44.074609,28.21,2.7,0.071,40.48,653,0.0541
2026-01-02 05:15:44.074609,34.64,6.1,0.124,44.21,521,0.0016
2026-01-02 05:16:44.074609,26.97,1.26,0.028,43.96,628,0.0177
2026-01-02 05:17:44.074609,22.77,9.92,0.003,51.79,469,0.0069
2026-01-02 05:18:44.074609,30.91,2.65,0.009,33.65,447,0.0023
2026-01-02 05:19:44.074609,27.24,5.8,0.042,31.33,528,0.0117
2026-01-02 05:20:44.074609,31.95,4.3,0.03,40.45,520,0.0197
2026-01-02 05:21:44.074609,23.55,5.38,0.001,52.83,570,0.0168
2026-01-02 05:22:44.074609,31.77,1.01,0.035,36.92,548,0.0105
2026-01-02 05:23:44.074609,39.24,1.47,0.01,41.63,435,0.0026
2026-01-02 05:24:44.074609,23.49,2.51,0.053,59.73,466,0.0127
2026-01-02 05:25:44.074609,33.97,14.01,0.109,63.34,322,0.0035
2026-01-02 05:26:44.074609,20.74,1.5,0.007,37.12,394,0.0326
2026-01-02 05:27:44.074609,28.71,2.4,0.031,45.35,400,0.0015
2026-01-02 05:28:44.074609,24.48,9.71,0.216,32.15,468,0.0045
2026-01-02 05:29:44.074609,26.81,1.95,0.022,34.27,484,0.0409
2026-01-02 05:30:44.074609,22.73,2.2,0.105,51.19,612,0.0194
2026-01-02 05:31:44.074609,27.12,14.6,0.073,37.03,538,0.0143
2026-01-02 05:32:44.074609,31.3,3.22,0.129,48.41,532,0.0112
2026-01-02 05:33:44.074609,28.23,2.06,0.008,51.76,534,0.0168
2026-01-02 05:34:44.074609,29.38,4.11,0.023,45.72,731,0.0075
2026-01-02 05:35:44.074609,27.07,1.2,0.078,39.85,451,0.0004
2026-01-02 05:36:44.074609,27.67,3.85,0.082,62.69,298,0.0161
2026-01-02 05:37:44.074609,20.12,3.85,0.049,50.39,573,0.0348
2026-01-02 05:38:44.074609,35.32,1.66,0.151,64.94,544,0.001
2026-01-02 05:39:44.074609,34.81,4.68,0.002,39.11,413,0.0549
2026-01-02 05:40:44.074609,28.04,7.83,0.001,58.3,411,0.0058
2026-01-02 05:41:44.074609,20.41,2.17,0.028,57.54,523,0.0043
2026-01-02 05:42:44.074609,26.1,2.53,0.112,76.03,476,0.0313
2026-01-02 05:43:44.074609,30.13,2.4,0.023,44.73,479,0.0135
2026-01-02 05:44:44.074609,26.62,5.41,0.174,37.66,578,0.0004
2026-01-02 05:45:44.074609,30.83,3.64,0.012,42.2,552,0.0246
2026-01-02 05:46:44.074609,14.36,11.88,0.015,42.22,503,0.0053
2026-01-02 05:47:44.074609,26.62,1.12,0.09,37.84,436,0.0204
2026-01-02 05:48:44.074609,21.56,5.11,0.012,46.85,463,0.005
2026-01-02 05:49:44.074609,25.77,2.27,0.03,60.3,540,0.0005
2026-01-02 05:50:44.074609,28.87,3.23,0.002,55.11,491,0.0045
2026-01-02 05:51:44.074609,28.51,9.16,0.071,51.1,476,0.005
2026-01-02 05:52:44.074609,25.62,1.56,0.034,50.97,496,0.0057
2026-01-02 05:53:44.074609,26.02,3.06,0.021,48.48,332,0.0175
2026-01-02 05:54:44.074609,20.85,2.81,0.037,60.48,493,0.0016
2026-01-02 05:55:44.074609,19.88,7.06,0.02,50.93,596,0.002
2026-01-02 05:56:44.074609,18.3,2.01,0.027,48.69,282,0.0092
2026-01-02 05:57:44.074609,38.05,2.1,0.007,53.29,558,0.003
2026-01-02 05:58:44.074609,29.91,2.57,0.035,65.73,543,0.0004
2026-01-02 05:59:44.074609,26.16,2.89,0.088,46.23,383,0.042
2026-01-02 06:00:44.074609,26.61,7.6,0.074,32.51,465,0.0284
2026-01-02 06:01:44.074609,33.94,2.26,0.02,46.08,501,0.0015
2026-01-02 06:02:44.074609,29.35,1.74,0.033,44.52,441,0.0054
2026-01-02 06:03:44.074609,24.05,13.15,0.01,57.08,418,0.0132
2026-01-02 06:04:44.074609,28.49,16.75,0.086,37.24,783,0.018
2026-01-02 06:05:44.074609,24.88,1.28,0.016,38.36,555,0.0151
2026-01-02 06:06:44.074609,29.81,3.99,0.036,36.96,653,0.0184
2026-01-02 06:07:44.074609,34.02,3.3,0.108,55.62,433,0.015
2026-01-02 06:08:44.074609,19.83,3.04,0.11,32.65,354,0.022
2026-01-02 06:09:44.074609,34.74,2.21,0.016,15.91,418,0.0211
2026-01-02 06:10:44.074609,29.35,5.53,0.011,53.49,660,0.002
2026-01-02 06:11:44.074609,24.03,4.6,0.051,29.3,655,0.0142
2026-01-02 06:12:44.074609,28.53,3.89,0.077,52.88,465,0.0095
2026-01-02 06:13:44.074609,28.52,1.74,0.039,57.96,645,0.0065
2026-01-02 06:14:44.074609,22.29,6.43,0.057,34.51,568,0.0415
2026-01-02 06:15:44.074609,29.87,2.2,0.038,50.09,511,0.0016
2026-01-02 06:16:44.074609,21.36,3.42,0.052,44.67,253,0.0208
2026-01-02 06:17:44.074609,28.52,1.56,0.002,42.52,556,0.0052
2026-01-02 06:18:44.074609,23.78,7.18,0.037,47.05,472,0.0018
2026-01-02 06:19:44.074609,34.19,10.25,0.023,37.81,456,0.0165
2026-01-02 06:20:44.074609,30.05,4.21,0.011,37.53,459,0.0048
2026-01-02 06:21:44.074609,30.6,16.61,0.001,33.38,733,0.0246
2026-01-02 06:22:44.074609,34.63,3.12,0.039,27.65,478,0.0006
2026-01-02 06:23:44.074609,24.25,3.4,0.018,43.8,389,0.027
2026-01-02 06:24:44.074609,28.06,7.75,0.011,56.44,342,0.001
2026-01-02 06:25:44.074609,20.45,8.41,0.096,37.51,566,0.0267
2026-01-02 06:26:44.074609,41.81,9.08,0.174,49.6,696,0.0002
2026-01-02 06:27:44.074609,25.58,7.65,0.045,54.03,468,0.0012
2026-01-02 06:28:44.074609,34.79,2.71,0.031,35.51,512,0.0476
2026-01-02 06:29:44.074609,23.44,3.24,0.039,38.73,649,0.0073
2026-01-02 06:30:44.074609,25.68,3.82,0.064,45.59,460,0.0216
2026-01-02 06:31:44.074609,27.23,8.82,0.022,42.48,536,0.0022
2026-01-02 06:32:44.074609,27.33,1.2,0.098,44.17,609,0.0072
2026-01-02 06:33:44.074609,30.3,1.92,0.001,52.18,614,0.0226
2026-01-02 06:34:44.074609,27.14,10.39,0.106,30.44,710,0.0149
2026-01-02 06:35:44.074609,28.97,1.27,0.13,61.79,287,0.0099
2026-01-02 06:36:44.074609,23.7,4.36,0.012,39.92,581,0.0021
2026-01-02 06:37:44.074609,36.01,11.1,0.083,38.72,510,0.0034
2026-01-02 06:38:44.074609,23.35,6.28,0.056,48.28,124,0.0027
2026-01-02 06:39:44.074609,20.21,2.78,0.023,66.05,501,0.0041
2026-01-02 06:40:44.074609,25.49,1.0,0.018,37.69,348,0.0014
2026-01-02 06:41:44.074609,38.24,3.98,0.081,45.78,611,0.0166
2026-01-02 06:42:44.074609,12.1,2.67,0.06,25.45,344,0.0143
2026-01-02 06:43:44.074609,24.73,1.76,0.022,34.86,542,0.016
2026-01-02 06:44:44.074609,19.49,5.63,0.023,45.26,513,0.0051
2026-01-02 06:45:44.074609,30.32,5.15,0.011,52.5,612,0.007
2026-01-02 06:46:44.074609,26.96,4.45,0.044,40.1,577,0.0086
2026-01-02 06:47:44.074609,29.54,4.95,0.002,37.65,415,0.0013
2026-01-02 06:48:44.074609,37.09,2.63,0.011,26.94,368,0.0134
2026-01-02 06:49:44.074609,30.41,1.07,0.134,58.56,449,0.0087
2026-01-02 06:50:44.074609,30.43,2.89,0.027,43.46,596,0.0008
2026-01-02 06:51:44.074609,25.63,1.29,0.078,64.53,377,0.0001
2026-01-02 06:52:44.074609,28.24,2.65,0.007,51.61,409,0.0166
2026-01-02 06:53:44.074609,29.8,1.1,0.004,14.66,529,0.0135
2026-01-02 06:54:44.074609,18.39,3.79,0.025,47.75,462,0.0045
2026-01-02 06:55:44.074609,28.02,5.03,0.119,62.28,506,0.0072
2026-01-02 06:56:44.074609,32.0,1.93,0.137,34.33,487,0.0057
2026-01-02 06:57:44.074609,27.54,3.47,0.021,34.17,557,0.0046
2026-01-02 06:58:44.074609,30.07,5.29,0.033,41.84,474,0.0042
2026-01-02 06:59:44.074609,27.06,2.8,0.018,38.88,386,0.0153
2026-01-02 07:00:44.074609,28.77,2.21,0.045,50.98,533,0.0181
2026-01-02 07:01:44.074609,18.97,3.1,0.073,60.05,632,0.0057
2026-01-02 07:02:44.074609,24.47,2.21,0.026,30.32,496,0.0018
2026-01-02 07:03:44.074609,27.9,3.36,0.011,39.38,607,0.003
2026-01-02 07:04:44.074609,32.28,2.27,0.233,58.32,435,0.006
2026-01-02 07:05:44.074609,31.05,4.31,0.096,52.04,512,0.0027
2026-01-02 07:06:44.074609,31.14,2.53,0.071,34.43,549,0.0005
2026-01-02 07:07:44.074609,21.35,3.08,0.069,53.22,418,0.0021
2026-01-02 07:08:44.074609,28.18,1.74,0.015,46.73,784,0.0023
2026-01-02 07:09:44.074609,27.38,7.06,0.094,48.44,687,0.0021
2026-01-02 07:10:44.074609,28.07,4.5,0.016,42.06,520,0.0213
2026-01-02 07:11:44.074609,33.18,3.01,0.023,31.9,546,0.0004
2026-01-02 07:12:44.074609,28.34,8.53,0.047,40.42,621,0.0064
2026-01-02 07:13:44.074609,26.19,3.29,0.001,55.28,542,0.0126
2026-01-02 07:14:44.074609,21.92,3.62,0.008,24.74,423,0.0068
2026-01-02 07:15:44.074609,29.35,1.26,0.111,49.52,667,0.0015
2026-01-02 07:16:44.074609,26.43,4.33,0.013,41.79,495,0.0016
2026-01-02 07:17:44.074609,26.43,1.32,0.059,41.95,508,0.0015
2026-01-02 07:18:44.074609,25.67,9.71,0.135,50.55,366,0.0003
2026-01-02 07:19:44.074609,27.72,1.13,0.021,52.61,481,0.0111
2026-01-02 07:20:44.074609,23.57,2.9,0.024,41.72,451,0.0011
2026-01-02 07:21:44.074609,25.68,3.71,0.021,47.79,563,0.0061
2026-01-02 07:22:44.074609,20.66,2.53,0.045,25.7,491,0.0082
2026-01-02 07:23:44.074609,23.71,1.62,0.041,44.47,486,0.0087
2026-01-02 07:24:44.074609,23.55,1.48,0.073,49.14,525,0.0001
2026-01-02 07:25:44.074609,30.66,4.33,0.112,40.03,513,0.0084
2026-01-02 07:26:44.074609,24.14,1.11,0.036,32.74,543,0.0032
2026-01-02 07:27:44.074609,24.8,6.86,0.021,66.77,462,0.0003
2026-01-02 07:28:44.074609,28.94,1.96,0.016,50.7,586,0.04
2026-01-02 07:29:44.074609,23.97,4.6,0.376,61.59,598,0.0279
2026-01-02 07:30:44.074609,31.85,1.36,0.061,45.2,351,0.0114
2026-01-02 07:31:44.074609,30.67,1.89,0.02,30.49,627,0.006
2026-01-02 07:32:44.074609,13.46,3.04,0.018,48.54,368,0.0154
2026-01-02 07:33:44.074609,22.92,10.08,0.063,55.66,379,0.0074
2026-01-02 07:34:44.074609,22.05,1.25,0.006,50.22,438,0.0072
2026-01-02 07:35:44.074609,29.62,1.72,0.04,17.92,403,0.0029
2026-01-02 07:36:44.074609,23.03,2.43,0.085,66.32,566,0.0074
2026-01-02 07:37:44.074609,20.19,3.01,0.026,42.15,564,0.0014
2026-01-02 07:38:44.074609,31.46,1.28,0.119,56.43,511,0.0006
2026-01-02 07:39:44.074609,41.5,6.91,0.005,62.12,447,0.0201
2026-01-02 07:40:44.074609,19.52,9.38,0.246,55.29,452,0.0223
2026-01-02 07:41:44.074609,29.98,8.48,0.031,33.19,489,0.0047
2026-01-02 07:42:44.074609,22.3,3.59,0.029,29.34,758,0.0309
2026-01-02 07:43:44.074609,25.48,5.95,0.015,40.92,435,0.0003
2026-01-02 07:44:44.074609,32.16,3.18,0.011,52.0,627,0.0257
2026-01-02 07:45:44.074609,24.22,5.83,0.051,50.29,596,0.0085
2026-01-02 07:46:44.074609,30.2,2.88,0.051,36.0,442,0.0096
2026-01-02 07:47:44.074609,26.82,1.0,0.047,44.21,630,0.0047
2026-01-02 07:48:44.074609,23.58,3.0,0.026,32.07,635,0.0332
2026-01-02 07:49:44.074609,26.96,3.31,0.068,53.1,565,0.0126
2026-01-02 07:50:44.074609,29.31,19.48,0.021,50.16,586,0.0118
2026-01-02 07:51:44.074609,33.45,7.92,0.012,38.4,362,0.0456
2026-01-02 07:52:44.074609,36.27,2.96,0.013,60.44,381,0.0008
2026-01-02 07:53:44.074609,31.2,6.7,0.004,46.62,534,0.0002
2026-01-02 07:54:44.074609,25.65,1.8,0.071,58.87,542,0.0137
2026-01-02 07:55:44.074609,29.12,4.1,0.009,29.97,498,0.0006
2026-01-02 07:56:44.074609,29.92,9.31,0.044,47.4,689,0.018
2026-01-02 07:57:44.074609,23.06,4.67,0.025,44.42,579,0.005
2026-01-02 07:58:44.074609,30.36,3.49,0.013,67.2,482,0.025
2026-01-02 07:59:44.074609,34.9,3.73,0.131,38.98,336,0.0218
2026-01-02 08:00:44.074609,22.45,1.15,0.007,43.86,498,0.0051
2026-01-02 08:01:44.074609,30.05,4.41,0.033,33.32,511,0.0185
2026-01-02 08:02:44.074609,25.7,4.82,0.089,47.15,483,0.0039
2026-01-02 08:03:44.074609,28.43,1.79,0.015,49.82,594,0.0016
2026-01-02 08:04:44.074609,27.06,6.25,0.017,25.84,397,0.0162
2026-01-02 08:05:44.074609,38.28,3.93,0.008,48.13,461,0.0269
2026-01-02 08:06:44.074609,29.89,1.87,0.066,35.23,384,0.0037
2026-01-02 08:07:44.074609,29.52,7.44,0.018,61.03,607,0.0016
2026-01-02 08:08:44.074609,31.98,2.54,0.033,31.28,388,0.0116
2026-01-02 08:09:44.074609,31.35,9.2,0.042,35.5,434,0.02
2026-01-02 08:10:44.074609,28.44,2.01,0.048,45.6,529,0.0129
2026-01-02 08:11:44.074609,23.7,5.79,0.002,44.14,492,0.0072
2026-01-02 08:12:44.074609,27.94,3.73,0.031,40.8,292,0.0037
2026-01-02 08:13:44.074609,16.57,3.51,0.014,36.28,500,0.0022
2026-01-02 08:14:44.074609,29.17,2.94,0.101,32.42,518,0.017
2026-01-02 08:15:44.074609,19.65,6.28,0.051,35.92,526,0.0135
2026-01-02 08:16:44.074609,31.9,6.43,0.003,50.47,632,0.0007
2026-01-02 08:17:44.074609,22.83,4.99,0.04,45.17,369,0.0095
2026-01-02 08:18:44.074609,30.15,4.85,0.064,48.48,531,0.0008
2026-01-02 08:19:44.074609,34.64,3.07,0.011,34.13,283,0.0049
2026-01-02 08:20:44.074609,34.27,5.98,0.026,34.77,642,0.0279
2026-01-02 08:21:44.074609,32.69,5.36,0.024,49.46,364,0.0035
2026-01-02 08:22:44.074609,26.99,5.52,0.112,42.28,675,0.0009
2026-01-02 08:23:44.074609,26.64,2.87,0.047,39.48,600,0.0077
2026-01-02 08:24:44.074609,25.34,1.42,0.08,47.4,683,0.0072
2026-01-02 08:25:44.074609,28.88,8.27,0.005,38.37,545,0.0033
2026-01-02 08:26:44.074609,26.04,4.18,0.038,29.63,675,0.0036
2026-01-02 08:27:44.074609,31.99,4.1,0.014,56.76,305,0.0011
2026-01-02 08:28:44.074609,27.01,1.19,0.021,45.6,589,0.0025
2026-01-02 08:29:44.074609,24.17,1.93,0.013,51.3,297,0.0017
2026-01-02 08:30:44.074609,28.43,2.81,0.104,55.06,518,0.0022
2026-01-02 08:31:44.074609,29.0,2.87,0.054,32.96,565,0.0285
2026-01-02 08:32:44.074609,31.73,2.52,0.012,35.25,512,0.0034
2026-01-02 08:33:44.074609,24.96,1.35,0.002,31.96,612,0.0123
2026-01-02 08:34:44.074609,36.31,4.24,0.006,37.99,460,0.0185
2026-01-02 08:35:44.074609,23.22,2.25,0.17,51.44,629,0.0031
2026-01-02 08:36:44.074609,29.73,1.71,0.077,56.3,616,0.008
2026-01-02 08:37:44.074609,36.49,1.94,0.022,49.41,461,0.0079
2026-01-02 08:38:44.074609,31.64,4.64,0.475,25.95,328,0.0185
2026-01-02 08:39:44.074609,30.93,2.87,0.02,53.23,594,0.0215
2026-01-02 08:40:44.074609,29.01,1.34,0.028,49.14,496,0.0113
2026-01-02 08:41:44.074609,25.49,3.5,0.005,44.28,550,0.0062
2026-01-02 08:42:44.074609,31.19,2.68,0.114,35.08,416,0.028
2026-01-02 08:43:44.074609,30.19,1.65,0.008,49.72,427,0.0131
2026-01-02 08:44:44.074609,31.73,1.87,0.025,30.21,408,0.0012
2026-01-02 08:45:44.074609,14.47,4.56,0.085,43.03,450,0.0096
2026-01-02 08:46:44.074609,27.76,1.17,0.048,34.99,561,0.0171
2026-01-02 08:47:44.074609,31.62,8.39,0.019,28.13,574,0.0266
2026-01-02 08:48:44.074609,31.18,1.38,0.013,48.29,696,0.0009
2026-01-02 08:49:44.074609,28.45,6.74,0.061,26.74,492,0.0035
2026-01-02 08:50:44.074609,40.56,1.38,0.026,25.81,340,0.0005
2026-01-02 08:51:44.074609,34.26,1.24,0.143,67.02,633,0.0051
2026-01-02 08:52:44.074609,23.24,1.22,0.073,44.7,434,0.0128
2026-01-02 08:53:44.074609,20.2,5.27,0.077,39.99,479,0.0071
2026-01-02 08:54:44.074609,31.26,2.35,0.015,37.25,621,0.0056
2026-01-02 08:55:44.074609,36.24,8.5,0.055,37.8,651,0.0102
2026-01-02 08:56:44.074609,26.65,1.19,0.005,44.49,445,0.0175
2026-01-02 08:57:44.074609,22.25,8.21,0.091,29.59,377,0.0012
2026-01-02 08:58:44.074609,32.25,1.05,0.006,49.47,321,0.0007
2026-01-02 08:59:44.074609,26.18,4.0,0.048,42.27,338,0.0046
2026-01-02 09:00:44.074609,29.3,1.31,0.013,51.61,523,0.0103
2026-01-02 09:01:44.074609,29.12,1.87,0.025,38.53,414,0.0029
2026-01-02 09:02:44.074609,38.29,2.22,0.021,30.98,480,0.0167
2026-01-02 09:03:44.074609,25.17,2.37,0.106,39.97,320,0.0084
2026-01-02 09:04:44.074609,27.23,2.8,0.029,40.82,471,0.0005
2026-01-02 09:05:44.074609,35.89,2.4,0.057,52.68,531,0.0007
2026-01-02 09:06:44.074609,28.35,1.64,0.004,48.09,538,0.0085
2026-01-02 09:07:44.074609,26.29,2.06,0.041,40.94,476,0.0131
2026-01-02 09:08:44.074609,26.76,2.07,0.03,47.56,468,0.0083
2026-01-02 09:09:44.074609,27.44,9.51,0.111,54.36,570,0.0039
2026-01-02 09:10:44.074609,28.18,2.37,0.002,60.94,564,0.0149
2026-01-02 09:11:44.074609,26.48,1.58,0.054,33.42,424,0.019
2026-01-02 09:12:44.074609,22.11,2.84,0.001,36.4,498,0.0422
2026-01-02 09:13:44.074609,19.11,3.49,0.004,50.52,464,0.0039
2026-01-02 09:14:44.074609,32.11,1.11,0.053,22.32,694,0.0238
2026-01-02 09:15:44.074609,27.52,2.13,0.01,39.75,422,0.0116
2026-01-02 09:16:44.074609,31.09,2.29,0.036,56.73,500,0.0089
2026-01-02 09:17:44.074609,23.63,4.42,0.111,29.67,387,0.0031
2026-01-02 09:18:44.074609,23.47,1.75,0.011,41.44,457,0.0028
2026-01-02 09:19:44.074609,26.24,6.43,0.026,46.68,550,0.0173
2026-01-02 09:20:44.074609,18.75,5.52,0.11,42.38,495,0.0211
2026-01-02 09:21:44.074609,27.54,2.2,0.023,44.92,491,0.0219
2026-01-02 09:22:44.074609,26.22,1.08,0.026,44.11,467,0.0019
2026-01-02 09:23:44.074609,30.43,2.72,0.016,41.5,392,0.003
2026-01-02 09:24:44.074609,28.97,3.37,0.014,44.04,702,0.0148
2026-01-02 09:25:44.074609,20.64,1.49,0.083,33.58,490,0.0077
2026-01-02 09:26:44.074609,36.37,1.18,0.041,48.5,638,0.0031
2026-01-02 09:27:44.074609,21.1,3.36,0.033,59.07,646,0.0215
2026-01-02 09:28:44.074609,23.12,1.02,0.136,64.06,510,0.0194
2026-01-02 09:29:44.074609,34.39,1.59,0.009,43.77,585,0.0223
2026-01-02 09:30:44.074609,29.51,4.1,0.037,56.37,416,0.0076
2026-01-02 09:31:44.074609,19.09,11.04,0.042,60.57,667,0.0137
2026-01-02 09:32:44.074609,30.58,8.06,0.0,43.51,348,0.0006
2026-01-02 09:33:44.074609,14.65,1.14,0.02,49.29,521,0.0437
2026-01-02 09:34:44.074609,19.62,5.71,0.251,44.89,551,0.0119
2026-01-02 09:35:44.074609,26.7,5.97,0.035,35.35,603,0.0029
2026-01-02 09:36:44.074609,32.2,7.26,0.031,49.13,467,0.0054
2026-01-02 09:37:44.074609,29.2,2.44,0.083,61.12,320,0.0012
2026-01-02 09:38:44.074609,35.12,7.77,0.002,41.4,593,0.0102
2026-01-02 09:39:44.074609,35.8,5.25,0.037,48.82,634,0.0184
2026-01-02 09:40:44.074609,31.08,5.3,0.022,44.44,480,0.0014
2026-01-02 09:41:44.074609,25.48,1.16,0.058,38.65,550,0.0334
2026-01-02 09:42:44.074609,18.58,7.25,0.104,39.46,423,0.0008
2026-01-02 09:43:44.074609,18.78,1.84,0.234,48.56,564,0.0085
2026-01-02 09:44:44.074609,30.21,7.14,0.052,44.3,514,0.009
2026-01-02 09:45:44.074609,22.59,7.35,0.195,60.87,253,0.0064
2026-01-02 09:46:44.074609,26.73,6.75,0.052,45.55,440,0.0002
2026-01-02 09:47:44.074609,23.74,2.92,0.08,56.09,361,0.0041
2026-01-02 09:48:44.074609,24.62,19.92,0.087,32.19,399,0.0027
2026-01-02 09:49:44.074609,30.31,1.81,0.024,54.39,828,0.022
2026-01-02 09:50:44.074609,31.81,2.44,0.12,61.05,461,0.0266
2026-01-02 09:51:44.074609,26.88,2.69,0.051,30.53,363,0.0225
2026-01-02 09:52:44.074609,26.33,11.02,0.033,46.82,474,0.0119
2026-01-02 09:53:44.074609,31.98,12.17,0.041,41.94,324,0.0088
2026-01-02 09:54:44.074609,30.64,2.74,0.018,44.45,490,0.0022
2026-01-02 09:55:44.074609,40.01,3.81,0.025,54.4,619,0.0065
2026-01-02 09:56:44.074609,25.95,14.21,0.029,40.6,514,0.0106
2026-01-02 09:57:44.074609,19.62,3.49,0.009,66.92,325,0.0015
2026-01-02 09:58:44.074609,25.31,4.45,0.019,47.66,563,0.0104
2026-01-02 09:59:44.074609,24.27,9.06,0.049,45.77,501,0.0124
2026-01-02 10:00:44.074609,32.44,1.17,0.05,80.0,1426,0.0147
2026-01-02 10:01:44.074609,30.29,4.51,0.021,80.0,554,0.0039
2026-01-02 10:02:44.074609,30.71,4.11,0.007,80.0,1328,0.0045
2026-01-02 10:03:44.074609,32.49,1.14,0.145,61.64,1005,0.0125
2026-01-02 10:04:44.074609,37.35,3.43,0.006,80.0,1435,0.0133
2026-01-02 10:05:44.074609,46.9,2.08,0.011,80.0,685,0.0049
2026-01-02 10:06:44.074609,41.29,4.35,0.059,80.0,1159,0.0053
2026-01-02 10:07:44.074609,29.94,1.16,0.279,80.0,1152,0.0002
2026-01-02 10:08:44.074609,32.64,4.81,0.029,80.0,1348,0.0152
2026-01-02 10:09:44.074609,31.85,4.44,0.021,80.0,1607,0.0263
2026-01-02 10:10:44.074609,26.73,3.97,0.078,80.0,1111,0.0076
2026-01-02 10:11:44.074609,34.12,2.03,0.078,80.0,1209,0.002
2026-01-02 10:12:44.074609,39.83,4.12,0.247,80.0,1275,0.0002
2026-01-02 10:13:44.074609,24.91,6.03,0.093,80.0,1039,0.0027
2026-01-02 10:14:44.074609,23.95,8.17,0.035,80.0,1697,0.01
2026-01-02 10:15:44.074609,21.42,4.02,0.045,80.0,1054,0.0046
2026-01-02 10:16:44.074609,28.37,2.61,0.05,80.0,1097,0.007
2026-01-02 10:17:44.074609,41.5,1.83,0.045,80.0,1202,0.0022
2026-01-02 10:18:44.074609,33.07,1.02,0.061,80.0,1433,0.0263
2026-01-02 10:19:44.074609,32.7,2.27,0.022,80.0,696,0.0
2026-01-02 10:20:44.074609,36.36,4.95,0.07,80.0,1561,0.0074
2026-01-02 10:21:44.074609,24.83,1.25,0.07,80.0,1342,0.0006
2026-01-02 10:22:44.074609,31.32,3.63,0.021,80.0,1503,0.003
2026-01-02 10:23:44.074609,29.07,1.05,0.025,80.0,937,0.0057
2026-01-02 10:24:44.074609,36.16,1.18,0.044,80.0,1621,0.0055
2026-01-02 10:25:44.074609,30.85,3.26,0.149,80.0,1291,0.0075
2026-01-02 10:26:44.074609,26.83,3.18,0.103,80.0,1576,0.0002
2026-01-02 10:27:44.074609,26.05,3.88,0.009,80.0,1120,0.0061
2026-01-02 10:28:44.074609,15.14,11.94,0.002,80.0,1395,0.0159
2026-01-02 10:29:44.074609,22.01,7.34,0.113,56.76,1070,0.0069
2026-01-02 10:30:44.074609,27.34,7.92,0.019,80.0,1490,0.0151
2026-01-02 10:31:44.074609,18.64,11.24,0.047,80.0,1033,0.0111
2026-01-02 10:32:44.074609,39.22,1.89,0.014,80.0,1706,0.0115
2026-01-02 10:33:44.074609,35.34,2.76,0.045,74.32,1506,0.0164
2026-01-02 10:34:44.074609,25.03,1.9,0.018,80.0,1512,0.0122
2026-01-02 10:35:44.074609,25.39,2.51,0.015,80.0,1369,0.001
2026-01-02 10:36:44.074609,25.92,9.33,0.088,80.0,1176,0.0017
2026-01-02 10:37:44.074609,38.42,1.85,0.056,80.0,1381,0.0025
2026-01-02 10:38:44.074609,25.76,1.21,0.033,80.0,1058,0.0027
2026-01-02 10:39:44.074609,36.34,2.01,0.024,64.93,1134,0.0009
2026-01-02 10:40:44.074609,34.09,2.19,0.028,58.17,1431,0.0156
2026-01-02 10:41:44.074609,30.76,2.45,0.052,80.0,1252,0.0433
2026-01-02 10:42:44.074609,34.55,2.08,0.002,80.0,965,0.0038
2026-01-02 10:43:44.074609,30.32,2.24,0.007,80.0,1412,0.0036
2026-01-02 10:44:44.074609,29.11,4.75,0.047,74.8,1144,0.0046
2026-01-02 10:45:44.074609,20.36,1.73,0.006,80.0,1210,0.0098
2026-01-02 10:46:44.074609,37.58,3.02,0.103,80.0,1949,0.0258
2026-01-02 10:47:44.074609,27.58,1.59,0.077,80.0,1291,0.0081
2026-01-02 10:48:44.074609,38.98,4.0,0.029,80.0,1330,0.0325
2026-01-02 10:49:44.074609,35.64,2.14,0.009,80.0,1684,0.01
2026-01-02 10:50:44.074609,25.16,2.45,0.048,80.0,1174,0.0079
2026-01-02 10:51:44.074609,32.74,15.44,0.003,80.0,1025,0.0017
2026-01-02 10:52:44.074609,31.13,2.45,0.008,80.0,900,0.0076
2026-01-02 10:53:44.074609,34.15,1.0,0.072,80.0,1266,0.0233
2026-01-02 10:54:44.074609,41.74,8.17,0.037,80.0,951,0.002
2026-01-02 10:55:44.074609,33.01,1.33,0.2,80.0,1424,0.0005
2026-01-02 10:56:44.074609,34.13,3.11,0.06,80.0,1378,0.017
2026-01-02 10:57:44.074609,37.68,1.53,0.016,80.0,1218,0.0048
2026-01-02 10:58:44.074609,28.61,5.91,0.053,80.0,1047,0.0005
2026-01-02 10:59:44.074609,34.07,4.08,0.074,80.0,1639,0.0115
2026-01-02 11:00:44.074609,27.0,10.92,0.012,80.0,1525,0.0661
2026-01-02 11:01:44.074609,31.94,2.27,0.037,76.84,787,0.002
2026-01-02 11:02:44.074609,36.37,2.17,0.003,80.0,1396,0.0169
2026-01-02 11:03:44.074609,36.7,2.98,0.043,80.0,1686,0.0084
2026-01-02 11:04:44.074609,30.87,1.95,0.008,80.0,1868,0.001
2026-01-02 11:05:44.074609,33.44,6.26,0.004,50.73,1513,0.0105
2026-01-02 11:06:44.074609,28.16,2.03,0.093,80.0,245,0.0375
2026-01-02 11:07:44.074609,30.3,1.45,0.02,80.0,1402,0.0205
2026-01-02 11:08:44.074609,30.35,3.15,0.042,80.0,1413,0.0017
2026-01-02 11:09:44.074609,36.2,4.8,0.021,80.0,825,0.0707
2026-01-02 11:10:44.074609,36.15,5.14,0.048,80.0,943,0.0042
2026-01-02 11:11:44.074609,30.74,9.0,0.049,80.0,1023,0.0035
2026-01-02 11:12:44.074609,26.15,3.58,0.039,80.0,1232,0.0038
2026-01-02 11:13:44.074609,27.59,5.58,0.055,80.0,1199,0.011
2026-01-02 11:14:44.074609,43.68,1.25,0.095,80.0,1376,0.0008
2026-01-02 11:15:44.074609,28.55,5.06,0.02,80.0,1464,0.0312
2026-01-02 11:16:44.074609,31.16,8.85,0.015,80.0,998,0.0058
2026-01-02 11:17:44.074609,24.98,3.91,0.072,75.44,1446,0.0003
2026-01-02 11:18:44.074609,34.93,1.15,0.078,80.0,1509,0.0005
2026-01-02 11:19:44.074609,35.92,6.88,0.124,79.47,2024,0.0179
2026-01-02 11:20:44.074609,31.43,3.31,0.036,80.0,1274,0.024
2026-01-02 11:21:44.074609,32.06,6.54,0.006,74.9,1110,0.0165
2026-01-02 11:22:44.074609,34.48,3.84,0.011,80.0,1177,0.01
2026-01-02 11:23:44.074609,36.86,3.2,0.035,80.0,1278,0.0163
2026-01-02 11:24:44.074609,23.05,1.73,0.037,80.0,1053,0.0083
2026-01-02 11:25:44.074609,39.44,3.39,0.024,80.0,1426,0.0054
2026-01-02 11:26:44.074609,32.85,2.13,0.025,80.0,1221,0.0069
2026-01-02 11:27:44.074609,47.66,2.35,0.047,80.0,1117,0.0348
2026-01-02 11:28:44.074609,31.86,4.67,0.02,80.0,1479,0.012
2026-01-02 11:29:44.074609,34.25,7.43,0.171,80.0,1403,0.0128
2026-01-02 11:30:44.074609,30.73,1.22,0.057,80.0,1320,0.0047
2026-01-02 11:31:44.074609,30.03,2.21,0.003,80.0,1585,0.0023
2026-01-02 11:32:44.074609,31.83,3.25,0.011,80.0,987,0.0008
2026-01-02 11:33:44.074609,28.57,1.34,0.04,80.0,1150,0.0085
2026-01-02 11:34:44.074609,31.73,6.47,0.064,80.0,996,0.0112
2026-01-02 11:35:44.074609,34.67,4.01,0.057,80.0,1391,0.004
2026-01-02 11:36:44.074609,37.93,2.41,0.114,80.0,1266,0.051
2026-01-02 11:37:44.074609,27.85,2.77,0.019,80.0,1128,0.0048
2026-01-02 11:38:44.074609,21.02,4.01,0.084,80.0,1077,0.011
2026-01-02 11:39:44.074609,35.52,1.05,0.096,80.0,1833,0.001
2026-01-02 11:40:44.074609,33.77,2.7,0.013,80.0,828,0.0167
2026-01-02 11:41:44.074609,34.78,3.33,0.028,80.0,1263,0.0029
2026-01-02 11:42:44.074609,33.97,1.78,0.047,80.0,1252,0.0177
2026-01-02 11:43:44.074609,37.52,1.21,0.022,80.0,1054,0.006
2026-01-02 11:44:44.074609,28.2,2.32,0.057,80.0,1330,0.0006
2026-01-02 11:45:44.074609,32.07,9.53,0.011,80.0,1246,0.006
2026-01-02 11:46:44.074609,27.62,2.21,0.158,80.0,1505,0.0018
2026-01-02 11:47:44.074609,36.93,2.66,0.129,80.0,1119,0.0007
2026-01-02 11:48:44.074609,26.58,5.76,0.049,80.0,1125,0.0004
2026-01-02 11:49:44.074609,30.16,1.85,0.015,80.0,1260,0.0131
2026-01-02 11:50:44.074609,37.92,1.11,0.023,78.5,1227,0.0013
2026-01-02 11:51:44.074609,29.84,10.53,0.004,80.0,1304,0.0383
2026-01-02 11:52:44.074609,31.66,2.91,0.009,80.0,1207,0.0243
2026-01-02 11:53:44.074609,39.88,5.04,0.054,80.0,1381,0.0076
2026-01-02 11:54:44.074609,37.05,1.81,0.068,65.92,1189,0.0162
2026-01-02 11:55:44.074609,33.58,1.54,0.052,80.0,1340,0.001
2026-01-02 11:56:44.074609,29.82,4.2,0.078,80.0,1216,0.019
2026-01-02 11:57:44.074609,24.68,7.62,0.171,80.0,1237,0.0079
2026-01-02 11:58:44.074609,26.43,1.29,0.024,80.0,762,0.0108
2026-01-02 11:59:44.074609,26.58,6.03,0.057,80.0,1218,0.0224
2026-01-02 12:00:44.074609,37.35,7.02,0.029,80.0,1206,0.0126
2026-01-02 12:01:44.074609,25.55,2.03,0.173,80.0,1094,0.0123
2026-01-02 12:02:44.074609,29.52,4.97,0.017,80.0,782,0.0002
2026-01-02 12:03:44.074609,27.14,6.77,0.081,80.0,933,0.0073
2026-01-02 12:04:44.074609,38.55,2.77,0.021,80.0,1550,0.0179
2026-01-02 12:05:44.074609,31.64,3.14,0.037,80.0,1425,0.0009
2026-01-02 12:06:44.074609,25.54,3.56,0.042,80.0,1465,0.0015
2026-01-02 12:07:44.074609,25.94,1.68,0.002,80.0,1035,0.0063
2026-01-02 12:08:44.074609,31.42,9.11,0.064,80.0,1327,0.0003
2026-01-02 12:09:44.074609,32.88,3.37,0.158,80.0,1409,0.0044
2026-01-02 12:10:44.074609,34.08,3.42,0.048,80.0,794,0.0027
2026-01-02 12:11:44.074609,29.05,5.03,0.124,80.0,1777,0.0011
2026-01-02 12:12:44.074609,27.34,8.04,0.042,80.0,1406,0.003
2026-01-02 12:13:44.074609,34.79,1.28,0.057,80.0,1043,0.0041
2026-01-02 12:14:44.074609,36.0,1.11,0.089,80.0,1501,0.0043
2026-01-02 12:15:44.074609,32.01,4.89,0.122,80.0,1441,0.0137
2026-01-02 12:16:44.074609,34.61,3.99,0.028,80.0,1432,0.0051
2026-01-02 12:17:44.074609,29.76,3.35,0.016,80.0,1287,0.0019
2026-01-02 12:18:44.074609,21.78,5.83,0.033,80.0,1308,0.0039
2026-01-02 12:19:44.074609,39.24,5.41,0.013,80.0,904,0.0444
2026-01-02 12:20:44.074609,35.16,10.12,0.041,80.0,1407,0.0128
2026-01-02 12:21:44.074609,41.94,6.68,0.055,80.0,1028,0.0046
2026-01-02 12:22:44.074609,36.1,1.48,0.035,80.0,1248,0.0094
2026-01-02 12:23:44.074609,27.23,6.34,0.048,80.0,979,0.008
2026-01-02 12:24:44.074609,37.74,4.02,0.044,80.0,1257,0.0357
2026-01-02 12:25:44.074609,27.97,2.67,0.014,80.0,807,0.0143
2026-01-02 12:26:44.074609,26.85,6.36,0.185,80.0,1783,0.0036
2026-01-02 12:27:44.074609,26.99,2.58,0.24,80.0,1399,0.0043
2026-01-02 12:28:44.074609,25.87,2.83,0.008,80.0,1197,0.0076
2026-01-02 12:29:44.074609,31.9,3.51,0.064,80.0,790,0.001
2026-01-02 12:30:44.074609,23.34,3.23,0.036,80.0,1194,0.0179
2026-01-02 12:31:44.074609,27.45,3.92,0.004,80.0,1019,0.0014
2026-01-02 12:32:44.074609,40.73,6.94,0.048,80.0,1230,0.0077
2026-01-02 12:33:44.074609,32.29,11.69,0.007,80.0,1591,0.0075
2026-01-02 12:34:44.074609,33.21,1.29,0.044,80.0,1430,0.0143
2026-01-02 12:35:44.074609,35.62,1.73,0.026,80.0,1267,0.0037
2026-01-02 12:36:44.074609,26.14,1.77,0.035,80.0,1382,0.0337
2026-01-02 12:37:44.074609,33.51,2.67,0.02,80.0,1609,0.0002
2026-01-02 12:38:44.074609,33.34,11.46,0.083,80.0,1447,0.0049
2026-01-02 12:39:44.074609,27.29,7.87,0.01,80.0,1360,0.0038
2026-01-02 12:40:44.074609,20.07,2.66,0.034,80.0,1539,0.0045
2026-01-02 12:41:44.074609,27.89,3.18,0.069,75.4,1176,0.0048
2026-01-02 12:42:44.074609,28.75,2.34,0.025,80.0,1514,0.007
2026-01-02 12:43:44.074609,23.01,4.8,0.04,80.0,1585,0.0028
2026-01-02 12:44:44.074609,29.81,7.44,0.041,80.0,1319,0.017
2026-01-02 12:45:44.074609,40.28,2.7,0.04,80.0,1365,0.0
2026-01-02 12:46:44.074609,28.03,2.0,0.044,80.0,1368,0.0071
2026-01-02 12:47:44.074609,42.39,3.07,0.047,80.0,1196,0.0049
2026-01-02 12:48:44.074609,36.66,1.01,0.048,80.0,1126,0.0163
2026-01-02 12:49:44.074609,20.66,5.63,0.016,80.0,1424,0.0019
2026-01-02 12:50:44.074609,40.45,8.07,0.011,80.0,1089,0.0001
2026-01-02 12:51:44.074609,36.92,5.72,0.015,80.0,1742,0.0058
2026-01-02 12:52:44.074609,26.95,4.59,0.05,80.0,1162,0.0128
2026-01-02 12:53:44.074609,25.24,1.94,0.025,80.0,1017,0.0164
2026-01-02 12:54:44.074609,26.56,4.05,0.042,80.0,1245,0.0021
2026-01-02 12:55:44.074609,23.9,1.68,0.02,80.0,1449,0.0044
2026-01-02 12:56:44.074609,27.58,2.96,0.169,80.0,1014,0.0141
2026-01-02 12:57:44.074609,31.28,2.29,0.074,74.31,1136,0.0151
2026-01-02 12:58:44.074609,45.7,1.8,0.07,80.0,1591,0.0401
2026-01-02 12:59:44.074609,40.7,1.53,0.197,79.68,1505,0.0007
2026-01-02 13:00:44.074609,36.39,5.32,0.075,80.0,1499,0.0067
2026-01-02 13:01:44.074609,30.8,1.84,0.021,80.0,1130,0.0008
2026-01-02 13:02:44.074609,27.52,8.57,0.038,80.0,665,0.0099
2026-01-02 13:03:44.074609,29.98,1.48,0.001,80.0,1144,0.0009
2026-01-02 13:04:44.074609,31.81,2.97,0.026,80.0,1763,0.0272
2026-01-02 13:05:44.074609,43.13,7.8,0.008,80.0,1160,0.0015
2026-01-02 13:06:44.074609,29.7,3.16,0.019,80.0,1238,0.0017
2026-01-02 13:07:44.074609,25.48,2.15,0.037,80.0,1215,0.0007
2026-01-02 13:08:44.074609,34.77,2.47,0.008,80.0,916,0.0007
2026-01-02 13:09:44.074609,45.67,2.64,0.001,80.0,1078,0.0064
2026-01-02 13:10:44.074609,38.11,2.48,0.021,80.0,1221,0.022
2026-01-02 13:11:44.074609,26.12,3.68,0.111,80.0,1049,0.0202
2026-01-02 13:12:44.074609,34.1,2.08,0.03,80.0,1272,0.0268
2026-01-02 13:13:44.074609,31.94,2.96,0.046,69.11,1436,0.0028
2026-01-02 13:14:44.074609,31.03,1.96,0.127,80.0,1072,0.0114
2026-01-02 13:15:44.074609,43.4,1.57,0.096,80.0,1178,0.0008
2026-01-02 13:16:44.074609,24.74,3.36,0.055,80.0,1267,0.0065
2026-01-02 13:17:44.074609,44.07,2.58,0.091,80.0,1307,0.0128
2026-01-02 13:18:44.074609,23.01,8.03,0.108,80.0,1284,0.005
2026-01-02 13:19:44.074609,36.89,9.01,0.113,80.0,1212,0.0073
2026-01-02 13:20:44.074609,34.25,5.53,0.041,80.0,1297,0.0125
2026-01-02 13:21:44.074609,31.07,6.83,0.039,80.0,1022,0.005
2026-01-02 13:22:44.074609,29.97,4.97,0.127,80.0,928,0.0017
2026-01-02 13:23:44.074609,31.95,4.07,0.048,80.0,1035,0.0131
2026-01-02 13:24:44.074609,31.95,3.76,0.054,80.0,1309,0.0152
2026-01-02 13:25:44.074609,25.45,2.84,0.077,80.0,1282,0.007
2026-01-02 13:26:44.074609,29.73,2.38,0.006,80.0,1539,0.0031
2026-01-02 13:27:44.074609,36.03,2.35,0.051,80.0,1463,0.0026
2026-01-02 13:28:44.074609,27.11,1.52,0.076,80.0,1393,0.0012
2026-01-02 13:29:44.074609,34.15,2.19,0.054,80.0,1255,0.0002
2026-01-02 13:30:44.074609,24.57,2.49,0.004,48.46,1046,0.0059
2026-01-02 13:31:44.074609,30.43,5.24,0.023,80.0,1035,0.0055
2026-01-02 13:32:44.074609,40.11,3.49,0.15,80.0,1282,0.0458
2026-01-02 13:33:44.074609,13.05,4.11,0.041,76.38,1475,0.0137
2026-01-02 13:34:44.074609,33.27,3.06,0.031,80.0,1778,0.0061
2026-01-02 13:35:44.074609,39.51,1.98,0.037,80.0,1061,0.0318
2026-01-02 13:36:44.074609,29.4,6.79,0.004,80.0,1574,0.0527
2026-01-02 13:37:44.074609,24.77,3.52,0.09,80.0,1403,0.0006
2026-01-02 13:38:44.074609,25.63,8.54,0.004,80.0,1466,0.0059
2026-01-02 13:39:44.074609,25.83,3.12,0.038,80.0,1933,0.0002
2026-01-02 13:40:44.074609,34.8,4.73,0.062,80.0,1005,0.0084
2026-01-02 13:41:44.074609,27.65,3.95,0.016,80.0,1638,0.0122
2026-01-02 13:42:44.074609,31.5,1.38,0.045,80.0,1446,0.0149
2026-01-02 13:43:44.074609,25.11,8.09,0.022,80.0,1287,0.0013
2026-01-02 13:44:44.074609,27.23,5.78,0.051,80.0,1347,0.0012
2026-01-02 13:45:44.074609,39.47,2.62,0.179,80.0,1356,0.02
2026-01-02 13:46:44.074609,27.16,3.31,0.017,79.26,935,0.004
2026-01-02 13:47:44.074609,34.97,7.92,0.018,77.35,1354,0.0135
2026-01-02 13:48:44.074609,28.84,9.01,0.009,80.0,963,0.0095
2026-01-02 13:49:44.074609,46.75,1.6,0.033,80.0,1047,0.0114
2026-01-02 13:50:44.074609,43.14,2.8,0.02,80.0,832,0.0002
2026-01-02 13:51:44.074609,37.02,2.31,0.002,80.0,1170,0.0134
2026-01-02 13:52:44.074609,25.53,2.04,0.043,80.0,1196,0.004
2026-01-02 13:53:44.074609,35.87,1.38,0.009,80.0,1529,0.0043
2026-01-02 13:54:44.074609,34.39,3.71,0.009,80.0,1600,0.0169
2026-01-02 13:55:44.074609,36.53,2.01,0.01,80.0,1573,0.0008
2026-01-02 13:56:44.074609,26.4,3.51,0.028,80.0,1166,0.01
2026-01-02 13:57:44.074609,26.18,7.86,0.031,80.0,1626,0.024
2026-01-02 13:58:44.074609,26.71,1.08,0.03,73.03,1490,0.0148
2026-01-02 13:59:44.074609,25.81,10.47,0.031,80.0,1417,0.0033
2026-01-02 14:00:44.074609,25.35,1.93,0.106,80.0,877,0.0013
2026-01-02 14:01:44.074609,45.39,6.67,0.013,80.0,1110,0.0113
2026-01-02 14:02:44.074609,35.43,2.69,0.006,80.0,1427,0.0019
2026-01-02 14:03:44.074609,39.83,1.8,0.01,80.0,1246,0.0056
2026-01-02 14:04:44.074609,29.56,1.8,0.003,80.0,1163,0.0126
2026-01-02 14:05:44.074609,30.76,14.94,0.015,80.0,709,0.0044
2026-01-02 14:06:44.074609,28.62,6.54,0.069,80.0,1230,0.0567
2026-01-02 14:07:44.074609,42.62,2.57,0.04,80.0,1053,0.0157
2026-01-02 14:08:44.074609,28.31,1.19,0.004,80.0,775,0.0052
2026-01-02 14:09:44.074609,34.65,1.81,0.015,80.0,580,0.0034
2026-01-02 14:10:44.074609,29.42,5.94,0.033,80.0,1384,0.0076
2026-01-02 14:11:44.074609,33.05,5.55,0.073,63.02,1589,0.0284
2026-01-02 14:12:44.074609,24.88,3.95,0.008,80.0,1327,0.0206
2026-01-02 14:13:44.074609,16.3,1.18,0.024,80.0,1440,0.005
2026-01-02 14:14:44.074609,30.97,2.68,0.043,80.0,1214,0.0002
2026-01-02 14:15:44.074609,35.77,1.34,0.012,80.0,1541,0.0031
2026-01-02 14:16:44.074609,28.18,7.41,0.003,80.0,1418,0.0108
2026-01-02 14:17:44.074609,39.03,1.55,0.003,80.0,1514,0.0141
2026-01-02 14:18:44.074609,29.3,3.18,0.042,80.0,1536,0.0063
2026-01-02 14:19:44.074609,23.16,3.89,0.043,80.0,852,0.0052
2026-01-02 14:20:44.074609,25.82,3.56,0.028,80.0,1051,0.0076
2026-01-02 14:21:44.074609,30.09,7.49,0.07,80.0,1360,0.0008
2026-01-02 14:22:44.074609,30.14,10.75,0.014,80.0,1202,0.0044
2026-01-02 14:23:44.074609,40.13,6.54,0.026,80.0,967,0.0005
2026-01-02 14:24:44.074609,29.84,4.08,0.003,80.0,1676,0.0022
2026-01-02 14:25:44.074609,22.95,2.73,0.08,80.0,957,0.0129
2026-01-02 14:26:44.074609,30.46,1.62,0.067,43.41,941,0.0191
2026-01-02 14:27:44.074609,35.72,1.06,0.039,80.0,1441,0.0143
2026-01-02 14:28:44.074609,40.21,4.88,0.059,80.0,1518,0.0051
2026-01-02 14:29:44.074609,42.53,7.27,0.016,80.0,1387,0.0086
2026-01-02 14:30:44.074609,29.99,1.59,0.054,80.0,1417,0.0209
2026-01-02 14:31:44.074609,37.46,2.2,0.003,80.0,813,0.0126
2026-01-02 14:32:44.074609,30.11,10.45,0.059,80.0,1497,0.0148
2026-01-02 14:33:44.074609,34.3,3.13,0.049,80.0,988,0.0166
2026-01-02 14:34:44.074609,36.55,10.01,0.031,80.0,1473,0.0109
2026-01-02 14:35:44.074609,37.61,2.79,0.003,80.0,1364,0.0189
2026-01-02 14:36:44.074609,36.93,1.45,0.002,80.0,1365,0.0123
2026-01-02 14:37:44.074609,33.62,7.6,0.028,80.0,904,0.0009
2026-01-02 14:38:44.074609,18.17,7.68,0.102,80.0,1411,0.011
2026-01-02 14:39:44.074609,35.86,6.33,0.139,80.0,853,0.0006
2026-01-02 14:40:44.074609,40.15,4.4,0.02,80.0,1162,0.0243
2026-01-02 14:41:44.074609,30.04,2.47,0.014,80.0,1037,0.0354
2026-01-02 14:42:44.074609,29.51,3.56,0.007,80.0,733,0.0076
2026-01-02 14:43:44.074609,32.15,1.44,0.002,80.0,1618,0.0012
2026-01-02 14:44:44.074609,22.21,2.13,0.027,80.0,940,0.0009
2026-01-02 14:45:44.074609,31.42,1.85,0.005,80.0,1452,0.0129
2026-01-02 14:46:44.074609,30.32,6.07,0.103,72.37,1573,0.002
2026-01-02 14:47:44.074609,42.27,3.05,0.028,80.0,1283,0.0046
2026-01-02 14:48:44.074609,14.89,5.14,0.104,80.0,1351,0.0226
2026-01-02 14:49:44.074609,23.2,4.89,0.018,80.0,1213,0.0128
2026-01-02 14:50:44.074609,27.99,2.19,0.05,80.0,1462,0.0227
2026-01-02 14:51:44.074609,23.65,2.15,0.028,80.0,1514,0.0111
2026-01-02 14:52:44.074609,26.9,4.95,0.084,80.0,1514,0.0058
2026-01-02 14:53:44.074609,31.52,1.68,0.017,80.0,1369,0.002
2026-01-02 14:54:44.074609,32.61,1.26,0.107,80.0,1356,0.0047
2026-01-02 14:55:44.074609,23.31,7.29,0.006,80.0,1096,0.0007
2026-01-02 14:56:44.074609,29.13,5.23,0.009,80.0,1428,0.0111
2026-01-02 14:57:44.074609,26.71,3.56,0.041,80.0,1437,0.0111
2026-01-02 14:58:44.074609,36.15,2.79,0.111,80.0,797,0.0128
2026-01-02 14:59:44.074609,40.32,2.0,0.01,80.0,1275,0.0117
2026-01-02 15:00:44.074609,24.05,2.18,0.048,35.65,642,0.0111
2026-01-02 15:01:44.074609,28.94,1.57,0.033,47.46,587,0.0154
2026-01-02 15:02:44.074609,31.59,1.78,0.011,60.27,557,0.0038
2026-01-02 15:03:44.074609,29.2,2.07,0.009,39.36,455,0.009
2026-01-02 15:04:44.074609,22.85,2.33,0.001,42.14,445,0.0108
2026-01-02 15:05:44.074609,28.25,1.38,0.012,35.98,457,0.0178
2026-01-02 15:06:44.074609,38.52,1.31,0.008,55.47,423,0.0036
2026-01-02 15:07:44.074609,18.41,1.25,0.14,37.37,644,0.0107
2026-01-02 15:08:44.074609,28.84,3.17,0.005,35.0,541,0.0054
2026-01-02 15:09:44.074609,34.41,4.47,0.056,50.75,458,0.0004
2026-01-02 15:10:44.074609,22.3,4.81,0.152,41.07,477,0.0065
2026-01-02 15:11:44.074609,28.41,1.14,0.183,56.32,483,0.0255
2026-01-02 15:12:44.074609,28.32,2.8,0.023,57.49,485,0.0108
2026-01-02 15:13:44.074609,29.96,4.03,0.01,38.6,514,0.0054
2026-01-02 15:14:44.074609,26.81,4.19,0.035,43.39,676,0.0034
2026-01-02 15:15:44.074609,32.78,2.89,0.012,41.35,414,0.0027
2026-01-02 15:16:44.074609,30.2,4.54,0.076,37.08,414,0.0037
2026-01-02 15:17:44.074609,21.02,1.33,0.057,48.52,500,0.0045
2026-01-02 15:18:44.074609,35.9,2.7,0.025,39.97,373,0.0079
2026-01-02 15:19:44.074609,23.91,5.98,0.073,68.18,617,0.0139
2026-01-02 15:20:44.074609,27.59,5.52,0.157,35.89,408,0.022
2026-01-02 15:21:44.074609,28.45,1.47,0.035,39.12,420,0.0039
2026-01-02 15:22:44.074609,25.95,1.56,0.142,33.54,375,0.0183
2026-01-02 15:23:44.074609,34.84,4.03,0.146,54.39,531,0.0109
2026-01-02 15:24:44.074609,34.03,4.14,0.003,22.43,563,0.0144
2026-01-02 15:25:44.074609,25.75,5.0,0.066,45.16,476,0.0012
2026-01-02 15:26:44.074609,19.2,3.77,0.024,55.53,452,0.0001
2026-01-02 15:27:44.074609,29.3,13.83,0.045,58.61,618,0.0067
2026-01-02 15:28:44.074609,19.01,11.25,0.15,44.22,511,0.0178
2026-01-02 15:29:44.074609,23.0,3.73,0.058,46.41,449,0.0091
2026-01-02 15:30:44.074609,20.12,2.41,0.023,52.75,585,0.0001
2026-01-02 15:31:44.074609,34.77,2.81,0.075,28.86,385,0.0375
2026-01-02 15:32:44.074609,26.14,1.83,0.063,40.82,412,0.0058
2026-01-02 15:33:44.074609,26.29,1.51,0.041,31.43,451,0.0205
2026-01-02 15:34:44.074609,28.5,1.61,0.013,40.99,707,0.0069
2026-01-02 15:35:44.074609,28.86,3.88,0.007,41.99,617,0.0084
2026-01-02 15:36:44.074609,24.88,1.35,0.023,46.1,337,0.0185
2026-01-02 15:37:44.074609,17.16,8.07,0.043,27.03,338,0.0094
2026-01-02 15:38:44.074609,29.97,3.57,0.025,47.45,663,0.0062
2026-01-02 15:39:44.074609,24.33,5.46,0.03,35.67,720,0.0073
2026-01-02 15:40:44.074609,28.19,7.6,0.228,48.88,420,0.0047
2026-01-02 15:41:44.074609,24.08,3.96,0.073,60.36,682,0.0009
2026-01-02 15:42:44.074609,39.78,2.59,0.039,54.27,491,0.0237
2026-01-02 15:43:44.074609,25.08,4.79,0.025,56.35,429,0.0007
2026-01-02 15:44:44.074609,20.95,2.21,0.031,44.05,523,0.0233
2026-01-02 15:45:44.074609,23.84,3.2,0.056,39.16,301,0.0125
2026-01-02 15:46:44.074609,24.64,3.15,0.009,41.84,560,0.0131
2026-01-02 15:47:44.074609,40.8,2.22,0.057,44.69,260,0.0193
2026-01-02 15:48:44.074609,19.75,1.15,0.107,45.21,618,0.0067
2026-01-02 15:49:44.074609,28.68,4.43,0.136,35.75,562,0.0012
2026-01-02 15:50:44.074609,34.15,2.4,0.007,48.34,550,0.0142
2026-01-02 15:51:44.074609,28.05,1.49,0.02,66.78,541,0.0017
2026-01-02 15:52:44.074609,23.79,4.63,0.059,33.95,487,0.0038
2026-01-02 15:53:44.074609,33.94,1.36,0.088,34.49,430,0.0127
2026-01-02 15:54:44.074609,30.67,4.31,0.069,40.87,462,0.0027
2026-01-02 15:55:44.074609,34.12,5.02,0.13,39.5,392,0.0041
2026-01-02 15:56:44.074609,32.81,3.37,0.005,31.18,612,0.01
2026-01-02 15:57:44.074609,25.54,9.02,0.038,48.62,348,0.0149
2026-01-02 15:58:44.074609,36.59,3.79,0.034,42.8,573,0.0025
2026-01-02 15:59:44.074609,36.24,2.73,0.033,58.85,478,0.0371
2026-01-02 16:00:44.074609,25.92,4.89,0.123,55.69,413,0.0125
2026-01-02 16:01:44.074609,29.95,3.96,0.033,26.99,537,0.019
2026-01-02 16:02:44.074609,29.52,5.88,0.033,56.16,460,0.0067
2026-01-02 16:03:44.074609,27.76,1.46,0.059,28.53,378,0.0314
2026-01-02 16:04:44.074609,22.91,5.5,0.077,55.72,539,0.0142
2026-01-02 16:05:44.074609,30.1,1.64,0.144,46.01,569,0.0013
2026-01-02 16:06:44.074609,14.2,3.33,0.047,44.14,526,0.0474
2026-01-02 16:07:44.074609,33.9,1.73,0.035,43.53,601,0.0019
2026-01-02 16:08:44.074609,30.95,4.84,0.048,48.18,444,0.0015
2026-01-02 16:09:44.074609,15.61,3.4,0.061,40.12,516,0.0062
2026-01-02 16:10:44.074609,38.42,2.52,0.099,33.08,416,0.0136
2026-01-02 16:11:44.074609,32.99,2.19,0.061,40.97,487,0.0042
2026-01-02 16:12:44.074609,24.8,6.09,0.171,57.93,484,0.012
2026-01-02 16:13:44.074609,28.66,3.3,0.001,40.82,524,0.026
2026-01-02 16:14:44.074609,26.69,5.81,0.2,43.72,481,0.007
2026-01-02 16:15:44.074609,31.17,3.08,0.11,46.81,326,0.0248
2026-01-02 16:16:44.074609,25.53,2.47,0.035,56.94,374,0.053
2026-01-02 16:17:44.074609,30.33,1.16,0.04,38.39,427,0.0148
2026-01-02 16:18:44.074609,25.25,1.74,0.013,51.15,340,0.0108
2026-01-02 16:19:44.074609,17.26,7.47,0.077,37.35,350,0.0121
2026-01-02 16:20:44.074609,33.87,6.57,0.045,51.96,579,0.0085
2026-01-02 16:21:44.074609,33.56,1.7,0.076,36.58,550,0.0064
2026-01-02 16:22:44.074609,30.12,1.64,0.005,50.1,532,0.0105
2026-01-02 16:23:44.074609,27.33,3.71,0.075,47.25,520,0.0118
2026-01-02 16:24:44.074609,22.23,7.62,0.104,45.11,542,0.0178
2026-01-02 16:25:44.074609,17.51,1.88,0.085,28.0,543,0.0029
2026-01-02 16:26:44.074609,28.13,1.22,0.034,42.89,463,0.0013
2026-01-02 16:27:44.074609,25.72,10.23,0.016,42.73,592,0.0113
2026-01-02 16:28:44.074609,26.79,3.89,0.061,53.09,529,0.0077
2026-01-02 16:29:44.074609,30.88,3.34,0.118,41.4,489,0.0295
2026-01-02 16:30:44.074609,24.88,1.86,0.142,64.58,584,0.0204
2026-01-02 16:31:44.074609,30.8,13.1,0.058,57.72,485,0.0049
2026-01-02 16:32:44.074609,21.37,5.58,0.009,28.48,447,0.0087
2026-01-02 16:33:44.074609,23.37,1.81,0.079,50.88,486,0.0002
2026-01-02 16:34:44.074609,22.7,2.28,0.06,62.51,376,0.004
2026-01-02 16:35:44.074609,30.31,2.29,0.066,52.93,464,0.0069
2026-01-02 16:36:44.074609,17.08,3.34,0.018,56.83,636,0.0086
2026-01-02 16:37:44.074609,27.17,2.32,0.034,34.89,496,0.0001
2026-01-02 16:38:44.074609,32.02,2.73,0.086,45.73,651,0.0029
2026-01-02 16:39:44.074609,40.9,20.0,0.052,31.65,491,0.0044
2026-01-02 16:40:44.074609,38.18,6.03,0.034,44.86,516,0.0007
2026-01-02 16:41:44.074609,25.96,1.87,0.022,46.13,495,0.0003
2026-01-02 16:42:44.074609,36.93,3.88,0.027,44.99,582,0.0123
2026-01-02 16:43:44.074609,31.35,4.83,0.117,37.45,494,0.0114
2026-01-02 16:44:44.074609,24.74,1.3,0.026,44.04,566,0.0423
2026-01-02 16:45:44.074609,28.04,3.61,0.035,43.0,531,0.003
2026-01-02 16:46:44.074609,31.05,7.96,0.028,40.75,620,0.019
2026-01-02 16:47:44.074609,22.22,4.15,0.011,48.65,380,0.0002
2026-01-02 16:48:44.074609,25.75,1.71,0.038,47.94,138,0.0028
2026-01-02 16:49:44.074609,33.79,2.33,0.107,55.36,635,0.0032
2026-01-02 16:50:44.074609,32.52,1.0,0.1,43.63,511,0.0047
2026-01-02 16:51:44.074609,34.3,6.91,0.008,58.12,411,0.0049
2026-01-02 16:52:44.074609,26.65,1.05,0.114,56.87,509,0.0006
2026-01-02 16:53:44.074609,23.39,2.47,0.081,36.54,373,0.0007
2026-01-02 16:54:44.074609,24.83,1.25,0.071,61.99,458,0.0115
2026-01-02 16:55:44.074609,32.01,2.42,0.004,54.46,401,0.0011
2026-01-02 16:56:44.074609,26.34,7.8,0.044,43.09,553,0.0113
2026-01-02 16:57:44.074609,30.25,1.42,0.0,32.52,509,0.0262
2026-01-02 16:58:44.074609,31.57,2.22,0.02,60.93,423,0.0083
2026-01-02 16:59:44.074609,22.02,1.6,0.036,57.22,386,0.0023
2026-01-02 17:00:44.074609,31.35,2.57,0.026,80.0,1138,0.0
2026-01-02 17:01:44.074609,32.46,4.36,0.004,80.0,1510,0.0229
2026-01-02 17:02:44.074609,33.71,2.78,0.002,80.0,933,0.0013
2026-01-02 17:03:44.074609,29.99,2.25,0.032,80.0,1728,0.0277
2026-01-02 17:04:44.074609,25.39,1.34,0.005,80.0,1545,0.0145
2026-01-02 17:05:44.074609,34.78,8.73,0.05,80.0,1416,0.0004
2026-01-02 17:06:44.074609,36.09,5.81,0.007,80.0,892,0.0031
2026-01-02 17:07:44.074609,38.01,1.34,0.053,80.0,825,0.0062
2026-01-02 17:08:44.074609,37.76,2.01,0.022,80.0,1839,0.0048
2026-01-02 17:09:44.074609,17.32,2.34,0.031,80.0,1046,0.0081
2026-01-02 17:10:44.074609,27.69,6.55,0.008,80.0,1289,0.0059
2026-01-02 17:11:44.074609,35.52,2.43,0.049,80.0,1479,0.0032
2026-01-02 17:12:44.074609,21.77,1.16,0.122,80.0,1537,0.0082
2026-01-02 17:13:44.074609,29.92,2.03,0.11,80.0,1704,0.0012
2026-01-02 17:14:44.074609,32.45,1.94,0.159,80.0,989,0.0022
2026-01-02 17:15:44.074609,29.06,4.08,0.03,80.0,992,0.0162
2026-01-02 17:16:44.074609,32.17,5.6,0.001,80.0,1206,0.0157
2026-01-02 17:17:44.074609,34.07,1.81,0.03,80.0,1133,0.0074
2026-01-02 17:18:44.074609,24.08,1.16,0.063,80.0,1291,0.0032
2026-01-02 17:19:44.074609,33.16,1.63,0.057,80.0,819,0.0115
2026-01-02 17:20:44.074609,33.2,12.64,0.01,80.0,757,0.0019
2026-01-02 17:21:44.074609,40.67,10.18,0.212,80.0,1397,0.0004
2026-01-02 17:22:44.074609,30.61,5.11,0.051,80.0,834,0.0014
2026-01-02 17:23:44.074609,29.12,3.95,0.009,80.0,1040,0.007
2026-01-02 17:24:44.074609,28.06,3.05,0.01,80.0,1586,0.0021
2026-01-02 17:25:44.074609,35.73,4.89,0.033,65.2,966,0.0246
2026-01-02 17:26:44.074609,31.75,8.92,0.058,80.0,1159,0.0099
2026-01-02 17:27:44.074609,32.04,5.84,0.026,80.0,1150,0.0016
2026-01-02 17:28:44.074609,19.01,2.33,0.097,80.0,1005,0.058
2026-01-02 17:29:44.074609,29.49,8.4,0.107,80.0,1549,0.0068
2026-01-02 17:30:44.074609,35.6,15.26,0.002,80.0,900,0.006
2026-01-02 17:31:44.074609,31.96,1.14,0.026,80.0,1366,0.0091
2026-01-02 17:32:44.074609,30.73,4.03,0.062,80.0,1567,0.0027
2026-01-02 17:33:44.074609,33.6,5.06,0.284,80.0,1373,0.0302
2026-01-02 17:34:44.074609,34.08,1.49,0.034,67.87,1460,0.0183
2026-01-02 17:35:44.074609,36.19,18.58,0.015,80.0,1341,0.0038
2026-01-02 17:36:44.074609,41.68,1.53,0.113,80.0,1337,0.0079
2026-01-02 17:37:44.074609,27.11,2.44,0.18,80.0,1385,0.005
2026-01-02 17:38:44.074609,31.08,1.08,0.013,80.0,1271,0.0034
2026-01-02 17:39:44.074609,36.6,4.5,0.177,80.0,1814,0.0086
2026-01-02 17:40:44.074609,32.25,2.99,0.094,80.0,1387,0.0154
2026-01-02 17:41:44.074609,34.6,1.67,0.044,80.0,1206,0.0172
2026-01-02 17:42:44.074609,26.71,6.57,0.067,80.0,1420,0.0009
2026-01-02 17:43:44.074609,37.0,2.25,0.024,80.0,1068,0.0004
2026-01-02 17:44:44.074609,37.78,5.07,0.02,80.0,1507,0.0077
2026-01-02 17:45:44.074609,33.85,2.01,0.066,80.0,1202,0.0232
2026-01-02 17:46:44.074609,31.47,3.37,0.101,80.0,1500,0.0071
2026-01-02 17:47:44.074609,23.04,7.77,0.078,57.82,1320,0.055
2026-01-02 17:48:44.074609,25.26,3.72,0.077,80.0,1554,0.0046
2026-01-02 17:49:44.074609,31.25,3.54,0.062,80.0,1067,0.0016
2026-01-02 17:50:44.074609,36.79,2.04,0.035,80.0,776,0.0005
2026-01-02 17:51:44.074609,16.88,3.3,0.027,80.0,1380,0.002
2026-01-02 17:52:44.074609,29.51,4.43,0.129,80.0,1276,0.0013
2026-01-02 17:53:44.074609,11.91,1.02,0.029,80.0,1614,0.0279
2026-01-02 17:54:44.074609,24.23,1.27,0.02,68.93,706,0.0149
2026-01-02 17:55:44.074609,28.51,4.71,0.108,80.0,1911,0.0018
2026-01-02 17:56:44.074609,34.09,1.75,0.013,80.0,1219,0.0074
2026-01-02 17:57:44.074609,27.42,2.45,0.049,80.0,733,0.0083
2026-01-02 17:58:44.074609,24.04,1.83,0.004,80.0,1084,0.0148
2026-01-02 17:59:44.074609,36.09,6.74,0.017,80.0,1189,0.0051
2026-01-02 18:00:44.074609,37.03,2.56,0.005,80.0,967,0.0008
2026-01-02 18:01:44.074609,35.75,2.24,0.007,80.0,1057,0.0357
2026-01-02 18:02:44.074609,25.41,1.59,0.036,80.0,835,0.0028
2026-01-02 18:03:44.074609,42.58,1.54,0.029,80.0,912,0.0044
2026-01-02 18:04:44.074609,40.92,1.0,0.082,80.0,1686,0.0031
2026-01-02 18:05:44.074609,38.48,6.6,0.0,80.0,1417,0.0226
2026-01-02 18:06:44.074609,24.19,4.47,0.027,80.0,1055,0.0135
2026-01-02 18:07:44.074609,21.57,8.78,0.04,80.0,1091,0.0042
2026-01-02 18:08:44.074609,35.28,7.23,0.003,39.22,1743,0.0139
2026-01-02 18:09:44.074609,25.49,8.82,0.042,80.0,916,0.0217
2026-01-02 18:10:44.074609,42.8,5.22,0.045,80.0,1226,0.0068
2026-01-02 18:11:44.074609,28.54,5.1,0.021,80.0,1041,0.0016
2026-01-02 18:12:44.074609,29.22,1.62,0.02,80.0,1456,0.0129
2026-01-02 18:13:44.074609,32.31,2.97,0.191,80.0,1211,0.0149
2026-01-02 18:14:44.074609,38.68,1.64,0.041,80.0,1099,0.0026
2026-01-02 18:15:44.074609,30.74,5.17,0.036,80.0,1305,0.0179
2026-01-02 18:16:44.074609,28.83,8.02,0.042,80.0,1455,0.0017
2026-01-02 18:17:44.074609,29.42,19.49,0.028,62.77,1483,0.0023
2026-01-02 18:18:44.074609,38.09,1.18,0.039,80.0,1180,0.0048
2026-01-02 18:19:44.074609,36.56,1.16,0.004,80.0,1238,0.0137
2026-01-02 18:20:44.074609,30.22,1.57,0.047,80.0,1087,0.016
2026-01-02 18:21:44.074609,32.11,2.0,0.083,80.0,1102,0.002
2026-01-02 18:22:44.074609,25.75,4.36,0.058,80.0,1699,0.0011
2026-01-02 18:23:44.074609,31.35,2.57,0.044,80.0,1170,0.0052
2026-01-02 18:24:44.074609,29.59,1.77,0.014,80.0,1493,0.0066
2026-01-02 18:25:44.074609,32.91,1.36,0.09,80.0,975,0.0035
2026-01-02 18:26:44.074609,32.88,2.98,0.059,80.0,849,0.0115
2026-01-02 18:27:44.074609,38.14,7.11,0.032,80.0,1665,0.0065
2026-01-02 18:28:44.074609,39.38,1.4,0.009,80.0,1562,0.0091
2026-01-02 18:29:44.074609,29.19,4.57,0.039,78.4,1130,0.0096
2026-01-02 18:30:44.074609,35.54,8.7,0.005,34.69,1303,0.0053
2026-01-02 18:31:44.074609,28.81,1.2,0.003,80.0,1224,0.0127
2026-01-02 18:32:44.074609,28.01,1.68,0.052,80.0,1461,0.0092
2026-01-02 18:33:44.074609,29.05,2.23,0.048,80.0,1236,0.005
2026-01-02 18:34:44.074609,33.52,2.87,0.004,64.15,1400,0.0013
2026-01-02 18:35:44.074609,30.41,2.54,0.006,80.0,810,0.0068
2026-01-02 18:36:44.074609,33.19,2.72,0.016,80.0,1346,0.0005
2026-01-02 18:37:44.074609,35.73,3.07,0.032,80.0,531,0.005
2026-01-02 18:38:44.074609,30.51,3.08,0.038,80.0,1501,0.0047
2026-01-02 18:39:44.074609,20.03,3.31,0.03,80.0,1333,0.0229
2026-01-02 18:40:44.074609,35.37,4.7,0.177,80.0,1276,0.0017
2026-01-02 18:41:44.074609,31.92,13.31,0.027,80.0,1277,0.0105
2026-01-02 18:42:44.074609,22.01,2.14,0.063,80.0,949,0.0046
2026-01-02 18:43:44.074609,25.98,5.31,0.023,80.0,1294,0.0049
2026-01-02 18:44:44.074609,42.81,3.19,0.02,80.0,1308,0.0097
2026-01-02 18:45:44.074609,44.64,2.67,0.004,80.0,1311,0.0012
2026-01-02 18:46:44.074609,36.65,3.15,0.034,80.0,1096,0.0165
2026-01-02 18:47:44.074609,26.42,6.95,0.021,80.0,1881,0.0028
2026-01-02 18:48:44.074609,29.01,5.43,0.049,80.0,1196,0.0068
2026-01-02 18:49:44.074609,29.33,3.34,0.019,80.0,1535,0.0069
2026-01-02 18:50:44.074609,27.95,2.52,0.139,34.49,1499,0.0112
2026-01-02 18:51:44.074609,25.9,9.07,0.057,80.0,1113,0.0078
2026-01-02 18:52:44.074609,36.12,11.66,0.019,80.0,939,0.0049
2026-01-02 18:53:44.074609,31.41,5.47,0.098,80.0,1222,0.0017
2026-01-02 18:54:44.074609,31.55,1.22,0.0,80.0,855,0.0028
2026-01-02 18:55:44.074609,31.57,1.96,0.079,80.0,1304,0.0023
2026-01-02 18:56:44.074609,31.98,16.65,0.074,80.0,1588,0.0079
2026-01-02 18:57:44.074609,38.71,4.66,0.004,80.0,1027,0.003
2026-01-02 18:58:44.074609,19.07,1.57,0.007,80.0,676,0.0007
2026-01-02 18:59:44.074609,26.44,3.78,0.038,80.0,1531,0.0017
2026-01-02 19:00:44.074609,32.77,1.05,0.059,80.0,1480,0.0099
2026-01-02 19:01:44.074609,29.72,1.73,0.006,80.0,1215,0.0039
2026-01-02 19:02:44.074609,26.03,4.68,0.102,80.0,1621,0.0011
2026-01-02 19:03:44.074609,25.56,1.27,0.092,80.0,965,0.0205
2026-01-02 19:04:44.074609,27.16,7.97,0.021,80.0,789,0.0132
2026-01-02 19:05:44.074609,32.13,10.16,0.015,80.0,1476,0.0027
2026-01-02 19:06:44.074609,26.1,5.01,0.08,80.0,1007,0.0167
2026-01-02 19:07:44.074609,24.69,1.29,0.043,80.0,1592,0.0033
2026-01-02 19:08:44.074609,16.24,1.53,0.033,80.0,577,0.0305
2026-01-02 19:09:44.074609,41.08,1.41,0.283,80.0,1358,0.0053
2026-01-02 19:10:44.074609,33.21,3.09,0.037,80.0,1006,0.0233
2026-01-02 19:11:44.074609,25.67,3.93,0.059,80.0,1497,0.008
2026-01-02 19:12:44.074609,27.75,7.1,0.072,80.0,1201,0.0058
2026-01-02 19:13:44.074609,30.74,6.69,0.02,80.0,1434,0.0055
2026-01-02 19:14:44.074609,29.38,5.68,0.014,80.0,1401,0.0142
2026-01-02 19:15:44.074609,31.15,7.94,0.105,80.0,1227,0.0059
2026-01-02 19:16:44.074609,29.98,1.57,0.065,80.0,982,0.0109
2026-01-02 19:17:44.074609,41.95,10.75,0.006,80.0,1006,0.0054
2026-01-02 19:18:44.074609,35.99,1.1,0.007,80.0,927,0.023
2026-01-02 19:19:44.074609,22.27,2.19,0.019,80.0,1548,0.0076
2026-01-02 19:20:44.074609,23.77,2.46,0.008,80.0,1180,0.0012
2026-01-02 19:21:44.074609,26.55,1.23,0.084,80.0,880,0.0225
2026-01-02 19:22:44.074609,34.03,1.14,0.011,80.0,1500,0.0034
2026-01-02 19:23:44.074609,25.06,3.18,0.121,80.0,800,0.0136
2026-01-02 19:24:44.074609,42.17,11.13,0.013,80.0,1724,0.0085
2026-01-02 19:25:44.074609,36.41,8.57,0.028,80.0,1483,0.0054
2026-01-02 19:26:44.074609,22.61,3.71,0.027,80.0,950,0.0117
2026-01-02 19:27:44.074609,31.05,1.54,0.027,80.0,1145,0.0119
2026-01-02 19:28:44.074609,39.82,3.12,0.014,75.98,1281,0.0007
2026-01-02 19:29:44.074609,27.07,4.68,0.068,80.0,1094,0.01
2026-01-02 19:30:44.074609,41.06,3.58,0.027,80.0,1281,0.0021
2026-01-02 19:31:44.074609,24.31,3.95,0.007,80.0,1108,0.027
2026-01-02 19:32:44.074609,44.2,6.33,0.035,80.0,1688,0.0089
2026-01-02 19:33:44.074609,28.43,1.24,0.022,62.27,1301,0.033
2026-01-02 19:34:44.074609,31.81,3.43,0.047,80.0,1016,0.0007
2026-01-02 19:35:44.074609,37.23,2.11,0.003,80.0,1121,0.0007
2026-01-02 19:36:44.074609,36.87,1.23,0.015,80.0,1094,0.0039
2026-01-02 19:37:44.074609,28.17,3.04,0.058,80.0,1528,0.0259
2026-01-02 19:38:44.074609,41.7,1.78,0.034,78.63,1437,0.0021
2026-01-02 19:39:44.074609,45.25,1.86,0.018,80.0,1389,0.0112
2026-01-02 19:40:44.074609,32.14,5.58,0.023,80.0,820,0.0165
2026-01-02 19:41:44.074609,38.67,14.47,0.004,80.0,1008,0.0205
2026-01-02 19:42:44.074609,29.35,1.07,0.019,80.0,1314,0.0359
2026-01-02 19:43:44.074609,21.31,1.65,0.013,80.0,1283,0.0103
2026-01-02 19:44:44.074609,27.81,4.28,0.023,80.0,1596,0.0011
2026-01-02 19:45:44.074609,30.31,3.01,0.008,80.0,1148,0.0153
2026-01-02 19:46:44.074609,35.55,4.34,0.046,80.0,1090,0.0005
2026-01-02 19:47:44.074609,26.7,6.37,0.023,80.0,1156,0.0154
2026-01-02 19:48:44.074609,41.03,12.22,0.014,80.0,1495,0.017
2026-01-02 19:49:44.074609,25.42,1.78,0.004,80.0,1314,0.0134
2026-01-02 19:50:44.074609,31.37,2.19,0.088,80.0,1485,0.0001
2026-01-02 19:51:44.074609,28.08,2.01,0.079,80.0,895,0.0075
2026-01-02 19:52:44.074609,34.88,1.8,0.083,80.0,1155,0.0048
2026-01-02 19:53:44.074609,28.04,2.74,0.048,80.0,1323,0.0183
2026-01-02 19:54:44.074609,48.43,7.02,0.037,80.0,1019,0.0044
2026-01-02 19:55:44.074609,18.73,2.56,0.086,80.0,1076,0.0031
2026-01-02 19:56:44.074609,36.75,2.23,0.093,80.0,1435,0.0026
2026-01-02 19:57:44.074609,34.15,7.73,0.015,80.0,1547,0.0147
2026-01-02 19:58:44.074609,29.48,6.04,0.037,80.0,1404,0.0017
2026-01-02 19:59:44.074609,33.39,6.78,0.004,80.0,1128,0.0106
2026-01-02 20:00:44.074609,36.28,1.12,0.047,80.0,1602,0.0024
2026-01-02 20:01:44.074609,39.1,2.17,0.015,80.0,1425,0.0014
2026-01-02 20:02:44.074609,37.47,13.58,0.047,52.38,1253,0.0229
2026-01-02 20:03:44.074609,26.15,1.39,0.071,80.0,1668,0.0025
2026-01-02 20:04:44.074609,40.41,4.16,0.073,80.0,1114,0.0043
2026-01-02 20:05:44.074609,34.22,12.93,0.017,80.0,1074,0.0207
2026-01-02 20:06:44.074609,30.66,3.52,0.024,67.52,1312,0.0043
2026-01-02 20:07:44.074609,35.46,8.98,0.097,74.55,1571,0.0055
2026-01-02 20:08:44.074609,30.28,1.87,0.205,80.0,952,0.0457
2026-01-02 20:09:44.074609,33.62,9.24,0.036,80.0,1199,0.0156
2026-01-02 20:10:44.074609,25.39,2.73,0.028,80.0,1612,0.0194
2026-01-02 20:11:44.074609,37.02,3.5,0.018,80.0,1014,0.0097
2026-01-02 20:12:44.074609,22.57,1.79,0.126,80.0,1284,0.0005
2026-01-02 20:13:44.074609,35.43,1.11,0.029,80.0,1197,0.0183
2026-01-02 20:14:44.074609,25.2,3.93,0.067,80.0,1209,0.0124
2026-01-02 20:15:44.074609,20.63,8.53,0.043,67.32,1082,0.0025
2026-01-02 20:16:44.074609,41.69,4.86,0.047,80.0,1256,0.0023
2026-01-02 20:17:44.074609,29.23,2.56,0.083,80.0,1529,0.0261
2026-01-02 20:18:44.074609,45.13,3.3,0.036,80.0,644,0.0187
2026-01-02 20:19:44.074609,40.84,2.06,0.09,80.0,1097,0.0033
2026-01-02 20:20:44.074609,26.17,4.33,0.012,80.0,1317,0.0016
2026-01-02 20:21:44.074609,36.4,6.89,0.173,80.0,1583,0.0098
2026-01-02 20:22:44.074609,38.38,3.93,0.008,57.07,1462,0.0058
2026-01-02 20:23:44.074609,24.48,2.34,0.003,80.0,1373,0.0066
2026-01-02 20:24:44.074609,29.35,1.44,0.024,80.0,1186,0.0005
2026-01-02 20:25:44.074609,39.64,3.65,0.047,80.0,1105,0.0187
2026-01-02 20:26:44.074609,24.31,1.28,0.098,80.0,1234,0.0038
2026-01-02 20:27:44.074609,38.8,5.61,0.013,80.0,1287,0.0128
2026-01-02 20:28:44.074609,26.96,10.72,0.026,80.0,1166,0.0034
2026-01-02 20:29:44.074609,28.26,1.2,0.033,42.91,1672,0.0104
2026-01-02 20:30:44.074609,27.59,1.61,0.012,80.0,1110,0.0107
2026-01-02 20:31:44.074609,22.14,2.12,0.121,80.0,1249,0.0034
2026-01-02 20:32:44.074609,34.41,5.41,0.007,80.0,1388,0.0013
2026-01-02 20:33:44.074609,31.21,1.85,0.044,80.0,910,0.0055
2026-01-02 20:34:44.074609,28.94,4.27,0.004,80.0,1575,0.0006
2026-01-02 20:35:44.074609,40.0,5.65,0.002,80.0,1049,0.0005
2026-01-02 20:36:44.074609,48.46,3.48,0.026,80.0,1598,0.0115
2026-01-02 20:37:44.074609,40.19,3.83,0.043,80.0,966,0.0045
2026-01-02 20:38:44.074609,39.22,2.13,0.062,80.0,1283,0.0094
2026-01-02 20:39:44.074609,35.43,3.06,0.063,80.0,1119,0.0041
2026-01-02 20:40:44.074609,35.08,1.76,0.03,80.0,1450,0.0047
2026-01-02 20:41:44.074609,31.55,3.3,0.099,80.0,1752,0.0009
2026-01-02 20:42:44.074609,30.59,1.59,0.026,80.0,1248,0.0353
2026-01-02 20:43:44.074609,28.45,10.98,0.058,80.0,1640,0.0002
2026-01-02 20:44:44.074609,26.06,1.47,0.089,79.77,1600,0.0069
2026-01-02 20:45:44.074609,32.8,2.52,0.006,80.0,961,0.0069
2026-01-02 20:46:44.074609,15.19,7.47,0.046,80.0,1640,0.0003
2026-01-02 20:47:44.074609,34.79,6.58,0.046,80.0,1175,0.0355
2026-01-02 20:48:44.074609,25.02,2.3,0.101,80.0,1083,0.0043
2026-01-02 20:49:44.074609,34.05,1.2,0.018,80.0,1630,0.0047
2026-01-02 20:50:44.074609,39.14,1.7,0.064,80.0,1320,0.0067
2026-01-02 20:51:44.074609,26.98,4.98,0.039,80.0,1078,0.034
2026-01-02 20:52:44.074609,24.84,6.67,0.106,80.0,1071,0.0047
2026-01-02 20:53:44.074609,30.17,3.7,0.017,80.0,1207,0.0046
2026-01-02 20:54:44.074609,32.32,1.4,0.026,80.0,633,0.0078
2026-01-02 20:55:44.074609,32.38,3.13,0.019,68.2,1293,0.004
2026-01-02 20:56:44.074609,39.13,9.83,0.093,76.19,1048,0.0109
2026-01-02 20:57:44.074609,31.49,7.4,0.02,80.0,1457,0.0141
2026-01-02 20:58:44.074609,30.06,12.96,0.075,80.0,626,0.0231
2026-01-02 20:59:44.074609,21.07,2.72,0.036,80.0,1312,0.0012
2026-01-02 21:00:44.074609,25.21,2.56,0.082,57.2,488,0.0042
2026-01-02 21:01:44.074609,23.07,13.55,0.035,52.59,500,0.0064
2026-01-02 21:02:44.074609,31.03,2.79,0.02,21.09,669,0.0004
2026-01-02 21:03:44.074609,22.95,7.06,0.046,38.08,404,0.0052
2026-01-02 21:04:44.074609,24.34,2.91,0.113,27.41,550,0.0136
2026-01-02 21:05:44.074609,20.62,3.58,0.121,45.22,528,0.0047
2026-01-02 21:06:44.074609,33.78,1.27,0.032,37.8,629,0.0027
2026-01-02 21:07:44.074609,22.34,1.47,0.005,48.57,410,0.0185
2026-01-02 21:08:44.074609,28.99,15.87,0.023,62.87,460,0.0277
2026-01-02 21:09:44.074609,30.35,4.5,0.007,38.27,651,0.0025
2026-01-02 21:10:44.074609,27.56,7.15,0.003,50.34,630,0.0038
2026-01-02 21:11:44.074609,32.5,9.15,0.023,52.11,589,0.0074
2026-01-02 21:12:44.074609,36.41,7.63,0.0,48.12,322,0.002
2026-01-02 21:13:44.074609,28.91,2.95,0.084,52.09,710,0.0
2026-01-02 21:14:44.074609,17.82,2.37,0.007,42.84,695,0.0036
2026-01-02 21:15:44.074609,19.49,8.77,0.003,43.39,503,0.0096
2026-01-02 21:16:44.074609,33.65,2.08,0.17,51.55,339,0.0502
2026-01-02 21:17:44.074609,28.04,14.93,0.06,55.29,456,0.0041
2026-01-02 21:18:44.074609,20.17,2.26,0.071,40.07,509,0.021
2026-01-02 21:19:44.074609,24.39,3.28,0.013,51.29,566,0.0004
2026-01-02 21:20:44.074609,19.54,11.47,0.125,48.06,263,0.0063
2026-01-02 21:21:44.074609,29.45,1.98,0.03,52.17,553,0.0019
2026-01-02 21:22:44.074609,27.05,1.28,0.106,66.29,514,0.0083
2026-01-02 21:23:44.074609,28.35,1.04,0.02,38.09,481,0.0281
2026-01-02 21:24:44.074609,29.79,1.86,0.019,58.19,564,0.007
2026-01-02 21:25:44.074609,26.18,6.36,0.056,54.31,419,0.0168
2026-01-02 21:26:44.074609,23.07,1.34,0.013,57.87,501,0.0016
2026-01-02 21:27:44.074609,37.32,6.91,0.137,49.03,562,0.0057
2026-01-02 21:28:44.074609,33.9,1.36,0.062,44.97,463,0.0095
2026-01-02 21:29:44.074609,33.64,3.45,0.013,54.64,514,0.0027
2026-01-02 21:30:44.074609,29.31,2.17,0.128,42.74,592,0.0004
2026-01-02 21:31:44.074609,34.02,4.01,0.063,63.17,399,0.0008
2026-01-02 21:32:44.074609,25.25,4.07,0.084,52.16,557,0.011
2026-01-02 21:33:44.074609,22.52,15.89,0.01,54.33,430,0.037
2026-01-02 21:34:44.074609,22.32,14.34,0.079,48.56,728,0.0353
2026-01-02 21:35:44.074609,29.21,2.14,0.02,46.36,492,0.0292
2026-01-02 21:36:44.074609,27.94,3.12,0.13,57.5,405,0.0066
2026-01-02 21:37:44.074609,27.94,11.24,0.059,68.41,535,0.0035
2026-01-02 21:38:44.074609,26.32,2.39,0.005,42.06,555,0.003
2026-01-02 21:39:44.074609,29.67,8.33,0.004,39.74,518,0.0111
2026-01-02 21:40:44.074609,34.55,3.04,0.06,44.52,449,0.0016
2026-01-02 21:41:44.074609,24.53,2.82,0.028,54.37,489,0.0156
2026-01-02 21:42:44.074609,36.03,1.23,0.011,51.45,507,0.0008
2026-01-02 21:43:44.074609,20.92,6.24,0.004,61.73,437,0.0099
2026-01-02 21:44:44.074609,22.31,4.47,0.007,43.36,545,0.0125
2026-01-02 21:45:44.074609,19.11,6.62,0.085,46.33,647,0.003
2026-01-02 21:46:44.074609,17.96,4.51,0.018,40.68,552,0.0001
2026-01-02 21:47:44.074609,23.02,3.13,0.011,38.9,422,0.0123
2026-01-02 21:48:44.074609,31.82,3.59,0.214,38.97,637,0.014
2026-01-02 21:49:44.074609,19.31,3.45,0.031,47.0,645,0.0322
2026-01-02 21:50:44.074609,39.4,3.41,0.094,38.62,314,0.0064
2026-01-02 21:51:44.074609,23.15,3.74,0.043,30.45,359,0.0038
2026-01-02 21:52:44.074609,34.6,3.84,0.007,44.44,490,0.0002
2026-01-02 21:53:44.074609,31.61,1.19,0.029,32.71,547,0.004
2026-01-02 21:54:44.074609,26.31,1.23,0.256,44.0,608,0.011
2026-01-02 21:55:44.074609,21.77,1.67,0.032,50.83,723,0.0116
2026-01-02 21:56:44.074609,25.56,1.18,0.027,38.1,513,0.0015
2026-01-02 21:57:44.074609,29.02,1.53,0.038,65.87,438,0.0001
2026-01-02 21:58:44.074609,28.64,1.49,0.027,38.66,587,0.0098
2026-01-02 21:59:44.074609,19.56,3.17,0.08,40.17,528,0.0041
2026-01-02 22:00:44.074609,29.03,5.73,0.012,44.65,471,0.0104
2026-01-02 22:01:44.074609,22.65,11.75,0.048,50.5,522,0.0093
2026-01-02 22:02:44.074609,21.5,4.48,0.025,54.3,395,0.0264
2026-01-02 22:03:44.074609,33.7,1.76,0.038,56.6,677,0.0575
2026-01-02 22:04:44.074609,30.56,1.1,0.003,46.62,471,0.0015
2026-01-02 22:05:44.074609,19.19,2.83,0.012,55.55,524,0.0289
2026-01-02 22:06:44.074609,33.21,3.56,0.007,37.87,665,0.0037
2026-01-02 22:07:44.074609,28.85,1.2,0.017,42.51,413,0.0071
2026-01-02 22:08:44.074609,24.79,1.04,0.018,43.12,543,0.0045
2026-01-02 22:09:44.074609,41.79,5.96,0.011,33.7,536,0.0128
2026-01-02 22:10:44.074609,30.36,1.27,0.001,55.38,526,0.0088
2026-01-02 22:11:44.074609,27.38,4.61,0.064,44.84,658,0.0122
2026-01-02 22:12:44.074609,17.84,5.98,0.047,48.3,429,0.0415
2026-01-02 22:13:44.074609,33.28,6.71,0.057,36.71,392,0.0012
2026-01-02 22:14:44.074609,26.72,4.13,0.029,47.47,458,0.0161
2026-01-02 22:15:44.074609,22.76,4.51,0.001,51.52,416,0.018
2026-01-02 22:16:44.074609,18.64,2.48,0.001,44.84,279,0.0298
2026-01-02 22:17:44.074609,25.21,5.67,0.0,41.1,510,0.0028
2026-01-02 22:18:44.074609,21.62,1.29,0.022,45.88,322,0.0387
2026-01-02 22:19:44.074609,25.8,9.06,0.105,35.89,657,0.0009
2026-01-02 22:20:44.074609,22.89,4.74,0.18,43.7,821,0.0021
2026-01-02 22:21:44.074609,34.05,4.17,0.001,62.62,721,0.0023
2026-01-02 22:22:44.074609,33.74,1.7,0.016,52.75,654,0.0187
2026-01-02 22:23:44.074609,30.35,5.08,0.025,42.43,475,0.0314
2026-01-02 22:24:44.074609,25.24,2.11,0.02,50.18,447,0.0032
2026-01-02 22:25:44.074609,22.63,2.71,0.026,27.44,636,0.0171
2026-01-02 22:26:44.074609,27.59,5.8,0.005,42.15,522,0.0013
2026-01-02 22:27:44.074609,33.24,14.63,0.047,46.46,639,0.0026
2026-01-02 22:28:44.074609,30.91,1.55,0.071,36.14,462,0.0038
2026-01-02 22:29:44.074609,29.26,4.59,0.038,44.03,591,0.0052
2026-01-02 22:30:44.074609,27.65,1.79,0.013,45.14,712,0.0108
2026-01-02 22:31:44.074609,27.77,1.64,0.05,38.33,716,0.0036
2026-01-02 22:32:44.074609,34.75,4.06,0.088,31.5,525,0.0114
2026-01-02 22:33:44.074609,23.92,5.0,0.026,40.48,307,0.0042
2026-01-02 22:34:44.074609,31.11,2.03,0.03,50.87,300,0.0149
2026-01-02 22:35:44.074609,20.91,3.26,0.092,55.17,703,0.0024
2026-01-02 22:36:44.074609,32.02,5.1,0.052,42.15,517,0.0083
2026-01-02 22:37:44.074609,15.69,6.58,0.0,54.98,349,0.0136
2026-01-02 22:38:44.074609,28.09,1.13,0.089,48.21,532,0.0017
2026-01-02 22:39:44.074609,30.09,3.27,0.066,52.35,506,0.0034
2026-01-02 22:40:44.074609,22.51,11.79,0.097,47.17,511,0.0043
2026-01-02 22:41:44.074609,25.89,4.96,0.067,51.71,511,0.0156
2026-01-02 22:42:44.074609,21.78,1.67,0.033,33.9,535,0.0151
2026-01-02 22:43:44.074609,22.14,3.45,0.026,38.24,276,0.0039
2026-01-02 22:44:44.074609,26.05,1.93,0.039,38.93,597,0.0021
2026-01-02 22:45:44.074609,23.29,4.62,0.037,44.56,308,0.0235
2026-01-02 22:46:44.074609,27.31,1.28,0.102,53.98,470,0.013
2026-01-02 22:47:44.074609,29.4,4.26,0.069,35.68,591,0.0145
2026-01-02 22:48:44.074609,34.45,3.57,0.015,58.77,419,0.0056
2026-01-02 22:49:44.074609,29.13,3.41,0.035,45.95,386,0.0002
2026-01-02 22:50:44.074609,22.85,1.96,0.03,50.64,531,0.0276
2026-01-02 22:51:44.074609,24.53,5.05,0.006,46.42,611,0.0129
2026-01-02 22:52:44.074609,31.22,10.1,0.067,34.14,588,0.0259
2026-01-02 22:53:44.074609,23.25,6.26,0.0,41.09,447,0.0216
2026-01-02 22:54:44.074609,31.52,4.53,0.055,39.53,483,0.0177
2026-01-02 22:55:44.074609,25.15,3.75,0.033,34.0,461,0.0013
2026-01-02 22:56:44.074609,25.71,6.96,0.002,46.86,405,0.0008
2026-01-02 22:57:44.074609,33.42,1.15,0.08,48.14,388,0.0019
2026-01-02 22:58:44.074609,25.61,8.53,0.006,46.32,609,0.0004
2026-01-02 22:59:44.074609,34.82,4.89,0.034,43.51,587,0.0078
2026-01-02 23:00:44.074609,30.66,4.37,0.041,54.18,307,0.003
2026-01-02 23:01:44.074609,18.07,1.39,0.019,40.33,465,0.0138
2026-01-02 23:02:44.074609,33.18,1.58,0.028,59.45,657,0.0024
2026-01-02 23:03:44.074609,33.68,1.57,0.001,44.21,454,0.0391
2026-01-02 23:04:44.074609,28.36,3.82,0.032,63.25,325,0.0009
2026-01-02 23:05:44.074609,28.52,1.61,0.041,51.36,644,0.0088
2026-01-02 23:06:44.074609,34.5,1.61,0.046,46.44,441,0.0081
2026-01-02 23:07:44.074609,31.63,6.7,0.197,47.95,466,0.0005
2026-01-02 23:08:44.074609,28.5,6.45,0.034,39.29,596,0.0051
2026-01-02 23:09:44.074609,30.32,1.28,0.099,47.47,435,0.0044
2026-01-02 23:10:44.074609,33.14,1.14,0.001,35.84,494,0.0022
2026-01-02 23:11:44.074609,28.8,4.01,0.01,56.52,517,0.0074
2026-01-02 23:12:44.074609,28.35,8.31,0.093,54.2,590,0.0011
2026-01-02 23:13:44.074609,26.12,1.03,0.009,43.67,467,0.0351
2026-01-02 23:14:44.074609,30.09,3.73,0.014,29.81,498,0.0413
2026-01-02 23:15:44.074609,27.67,1.26,0.056,45.64,380,0.0142
2026-01-02 23:16:44.074609,30.94,1.27,0.034,38.46,548,0.0042
2026-01-02 23:17:44.074609,30.11,1.18,0.092,38.97,516,0.0024
2026-01-02 23:18:44.074609,29.76,2.34,0.032,61.34,601,0.0081
2026-01-02 23:19:44.074609,31.84,1.25,0.031,42.0,588,0.0108
2026-01-02 23:20:44.074609,30.61,1.04,0.01,33.09,429,0.0329
2026-01-02 23:21:44.074609,20.23,8.96,0.067,54.87,417,0.0022
2026-01-02 23:22:44.074609,19.45,11.63,0.036,42.08,575,0.0197
2026-01-02 23:23:44.074609,26.2,5.47,0.07,52.13,470,0.0063
2026-01-02 23:24:44.074609,30.88,7.01,0.075,55.87,466,0.0005
2026-01-02 23:25:44.074609,23.9,2.01,0.034,51.29,612,0.0079
2026-01-02 23:26:44.074609,12.33,2.21,0.01,39.79,639,0.007
2026-01-02 23:27:44.074609,31.39,4.69,0.002,47.5,549,0.0079
2026-01-02 23:28:44.074609,27.34,2.85,0.02,33.17,569,0.0011
2026-01-02 23:29:44.074609,33.43,2.04,0.207,23.41,450,0.0011
2026-01-02 23:30:44.074609,17.82,1.91,0.002,60.83,537,0.0022
2026-01-02 23:31:44.074609,30.0,1.2,0.023,50.51,488,0.0075
2026-01-02 23:32:44.074609,30.26,2.32,0.045,40.16,638,0.0068
2026-01-02 23:33:44.074609,25.08,1.04,0.037,62.89,501,0.002
2026-01-02 23:34:44.074609,29.45,1.07,0.022,65.86,633,0.0077
2026-01-02 23:35:44.074609,23.89,4.32,0.006,61.76,573,0.0234
2026-01-02 23:36:44.074609,24.69,3.32,0.002,47.04,543,0.0053
2026-01-02 23:37:44.074609,19.88,2.88,0.109,64.4,459,0.0001
2026-01-02 23:38:44.074609,24.71,1.77,0.02,45.89,461,0.0084
2026-01-02 23:39:44.074609,28.6,20.0,0.145,36.54,445,0.0035
2026-01-02 23:40:44.074609,26.49,2.16,0.037,57.14,578,0.0028
2026-01-02 23:41:44.074609,21.02,2.35,0.399,34.04,419,0.0049
2026-01-02 23:42:44.074609,36.6,3.01,0.027,43.63,628,0.0035
2026-01-02 23:43:44.074609,30.37,2.64,0.055,49.04,504,0.0005
2026-01-02 23:44:44.074609,23.65,1.09,0.047,55.66,413,0.0226
2026-01-02 23:45:44.074609,29.85,3.17,0.006,38.15,616,0.0072
2026-01-02 23:46:44.074609,36.34,8.83,0.037,45.05,527,0.0012
2026-01-02 23:47:44.074609,20.16,3.73,0.059,43.76,407,0.0063
2026-01-02 23:48:44.074609,27.1,1.25,0.057,46.09,382,0.0084
2026-01-02 23:49:44.074609,28.62,1.47,0.029,51.77,630,0.0199
2026-01-02 23:50:44.074609,33.05,1.6,0.151,49.03,590,0.0133
2026-01-02 23:51:44.074609,19.45,6.9,0.03,47.44,603,0.0039
2026-01-02 23:52:44.074609,34.75,1.84,0.021,48.88,633,0.0029
2026-01-02 23:53:44.074609,24.49,4.94,0.131,62.9,463,0.0016
2026-01-02 23:54:44.074609,36.25,5.93,0.031,46.95,462,0.0035
2026-01-02 23:55:44.074609,17.55,4.78,0.109,43.6,428,0.0067
2026-01-02 23:56:44.074609,31.13,1.28,0.069,50.55,564,0.0043
2026-01-02 23:57:44.074609,27.98,3.91,0.055,52.43,612,0.0094
2026-01-02 23:58:44.074609,28.56,8.15,0.044,56.62,605,0.0423
2026-01-02 23:59:44.074609,26.8,1.82,0.05,37.39,645,0.0249
2026-01-03 00:00:44.074609,26.94,4.45,0.014,63.33,661,0.0439
2026-01-03 00:01:44.074609,32.91,1.67,0.014,62.44,606,0.0089
2026-01-03 00:02:44.074609,20.91,3.78,0.017,42.64,389,0.0121
2026-01-03 00:03:44.074609,21.94,2.6,0.021,78.62,617,0.0116
2026-01-03 00:04:44.074609,19.43,5.06,0.075,75.69,568,0.0001
2026-01-03 00:05:44.074609,36.44,3.98,0.032,57.03,743,0.0084
2026-01-03 00:06:44.074609,29.7,5.83,0.197,66.45,872,0.0004
2026-01-03 00:07:44.074609,34.12,5.79,0.029,32.6,583,0.0067
2026-01-03 00:08:44.074609,36.99,5.87,0.018,59.1,529,0.0075
2026-01-03 00:09:44.074609,28.96,4.43,0.213,50.59,665,0.0074
2026-01-03 00:10:44.074609,29.63,1.53,0.024,79.29,728,0.0101
2026-01-03 00:11:44.074609,25.08,4.9,0.008,80.0,610,0.0222
2026-01-03 00:12:44.074609,26.52,1.24,0.081,56.09,446,0.0248
2026-01-03 00:13:44.074609,20.57,2.0,0.127,63.74,892,0.0062
2026-01-03 00:14:44.074609,19.41,2.43,0.013,73.24,775,0.0032
2026-01-03 00:15:44.074609,30.86,8.6,0.009,63.4,751,0.0022
2026-01-03 00:16:44.074609,25.85,1.01,0.102,47.3,422,0.0059
2026-01-03 00:17:44.074609,25.8,7.68,0.048,70.6,387,0.0028
2026-01-03 00:18:44.074609,30.03,3.93,0.03,58.27,765,0.0072
2026-01-03 00:19:44.074609,35.99,2.66,0.016,53.38,686,0.009
2026-01-03 00:20:44.074609,34.11,3.83,0.063,54.9,680,0.0128
2026-01-03 00:21:44.074609,27.05,1.2,0.037,49.27,516,0.0046
2026-01-03 00:22:44.074609,30.96,8.99,0.029,60.28,642,0.0167
2026-01-03 00:23:44.074609,27.5,1.79,0.164,59.6,322,0.0183
2026-01-03 00:24:44.074609,28.34,1.27,0.027,39.06,489,0.0037
2026-01-03 00:25:44.074609,25.15,4.07,0.126,52.18,402,0.0017
2026-01-03 00:26:44.074609,28.72,6.32,0.178,41.34,526,0.0092
2026-01-03 00:27:44.074609,26.87,3.98,0.063,78.11,719,0.0067
2026-01-03 00:28:44.074609,37.6,4.59,0.025,58.08,509,0.0074
2026-01-03 00:29:44.074609,25.59,1.51,0.038,40.14,635,0.0025
2026-01-03 00:30:44.074609,17.23,1.17,0.076,40.51,809,0.0005
2026-01-03 00:31:44.074609,27.33,9.01,0.033,60.85,810,0.0209
2026-01-03 00:32:44.074609,23.65,2.39,0.026,68.66,633,0.0118
2026-01-03 00:33:44.074609,24.17,1.79,0.015,50.98,740,0.0012
2026-01-03 00:34:44.074609,21.58,2.47,0.049,54.07,628,0.0009
2026-01-03 00:35:44.074609,25.31,2.49,0.016,60.95,748,0.0066
2026-01-03 00:36:44.074609,42.87,2.13,0.007,65.57,695,0.0289
2026-01-03 00:37:44.074609,33.05,1.17,0.05,47.23,808,0.0199
2026-01-03 00:38:44.074609,24.43,2.36,0.037,55.77,524,0.0045
2026-01-03 00:39:44.074609,30.41,7.63,0.122,45.62,579,0.017
2026-01-03 00:40:44.074609,31.04,1.97,0.128,70.84,740,0.0009
2026-01-03 00:41:44.074609,35.26,6.93,0.001,62.66,850,0.0011
2026-01-03 00:42:44.074609,33.4,1.15,0.077,47.35,617,0.0144
2026-01-03 00:43:44.074609,29.82,1.53,0.001,72.96,709,0.0105
2026-01-03 00:44:44.074609,38.55,6.03,0.028,80.0,762,0.0271
2026-01-03 00:45:44.074609,28.93,2.06,0.292,67.87,538,0.0082
2026-01-03 00:46:44.074609,37.83,2.61,0.11,75.6,640,0.0183
2026-01-03 00:47:44.074609,31.38,6.79,0.024,69.02,509,0.0012
2026-01-03 00:48:44.074609,28.22,1.52,0.07,46.54,735,0.0188
2026-01-03 00:49:44.074609,33.32,3.01,0.066,49.8,449,0.0184
2026-01-03 00:50:44.074609,21.5,1.11,0.184,47.08,900,0.0099
2026-01-03 00:51:44.074609,28.47,13.62,0.013,44.73,585,0.0106
2026-01-03 00:52:44.074609,37.76,1.69,0.032,72.1,895,0.0083
2026-01-03 00:53:44.074609,28.52,1.05,0.115,80.0,598,0.0053
2026-01-03 00:54:44.074609,30.51,5.42,0.196,54.66,768,0.005
2026-01-03 00:55:44.074609,39.89,1.91,0.001,51.62,625,0.0033
2026-01-03 00:56:44.074609,21.96,5.34,0.006,61.55,702,0.0011
2026-01-03 00:57:44.074609,22.24,14.19,0.02,56.18,832,0.0253
2026-01-03 00:58:44.074609,30.67,5.23,0.056,80.0,551,0.001
2026-01-03 00:59:44.074609,28.9,1.12,0.126,71.61,793,0.0194
2026-01-03 01:00:44.074609,28.07,6.07,0.003,65.29,604,0.0229
2026-01-03 01:01:44.074609,15.41,1.58,0.173,37.84,571,0.0108
2026-01-03 01:02:44.074609,25.08,1.83,0.14,12.47,838,0.0018
2026-01-03 01:03:44.074609,13.41,7.63,0.0,56.38,658,0.0016
2026-01-03 01:04:44.074609,29.62,1.14,0.039,48.5,516,0.0028
2026-01-03 01:05:44.074609,32.31,1.24,0.037,80.0,674,0.0301
2026-01-03 01:06:44.074609,33.56,1.48,0.252,70.28,901,0.0072
2026-01-03 01:07:44.074609,24.21,1.06,0.003,61.78,851,0.0069
2026-01-03 01:08:44.074609,36.65,2.1,0.038,53.37,651,0.0033
2026-01-03 01:09:44.074609,32.23,3.77,0.03,53.72,744,0.0234
2026-01-03 01:10:44.074609,23.46,1.8,0.01,47.56,776,0.0054
2026-01-03 01:11:44.074609,34.12,5.43,0.044,54.06,678,0.0106
2026-01-03 01:12:44.074609,27.61,11.57,0.043,64.48,711,0.0041
2026-01-03 01:13:44.074609,35.2,3.48,0.072,41.1,686,0.0169
2026-01-03 01:14:44.074609,33.94,2.12,0.013,80.0,557,0.0021
2026-01-03 01:15:44.074609,22.91,5.76,0.002,79.43,804,0.0283
2026-01-03 01:16:44.074609,35.78,4.75,0.08,62.16,734,0.0034
2026-01-03 01:17:44.074609,30.4,2.66,0.062,65.87,633,0.0055
2026-01-03 01:18:44.074609,30.1,1.35,0.014,54.47,760,0.0097
2026-01-03 01:19:44.074609,34.59,1.61,0.018,67.1,379,0.0407
2026-01-03 01:20:44.074609,23.76,6.4,0.033,54.15,758,0.0154
2026-01-03 01:21:44.074609,32.25,2.83,0.006,49.17,563,0.0138
2026-01-03 01:22:44.074609,19.53,1.23,0.054,70.51,818,0.0143
2026-01-03 01:23:44.074609,30.13,9.5,0.047,42.52,839,0.0041
2026-01-03 01:24:44.074609,32.13,4.62,0.124,55.48,457,0.0191
2026-01-03 01:25:44.074609,27.78,4.2,0.025,67.43,535,0.0136
2026-01-03 01:26:44.074609,17.41,3.09,0.084,45.83,910,0.0061
2026-01-03 01:27:44.074609,29.36,7.5,0.062,75.56,855,0.0004
2026-01-03 01:28:44.074609,30.11,1.08,0.004,38.74,603,0.0415
2026-01-03 01:29:44.074609,39.68,1.98,0.019,65.35,812,0.0064
2026-01-03 01:30:44.074609,22.39,3.19,0.045,55.4,670,0.015
2026-01-03 01:31:44.074609,38.93,2.19,0.026,67.69,673,0.0067
2026-01-03 01:32:44.074609,28.24,1.74,0.035,65.98,755,0.0094
2026-01-03 01:33:44.074609,33.39,3.61,0.186,49.12,476,0.007
2026-01-03 01:34:44.074609,30.5,4.73,0.074,58.51,641,0.0027
2026-01-03 01:35:44.074609,21.39,2.32,0.141,69.73,606,0.0007
2026-01-03 01:36:44.074609,27.05,3.11,0.051,74.21,507,0.0006
2026-01-03 01:37:44.074609,29.86,13.7,0.138,62.69,497,0.0137
2026-01-03 01:38:44.074609,18.78,1.43,0.019,56.93,517,0.008
2026-01-03 01:39:44.074609,23.98,1.18,0.032,80.0,801,0.0132
2026-01-03 01:40:44.074609,28.56,1.25,0.012,49.24,604,0.0061
2026-01-03 01:41:44.074609,28.31,5.06,0.057,63.11,597,0.014
2026-01-03 01:42:44.074609,31.07,7.39,0.009,61.12,641,0.0152
2026-01-03 01:43:44.074609,31.09,2.55,0.034,36.31,476,0.0112
2026-01-03 01:44:44.074609,23.29,5.52,0.104,62.75,604,0.0029
2026-01-03 01:45:44.074609,33.27,2.82,0.011,56.41,637,0.0144
2026-01-03 01:46:44.074609,21.29,18.64,0.077,63.08,719,0.0226
2026-01-03 01:47:44.074609,32.37,1.24,0.063,56.17,574,0.0081
2026-01-03 01:48:44.074609,35.81,2.37,0.011,48.15,556,0.008
2026-01-03 01:49:44.074609,23.64,1.3,0.025,47.46,858,0.0078
2026-01-03 01:50:44.074609,38.4,2.24,0.061,52.18,784,0.0009
2026-01-03 01:51:44.074609,24.02,2.89,0.008,53.04,454,0.0134
2026-01-03 01:52:44.074609,27.12,1.08,0.04,63.47,756,0.001
2026-01-03 01:53:44.074609,34.36,2.92,0.027,79.16,610,0.0051
2026-01-03 01:54:44.074609,30.85,2.2,0.074,72.2,757,0.0406
2026-01-03 01:55:44.074609,30.16,7.46,0.092,61.02,657,0.0001
2026-01-03 01:56:44.074609,32.01,1.03,0.039,37.4,369,0.0051
2026-01-03 01:57:44.074609,26.97,6.82,0.117,67.24,260,0.0143
2026-01-03 01:58:44.074609,28.09,4.69,0.02,54.77,586,0.0014
2026-01-03 01:59:44.074609,22.42,4.05,0.154,46.94,713,0.0153
2026-01-03 02:00:44.074609,29.46,4.9,0.027,70.18,590,0.0236
2026-01-03 02:01:44.074609,26.94,5.72,0.017,58.21,907,0.0246
2026-01-03 02:02:44.074609,29.3,3.34,0.035,45.26,507,0.0159
2026-01-03 02:03:44.074609,21.32,1.3,0.032,56.08,922,0.0064
2026-01-03 02:04:44.074609,25.55,1.46,0.035,69.19,866,0.0138
2026-01-03 02:05:44.074609,34.17,1.85,0.067,63.25,586,0.0048
2026-01-03 02:06:44.074609,35.86,4.22,0.005,65.77,512,0.001
2026-01-03 02:07:44.074609,34.7,7.56,0.015,64.37,603,0.0053
2026-01-03 02:08:44.074609,30.58,3.45,0.063,37.54,809,0.0149
2026-01-03 02:09:44.074609,21.37,1.47,0.05,67.54,487,0.004
2026-01-03 02:10:44.074609,27.19,2.08,0.006,78.73,685,0.0086
2026-01-03 02:11:44.074609,27.41,2.72,0.047,60.19,804,0.0131
2026-01-03 02:12:44.074609,34.3,4.16,0.005,72.63,772,0.0503
2026-01-03 02:13:44.074609,34.43,3.17,0.101,73.23,556,0.013
2026-01-03 02:14:44.074609,29.33,4.7,0.075,63.0,540,0.0035
2026-01-03 02:15:44.074609,23.82,4.46,0.017,68.71,691,0.026
2026-01-03 02:16:44.074609,23.84,11.45,0.013,51.65,794,0.0231
2026-01-03 02:17:44.074609,18.53,5.61,0.026,45.73,767,0.0371
2026-01-03 02:18:44.074609,37.42,9.33,0.028,68.77,719,0.0229
2026-01-03 02:19:44.074609,27.19,2.16,0.028,53.15,648,0.0109
2026-01-03 02:20:44.074609,20.99,3.06,0.055,60.58,727,0.0213
2026-01-03 02:21:44.074609,29.9,1.38,0.026,53.79,759,0.0036
2026-01-03 02:22:44.074609,18.41,4.04,0.023,63.13,774,0.0024
2026-01-03 02:23:44.074609,33.5,2.47,0.038,52.8,478,0.0035
2026-01-03 02:24:44.074609,35.55,2.93,0.012,54.9,632,0.0036
2026-01-03 02:25:44.074609,29.26,3.67,0.077,57.6,709,0.0021
2026-01-03 02:26:44.074609,34.83,2.56,0.039,78.98,741,0.0381
2026-01-03 02:27:44.074609,24.76,4.71,0.072,69.51,753,0.0234
2026-01-03 02:28:44.074609,31.47,1.31,0.006,50.03,751,0.0006
2026-01-03 02:29:44.074609,35.09,1.41,0.056,53.64,564,0.0187
2026-01-03 02:30:44.074609,26.92,6.99,0.07,60.4,439,0.002
2026-01-03 02:31:44.074609,29.0,4.98,0.005,34.96,705,0.0056
2026-01-03 02:32:44.074609,27.1,9.38,0.238,34.71,679,0.0156
2026-01-03 02:33:44.074609,25.5,5.61,0.028,49.8,724,0.0132
2026-01-03 02:34:44.074609,21.86,1.4,0.016,51.23,481,0.0144
2026-01-03 02:35:44.074609,33.64,1.02,0.008,74.82,554,0.0016
2026-01-03 02:36:44.074609,23.22,2.58,0.004,68.72,738,0.0085
2026-01-03 02:37:44.074609,32.87,3.33,0.02,64.86,873,0.0051
2026-01-03 02:38:44.074609,11.24,8.97,0.068,64.86,457,0.0117
2026-01-03 02:39:44.074609,26.15,8.08,0.042,46.23,599,0.0073
2026-01-03 02:40:44.074609,26.61,3.38,0.02,50.47,674,0.0016
2026-01-03 02:41:44.074609,24.25,7.38,0.008,59.47,519,0.0051
2026-01-03 02:42:44.074609,37.29,5.34,0.035,59.03,881,0.009
2026-01-03 02:43:44.074609,31.51,3.87,0.078,76.7,631,0.0086
2026-01-03 02:44:44.074609,31.15,1.27,0.022,73.72,610,0.0072
2026-01-03 02:45:44.074609,33.48,1.76,0.002,57.44,877,0.0061
2026-01-03 02:46:44.074609,25.03,2.85,0.055,69.54,542,0.0017
2026-01-03 02:47:44.074609,37.55,6.29,0.078,44.2,538,0.0013
2026-01-03 02:48:44.074609,35.9,1.73,0.1,59.4,546,0.0105
2026-01-03 02:49:44.074609,33.48,5.41,0.022,76.11,584,0.0001
2026-01-03 02:50:44.074609,25.17,2.29,0.005,72.25,458,0.0225
2026-01-03 02:51:44.074609,25.47,1.43,0.011,67.27,656,0.002
2026-01-03 02:52:44.074609,30.87,6.51,0.025,54.92,709,0.005
2026-01-03 02:53:44.074609,33.8,7.09,0.043,58.66,587,0.0371
2026-01-03 02:54:44.074609,20.48,3.81,0.076,78.91,330,0.0056
2026-01-03 02:55:44.074609,32.72,3.12,0.033,64.44,516,0.028
2026-01-03 02:56:44.074609,25.38,2.14,0.081,70.38,737,0.0276
2026-01-03 02:57:44.074609,32.86,1.55,0.049,61.79,552,0.0135
2026-01-03 02:58:44.074609,33.31,5.52,0.089,73.11,499,0.0036
2026-01-03 02:59:44.074609,26.78,3.73,0.027,80.0,603,0.0008
2026-01-03 03:00:44.074609,26.11,3.89,0.094,80.0,610,0.0017
2026-01-03 03:01:44.074609,23.16,2.53,0.013,48.51,820,0.0094
2026-01-03 03:02:44.074609,23.47,1.25,0.051,68.18,644,0.0034
2026-01-03 03:03:44.074609,33.58,1.75,0.117,70.52,913,0.0016
2026-01-03 03:04:44.074609,27.69,1.89,0.044,58.46,387,0.0047
2026-01-03 03:05:44.074609,27.09,1.01,0.052,80.0,411,0.001
2026-01-03 03:06:44.074609,23.16,1.75,0.013,57.08,741,0.0004
2026-01-03 03:07:44.074609,21.13,3.07,0.023,63.14,571,0.0061
2026-01-03 03:08:44.074609,33.99,4.83,0.028,66.45,794,0.0053
2026-01-03 03:09:44.074609,31.19,4.25,0.118,58.56,641,0.0239
2026-01-03 03:10:44.074609,20.76,2.17,0.172,48.47,637,0.0212
2026-01-03 03:11:44.074609,30.42,12.42,0.006,47.08,478,0.0137
2026-01-03 03:12:44.074609,27.36,1.38,0.014,61.58,471,0.0207
2026-01-03 03:13:44.074609,24.28,3.49,0.08,58.73,727,0.009
2026-01-03 03:14:44.074609,24.0,3.33,0.014,60.91,641,0.0028
2026-01-03 03:15:44.074609,29.24,1.39,0.031,69.88,635,0.0199
2026-01-03 03:16:44.074609,31.63,1.89,0.042,80.0,620,0.0
2026-01-03 03:17:44.074609,23.41,1.29,0.016,46.09,545,0.0443
2026-01-03 03:18:44.074609,38.59,1.5,0.032,52.16,670,0.0126
2026-01-03 03:19:44.074609,34.51,3.43,0.017,75.47,480,0.0016
2026-01-03 03:20:44.074609,38.18,4.51,0.007,64.96,587,0.0108
2026-01-03 03:21:44.074609,21.76,2.51,0.059,80.0,659,0.0348
2026-01-03 03:22:44.074609,37.92,10.35,0.027,60.79,820,0.0072
2026-01-03 03:23:44.074609,28.84,7.93,0.076,50.28,581,0.0044
2026-01-03 03:24:44.074609,30.75,1.8,0.019,34.37,791,0.0082
2026-01-03 03:25:44.074609,18.47,1.3,0.111,52.01,687,0.0027
2026-01-03 03:26:44.074609,35.74,1.04,0.001,55.11,657,0.0506
2026-01-03 03:27:44.074609,31.52,1.51,0.039,47.18,660,0.0088
2026-01-03 03:28:44.074609,27.52,1.27,0.094,68.98,661,0.0248
2026-01-03 03:29:44.074609,19.18,5.4,0.015,57.51,748,0.0153
2026-01-03 03:30:44.074609,31.12,1.96,0.026,55.06,308,0.0018
2026-01-03 03:31:44.074609,32.06,3.28,0.086,19.81,446,0.0109
2026-01-03 03:32:44.074609,28.82,5.79,0.019,46.01,701,0.0042
2026-01-03 03:33:44.074609,37.95,6.77,0.159,66.81,1020,0.0054
2026-01-03 03:34:44.074609,25.61,1.22,0.027,66.29,724,0.0223
2026-01-03 03:35:44.074609,28.47,1.34,0.011,50.02,649,0.0142
2026-01-03 03:36:44.074609,33.58,1.2,0.027,47.78,700,0.0039
2026-01-03 03:37:44.074609,29.31,11.61,0.088,51.5,681,0.0073
2026-01-03 03:38:44.074609,34.49,2.56,0.085,74.3,513,0.017
2026-01-03 03:39:44.074609,32.73,5.89,0.014,48.81,550,0.0216
2026-01-03 03:40:44.074609,36.42,1.87,0.03,69.88,691,0.0074
2026-01-03 03:41:44.074609,33.62,2.11,0.004,54.24,838,0.0003
2026-01-03 03:42:44.074609,26.67,3.64,0.045,56.09,698,0.0033
2026-01-03 03:43:44.074609,16.96,5.0,0.051,47.69,739,0.0256
2026-01-03 03:44:44.074609,31.38,2.69,0.209,67.62,529,0.0076
2026-01-03 03:45:44.074609,27.69,5.6,0.133,75.96,763,0.0007
2026-01-03 03:46:44.074609,32.41,1.69,0.183,65.99,885,0.0046
2026-01-03 03:47:44.074609,27.53,3.07,0.012,52.73,654,0.0088
2026-01-03 03:48:44.074609,20.89,1.82,0.044,57.68,771,0.0195
2026-01-03 03:49:44.074609,27.94,3.66,0.028,46.58,797,0.0
2026-01-03 03:50:44.074609,20.38,11.33,0.013,48.47,550,0.0556
2026-01-03 03:51:44.074609,30.4,2.35,0.159,69.14,629,0.0085
2026-01-03 03:52:44.074609,33.54,11.28,0.202,73.81,627,0.0036
2026-01-03 03:53:44.074609,22.17,1.7,0.053,53.15,445,0.0052
2026-01-03 03:54:44.074609,28.61,2.4,0.219,54.21,785,0.0245
2026-01-03 03:55:44.074609,35.51,11.2,0.025,42.84,497,0.0031
2026-01-03 03:56:44.074609,34.08,3.56,0.194,67.73,640,0.0246
2026-01-03 03:57:44.074609,24.92,4.09,0.036,39.26,599,0.0096
2026-01-03 03:58:44.074609,37.12,1.27,0.034,63.68,381,0.012
2026-01-03 03:59:44.074609,25.33,3.11,0.046,56.03,572,0.0078
2026-01-03 04:00:44.074609,21.78,2.04,0.016,66.68,649,0.0098
2026-01-03 04:01:44.074609,25.23,1.06,0.052,80.0,541,0.0062
2026-01-03 04:02:44.074609,29.85,8.41,0.011,31.19,376,0.0166
2026-01-03 04:03:44.074609,31.29,2.36,0.004,67.25,823,0.0121
2026-01-03 04:04:44.074609,21.94,11.06,0.03,66.87,932,0.0016
2026-01-03 04:05:44.074609,40.73,10.03,0.023,33.66,654,0.0028
2026-01-03 04:06:44.074609,30.41,1.64,0.008,53.32,644,0.0059
2026-01-03 04:07:44.074609,25.59,2.92,0.017,62.67,951,0.0072
2026-01-03 04:08:44.074609,22.11,6.32,0.013,74.7,582,0.0075
2026-01-03 04:09:44.074609,26.05,5.2,0.179,57.45,781,0.0073
2026-01-03 04:10:44.074609,30.18,1.79,0.001,57.23,932,0.0152
2026-01-03 04:11:44.074609,12.76,2.01,0.032,63.55,431,0.0025
2026-01-03 04:12:44.074609,33.76,1.97,0.003,49.5,644,0.0127
2026-01-03 04:13:44.074609,21.47,3.36,0.182,51.85,639,0.015
2026-01-03 04:14:44.074609,39.2,5.01,0.111,63.93,605,0.0036
2026-01-03 04:15:44.074609,27.63,8.85,0.166,61.39,670,0.0067
2026-01-03 04:16:44.074609,28.15,3.4,0.059,49.08,518,0.001
2026-01-03 04:17:44.074609,22.11,1.89,0.11,64.89,742,0.0051
2026-01-03 04:18:44.074609,17.75,1.23,0.023,70.04,623,0.0039
2026-01-03 04:19:44.074609,35.49,5.27,0.08,51.39,808,0.0071
2026-01-03 04:20:44.074609,26.27,1.98,0.018,51.82,598,0.002
2026-01-03 04:21:44.074609,29.05,6.51,0.01,67.64,651,0.0007
2026-01-03 04:22:44.074609,33.54,1.46,0.018,57.46,625,0.0006
2026-01-03 04:23:44.074609,23.82,16.54,0.013,47.03,750,0.0196
2026-01-03 04:24:44.074609,22.13,2.47,0.104,44.36,575,0.004
2026-01-03 04:25:44.074609,19.24,4.35,0.014,75.57,520,0.0061
2026-01-03 04:26:44.074609,35.69,3.45,0.058,66.74,585,0.0128
2026-01-03 04:27:44.074609,25.01,1.51,0.038,80.0,617,0.0053
2026-01-03 04:28:44.074609,21.45,4.82,0.011,51.59,777,0.0059
2026-01-03 04:29:44.074609,31.63,2.1,0.024,75.39,754,0.004
2026-01-03 04:30:44.074609,18.95,4.88,0.043,52.76,542,0.0025
2026-01-03 04:31:44.074609,30.25,3.12,0.07,26.92,481,0.0116
2026-01-03 04:32:44.074609,22.5,5.91,0.024,65.11,692,0.0146
2026-01-03 04:33:44.074609,32.18,5.28,0.194,73.15,556,0.0062
2026-01-03 04:34:44.074609,27.6,1.14,0.017,36.42,750,0.0116
2026-01-03 04:35:44.074609,26.51,7.91,0.004,74.67,692,0.0039
2026-01-03 04:36:44.074609,30.17,2.06,0.018,64.33,704,0.004
2026-01-03 04:37:44.074609,22.32,2.9,0.336,62.0,582,0.0002
2026-01-03 04:38:44.074609,24.97,4.87,0.052,65.06,577,0.0036
2026-01-03 04:39:44.074609,26.98,1.29,0.015,44.74,781,0.0157
2026-01-03 04:40:44.074609,26.17,2.75,0.064,33.93,755,0.0129
2026-01-03 04:41:44.074609,33.84,3.89,0.057,78.33,775,0.0018
2026-01-03 04:42:44.074609,26.54,7.46,0.021,61.87,523,0.0047
2026-01-03 04:43:44.074609,26.65,4.31,0.018,75.29,585,0.0093
2026-01-03 04:44:44.074609,20.99,4.21,0.043,56.3,598,0.0015
2026-01-03 04:45:44.074609,39.33,3.57,0.068,80.0,606,0.003
2026-01-03 04:46:44.074609,23.74,1.58,0.039,38.94,688,0.0124
2026-01-03 04:47:44.074609,33.3,3.2,0.021,55.4,540,0.0011
2026-01-03 04:48:44.074609,23.68,6.1,0.005,57.79,646,0.0152
2026-01-03 04:49:44.074609,28.06,3.56,0.026,57.43,522,0.016
2026-01-03 04:50:44.074609,22.87,11.95,0.021,62.61,853,0.0153
2026-01-03 04:51:44.074609,31.45,7.51,0.078,62.07,398,0.0071
2026-01-03 04:52:44.074609,26.84,3.09,0.047,65.39,511,0.0061
2026-01-03 04:53:44.074609,20.6,2.71,0.012,66.62,645,0.0025
2026-01-03 04:54:44.074609,34.29,1.13,0.056,34.83,687,0.0107
2026-01-03 04:55:44.074609,32.83,2.11,0.222,51.1,792,0.0008
2026-01-03 04:56:44.074609,30.14,2.28,0.067,44.25,722,0.0044
2026-01-03 04:57:44.074609,32.17,2.27,0.018,39.67,595,0.0022
2026-01-03 04:58:44.074609,20.7,10.86,0.008,56.64,757,0.0047
2026-01-03 04:59:44.074609,31.88,4.47,0.032,41.97,643,0.0095
2026-01-03 05:00:44.074609,30.19,2.8,0.019,57.42,545,0.0171
2026-01-03 05:01:44.074609,28.52,7.38,0.012,54.84,721,0.0029
2026-01-03 05:02:44.074609,24.62,1.64,0.024,71.0,614,0.0096
2026-01-03 05:03:44.074609,33.17,10.24,0.006,27.53,618,0.0005
2026-01-03 05:04:44.074609,22.02,4.19,0.004,58.19,558,0.0317
2026-01-03 05:05:44.074609,17.54,19.58,0.038,45.93,467,0.0022
2026-01-03 05:06:44.074609,19.57,3.15,0.029,48.88,585,0.0037
2026-01-03 05:07:44.074609,24.27,1.5,0.147,58.68,556,0.0118
2026-01-03 05:08:44.074609,28.65,1.19,0.067,68.36,813,0.0132
2026-01-03 05:09:44.074609,29.6,1.44,0.021,52.87,650,0.0342
2026-01-03 05:10:44.074609,32.19,1.28,0.032,60.74,574,0.0008
2026-01-03 05:11:44.074609,25.15,5.14,0.009,48.89,637,0.0388
2026-01-03 05:12:44.074609,25.83,1.35,0.005,47.87,792,0.0126
2026-01-03 05:13:44.074609,27.19,1.92,0.03,40.24,747,0.0073
2026-01-03 05:14:44.074609,32.58,8.91,0.015,66.36,470,0.0097
2026-01-03 05:15:44.074609,28.94,2.41,0.069,51.8,679,0.0
2026-01-03 05:16:44.074609,35.89,4.03,0.069,55.51,437,0.0337
2026-01-03 05:17:44.074609,22.64,1.71,0.041,49.08,666,0.0036
2026-01-03 05:18:44.074609,31.31,4.05,0.049,43.81,691,0.0101
2026-01-03 05:19:44.074609,26.4,3.33,0.227,57.88,686,0.001
2026-01-03 05:20:44.074609,27.74,4.96,0.006,65.2,435,0.009
2026-01-03 05:21:44.074609,31.39,3.7,0.122,75.73,454,0.0018
2026-01-03 05:22:44.074609,26.77,2.53,0.062,61.05,531,0.0028
2026-01-03 05:23:44.074609,30.08,5.3,0.02,43.32,535,0.0274
2026-01-03 05:24:44.074609,29.22,2.23,0.3,58.95,600,0.0009
2026-01-03 05:25:44.074609,29.2,11.76,0.047,61.49,934,0.0049
2026-01-03 05:26:44.074609,42.72,2.9,0.05,60.45,737,0.0195
2026-01-03 05:27:44.074609,28.58,2.28,0.051,73.18,543,0.0047
2026-01-03 05:28:44.074609,27.65,16.38,0.002,69.51,713,0.0105
2026-01-03 05:29:44.074609,37.98,2.68,0.005,66.03,640,0.0109
2026-01-03 05:30:44.074609,31.16,3.27,0.003,55.9,872,0.0095
2026-01-03 05:31:44.074609,29.07,1.23,0.039,46.22,786,0.0129
2026-01-03 05:32:44.074609,29.08,1.86,0.11,80.0,821,0.0019
2026-01-03 05:33:44.074609,32.62,3.01,0.009,53.0,809,0.0034
2026-01-03 05:34:44.074609,34.61,1.08,0.011,43.47,604,0.0022
2026-01-03 05:35:44.074609,30.77,5.33,0.019,57.13,668,0.0061
2026-01-03 05:36:44.074609,30.71,2.9,0.026,51.0,473,0.0075
2026-01-03 05:37:44.074609,37.25,2.33,0.063,60.72,715,0.0049
2026-01-03 05:38:44.074609,28.73,7.94,0.086,76.73,812,0.0009
2026-01-03 05:39:44.074609,17.58,2.69,0.047,67.63,638,0.044
2026-01-03 05:40:44.074609,33.22,3.7,0.009,66.37,537,0.0005
2026-01-03 05:41:44.074609,21.57,2.7,0.069,57.64,489,0.0029
2026-01-03 05:42:44.074609,27.39,2.37,0.004,80.0,832,0.0006
2026-01-03 05:43:44.074609,19.59,2.22,0.041,35.86,523,0.016
2026-01-03 05:44:44.074609,18.08,1.53,0.048,33.28,657,0.013
2026-01-03 05:45:44.074609,21.49,4.3,0.081,80.0,659,0.0207
2026-01-03 05:46:44.074609,29.8,1.0,0.038,56.62,636,0.0076
2026-01-03 05:47:44.074609,25.21,4.33,0.034,78.2,423,0.0048
2026-01-03 05:48:44.074609,25.3,2.29,0.052,66.08,911,0.0056
2026-01-03 05:49:44.074609,26.64,5.68,0.11,43.99,608,0.0111
2026-01-03 05:50:44.074609,29.09,1.83,0.019,66.25,564,0.0105
2026-01-03 05:51:44.074609,37.21,1.81,0.029,72.23,832,0.0157
2026-01-03 05:52:44.074609,35.99,2.02,0.074,80.0,562,0.0061
2026-01-03 05:53:44.074609,32.69,1.57,0.003,80.0,589,0.0021
2026-01-03 05:54:44.074609,30.54,12.51,0.063,65.58,455,0.0076
2026-01-03 05:55:44.074609,30.97,6.35,0.012,67.91,600,0.0007
2026-01-03 05:56:44.074609,28.9,4.75,0.001,73.64,685,0.0048
2026-01-03 05:57:44.074609,29.24,3.59,0.013,63.01,718,0.0063
2026-01-03 05:58:44.074609,26.0,3.27,0.07,66.57,808,0.0279
2026-01-03 05:59:44.074609,31.36,4.27,0.005,69.79,626,0.0016
2026-01-03 06:00:44.074609,22.07,7.96,0.082,57.41,631,0.0171
2026-01-03 06:01:44.074609,19.79,5.26,0.018,51.49,669,0.0158
2026-01-03 06:02:44.074609,36.06,1.97,0.035,67.05,662,0.0031
2026-01-03 06:03:44.074609,33.12,3.79,0.014,67.52,689,0.0129
2026-01-03 06:04:44.074609,26.78,1.72,0.048,42.87,625,0.0076
2026-01-03 06:05:44.074609,25.35,2.89,0.045,54.88,634,0.003
2026-01-03 06:06:44.074609,25.21,1.09,0.007,55.08,611,0.0163
2026-01-03 06:07:44.074609,21.81,1.32,0.018,55.96,579,0.0017
2026-01-03 06:08:44.074609,34.94,2.55,0.041,59.59,609,0.005
2026-01-03 06:09:44.074609,33.15,2.26,0.038,77.09,849,0.0088
2026-01-03 06:10:44.074609,23.37,1.26,0.052,45.39,839,0.0209
2026-01-03 06:11:44.074609,26.4,8.04,0.029,63.0,757,0.007
2026-01-03 06:12:44.074609,31.59,2.53,0.124,48.62,540,0.0045
2026-01-03 06:13:44.074609,30.87,1.9,0.176,53.87,724,0.0025
2026-01-03 06:14:44.074609,24.46,11.44,0.051,45.24,740,0.0223
2026-01-03 06:15:44.074609,33.07,10.4,0.007,63.6,681,0.0046
2026-01-03 06:16:44.074609,34.14,4.17,0.018,57.55,441,0.0024
2026-01-03 06:17:44.074609,31.64,6.49,0.142,58.22,580,0.0167
2026-01-03 06:18:44.074609,34.61,8.69,0.147,44.96,735,0.0004
2026-01-03 06:19:44.074609,34.77,2.88,0.054,56.9,909,0.0019
2026-01-03 06:20:44.074609,22.74,5.34,0.023,43.28,782,0.0159
2026-01-03 06:21:44.074609,37.76,9.17,0.001,45.55,475,0.0068
2026-01-03 06:22:44.074609,33.63,1.13,0.011,74.1,614,0.0065
2026-01-03 06:23:44.074609,33.92,2.11,0.06,61.51,607,0.0044
2026-01-03 06:24:44.074609,30.49,12.71,0.204,49.7,452,0.0058
2026-01-03 06:25:44.074609,32.87,2.2,0.095,61.66,557,0.005
2026-01-03 06:26:44.074609,28.29,7.81,0.014,45.02,790,0.0005
2026-01-03 06:27:44.074609,35.18,2.58,0.048,61.2,666,0.0022
2026-01-03 06:28:44.074609,29.26,4.97,0.035,58.01,868,0.0014
2026-01-03 06:29:44.074609,26.48,3.19,0.106,80.0,635,0.0061
2026-01-03 06:30:44.074609,33.62,3.17,0.037,60.37,706,0.0032
2026-01-03 06:31:44.074609,40.94,4.06,0.044,65.74,542,0.0006
2026-01-03 06:32:44.074609,17.75,6.06,0.021,58.14,559,0.0021
2026-01-03 06:33:44.074609,32.36,2.46,0.005,56.56,647,0.002
2026-01-03 06:34:44.074609,17.35,2.89,0.09,51.98,551,0.009
2026-01-03 06:35:44.074609,33.97,4.78,0.005,53.18,537,0.0029
2026-01-03 06:36:44.074609,29.82,1.59,0.01,72.86,912,0.0019
2026-01-03 06:37:44.074609,28.1,1.31,0.006,60.69,692,0.0085
2026-01-03 06:38:44.074609,28.57,9.93,0.029,58.5,277,0.012
2026-01-03 06:39:44.074609,33.62,1.09,0.029,54.01,970,0.0032
2026-01-03 06:40:44.074609,29.68,2.67,0.033,72.27,744,0.0134
2026-01-03 06:41:44.074609,25.64,1.65,0.019,67.24,801,0.0151
2026-01-03 06:42:44.074609,27.36,6.72,0.016,37.82,739,0.0012
2026-01-03 06:43:44.074609,23.55,4.31,0.052,64.08,605,0.0153
2026-01-03 06:44:44.074609,29.9,20.0,0.095,68.58,806,0.0055
2026-01-03 06:45:44.074609,33.48,3.99,0.08,70.88,516,0.0082
2026-01-03 06:46:44.074609,27.46,1.92,0.024,57.99,629,0.0165
2026-01-03 06:47:44.074609,26.83,2.9,0.017,58.79,326,0.0269
2026-01-03 06:48:44.074609,24.94,1.13,0.058,60.16,479,0.0004
2026-01-03 06:49:44.074609,22.18,6.46,0.006,58.47,1030,0.0356
2026-01-03 06:50:44.074609,38.68,4.19,0.017,51.81,603,0.0141
2026-01-03 06:51:44.074609,33.36,1.13,0.072,78.91,693,0.0088
2026-01-03 06:52:44.074609,28.82,2.09,0.024,65.71,545,0.0123
2026-01-03 06:53:44.074609,25.61,1.24,0.122,53.18,559,0.0033
2026-01-03 06:54:44.074609,21.48,2.6,0.063,55.86,680,0.0116
2026-01-03 06:55:44.074609,21.5,1.14,0.06,59.2,612,0.0113
2026-01-03 06:56:44.074609,37.92,3.32,0.05,80.0,778,0.0022
2026-01-03 06:57:44.074609,25.81,2.77,0.074,36.88,512,0.0029
2026-01-03 06:58:44.074609,25.91,1.73,0.066,80.0,615,0.0054
2026-01-03 06:59:44.074609,33.05,3.13,0.136,63.65,817,0.0078
2026-01-03 07:00:44.074609,31.45,1.9,0.022,35.76,813,0.0049
2026-01-03 07:01:44.074609,19.57,2.94,0.026,67.2,550,0.0078
2026-01-03 07:02:44.074609,26.66,2.08,0.054,49.48,413,0.0005
2026-01-03 07:03:44.074609,28.27,1.07,0.039,61.68,694,0.0121
2026-01-03 07:04:44.074609,30.88,1.45,0.054,63.76,843,0.0223
2026-01-03 07:05:44.074609,22.96,7.11,0.049,47.97,1012,0.004
2026-01-03 07:06:44.074609,33.8,1.84,0.084,58.09,523,0.0101
2026-01-03 07:07:44.074609,28.52,3.58,0.068,46.01,549,0.0084
2026-01-03 07:08:44.074609,22.63,13.25,0.012,54.39,631,0.0046
2026-01-03 07:09:44.074609,27.51,4.74,0.011,58.71,601,0.0147
2026-01-03 07:10:44.074609,23.49,1.34,0.013,79.14,736,0.0105
2026-01-03 07:11:44.074609,29.86,1.42,0.026,44.6,870,0.0013
2026-01-03 07:12:44.074609,39.48,1.11,0.08,53.35,677,0.0014
2026-01-03 07:13:44.074609,29.67,17.69,0.015,63.26,442,0.0097
2026-01-03 07:14:44.074609,27.83,1.37,0.007,61.17,590,0.0068
2026-01-03 07:15:44.074609,33.43,5.05,0.031,62.2,646,0.0012
2026-01-03 07:16:44.074609,30.12,15.74,0.001,34.24,713,0.007
2026-01-03 07:17:44.074609,19.51,3.44,0.071,63.05,556,0.0031
2026-01-03 07:18:44.074609,20.1,6.15,0.065,57.08,665,0.0008
2026-01-03 07:19:44.074609,30.95,2.33,0.159,58.94,567,0.0068
2026-01-03 07:20:44.074609,22.81,2.44,0.055,59.44,691,0.0128
2026-01-03 07:21:44.074609,29.54,2.81,0.108,48.96,854,0.0026
2026-01-03 07:22:44.074609,22.71,1.9,0.024,44.65,539,0.0005
2026-01-03 07:23:44.074609,28.83,3.09,0.034,49.24,431,0.0109
2026-01-03 07:24:44.074609,31.58,3.09,0.02,65.6,751,0.005
2026-01-03 07:25:44.074609,19.91,8.42,0.011,60.98,632,0.013
2026-01-03 07:26:44.074609,26.31,8.7,0.051,60.42,569,0.0338
2026-01-03 07:27:44.074609,24.52,1.75,0.014,58.55,606,0.0235
2026-01-03 07:28:44.074609,27.58,3.17,0.056,70.7,677,0.0075
2026-01-03 07:29:44.074609,29.3,1.24,0.011,61.45,558,0.0034
2026-01-03 07:30:44.074609,39.37,2.63,0.029,62.42,419,0.012
2026-01-03 07:31:44.074609,31.36,5.76,0.041,60.61,617,0.0118
2026-01-03 07:32:44.074609,20.02,6.46,0.161,66.44,961,0.0002
2026-01-03 07:33:44.074609,27.51,2.23,0.051,50.81,956,0.0064
2026-01-03 07:34:44.074609,33.21,1.98,0.153,60.22,394,0.0012
2026-01-03 07:35:44.074609,27.57,5.06,0.016,48.91,429,0.0049
2026-01-03 07:36:44.074609,30.95,8.11,0.097,37.66,662,0.0021
2026-01-03 07:37:44.074609,25.45,13.73,0.023,73.65,817,0.0326
2026-01-03 07:38:44.074609,20.36,12.22,0.061,63.54,852,0.0141
2026-01-03 07:39:44.074609,28.0,3.9,0.039,73.39,774,0.0044
2026-01-03 07:40:44.074609,29.12,1.7,0.03,58.4,459,0.0234
2026-01-03 07:41:44.074609,34.02,1.55,0.116,62.89,597,0.01
2026-01-03 07:42:44.074609,28.75,10.07,0.004,68.89,670,0.0001
2026-01-03 07:43:44.074609,25.8,2.28,0.049,80.0,342,0.0037
2026-01-03 07:44:44.074609,28.68,6.33,0.137,59.34,789,0.0216
2026-01-03 07:45:44.074609,27.33,2.0,0.005,68.33,737,0.0082
2026-01-03 07:46:44.074609,28.07,4.3,0.006,57.01,500,0.0302
2026-01-03 07:47:44.074609,33.19,1.38,0.048,54.31,785,0.0
2026-01-03 07:48:44.074609,29.89,1.63,0.012,59.03,579,0.0075
2026-01-03 07:49:44.074609,32.56,4.87,0.015,59.39,677,0.0053
2026-01-03 07:50:44.074609,31.29,4.42,0.026,62.94,571,0.0174
2026-01-03 07:51:44.074609,23.19,10.41,0.001,68.34,493,0.0005
2026-01-03 07:52:44.074609,23.52,2.56,0.049,56.68,829,0.0129
2026-01-03 07:53:44.074609,27.56,5.61,0.033,74.23,720,0.0113
2026-01-03 07:54:44.074609,14.96,4.89,0.022,69.48,669,0.0374
2026-01-03 07:55:44.074609,24.5,4.39,0.027,50.85,648,0.0164
2026-01-03 07:56:44.074609,28.04,5.79,0.034,80.0,536,0.0025
2026-01-03 07:57:44.074609,26.62,2.94,0.02,58.7,794,0.0048
2026-01-03 07:58:44.074609,36.21,1.02,0.015,50.27,675,0.0011
2026-01-03 07:59:44.074609,35.37,2.16,0.034,67.91,773,0.009
2026-01-03 08:00:44.074609,24.9,12.13,0.032,67.84,745,0.0069
2026-01-03 08:01:44.074609,24.53,1.39,0.028,69.09,650,0.0101
2026-01-03 08:02:44.074609,32.16,3.94,0.007,78.5,543,0.0358
2026-01-03 08:03:44.074609,26.45,1.3,0.014,43.14,744,0.0026
2026-01-03 08:04:44.074609,15.79,1.77,0.075,57.58,674,0.0116
2026-01-03 08:05:44.074609,29.53,4.35,0.081,56.83,665,0.0075
2026-01-03 08:06:44.074609,25.12,2.04,0.015,80.0,734,0.0003
2026-01-03 08:07:44.074609,21.28,1.45,0.049,61.78,575,0.0045
2026-01-03 08:08:44.074609,17.87,4.14,0.032,57.19,691,0.0135
2026-01-03 08:09:44.074609,28.6,3.41,0.02,36.42,417,0.0001
2026-01-03 08:10:44.074609,26.96,1.73,0.06,48.67,771,0.0052
2026-01-03 08:11:44.074609,31.13,1.69,0.015,75.95,581,0.0041
2026-01-03 08:12:44.074609,31.48,4.28,0.041,70.61,638,0.0025
2026-01-03 08:13:44.074609,24.34,3.87,0.102,64.87,876,0.0172
2026-01-03 08:14:44.074609,26.4,1.44,0.061,60.35,751,0.0021
2026-01-03 08:15:44.074609,26.14,1.33,0.036,50.95,502,0.0083
2026-01-03 08:16:44.074609,13.47,4.67,0.002,51.55,638,0.0137
2026-01-03 08:17:44.074609,12.0,5.55,0.062,49.03,733,0.0055
2026-01-03 08:18:44.074609,29.14,5.96,0.024,52.0,741,0.0034
2026-01-03 08:19:44.074609,22.24,1.78,0.018,67.07,742,0.0112
2026-01-03 08:20:44.074609,30.1,6.28,0.039,33.48,729,0.0025
2026-01-03 08:21:44.074609,39.76,2.46,0.081,53.13,765,0.0421
2026-01-03 08:22:44.074609,33.35,2.05,0.052,61.69,792,0.0156
2026-01-03 08:23:44.074609,37.93,1.17,0.213,37.44,695,0.0119
2026-01-03 08:24:44.074609,29.85,1.62,0.002,54.76,781,0.0031
2026-01-03 08:25:44.074609,16.96,4.16,0.033,78.76,754,0.0022
2026-01-03 08:26:44.074609,30.78,2.2,0.029,57.08,698,0.0048
2026-01-03 08:27:44.074609,22.83,10.06,0.112,80.0,937,0.0006
2026-01-03 08:28:44.074609,29.41,4.57,0.061,42.64,570,0.0247
2026-01-03 08:29:44.074609,38.84,1.1,0.027,46.89,595,0.0092
2026-01-03 08:30:44.074609,34.95,1.71,0.027,60.02,747,0.0232
2026-01-03 08:31:44.074609,35.13,2.54,0.001,38.71,302,0.0141
2026-01-03 08:32:44.074609,22.11,1.98,0.012,47.36,511,0.0091
2026-01-03 08:33:44.074609,16.55,2.41,0.023,53.8,724,0.0001
2026-01-03 08:34:44.074609,33.2,15.96,0.071,47.21,867,0.0081
2026-01-03 08:35:44.074609,30.79,5.05,0.01,51.62,425,0.0143
2026-01-03 08:36:44.074609,18.36,6.45,0.005,78.39,697,0.0154
2026-01-03 08:37:44.074609,28.73,6.85,0.019,43.19,822,0.0009
2026-01-03 08:38:44.074609,26.41,6.89,0.019,45.37,738,0.0273
2026-01-03 08:39:44.074609,11.9,2.71,0.059,74.01,511,0.0212
2026-01-03 08:40:44.074609,27.48,2.68,0.004,80.0,705,0.0032
2026-01-03 08:41:44.074609,31.64,4.15,0.027,72.29,423,0.0137
2026-01-03 08:42:44.074609,32.26,1.15,0.002,54.88,821,0.0042
2026-01-03 08:43:44.074609,37.07,1.67,0.01,69.31,663,0.0049
2026-01-03 08:44:44.074609,31.15,5.85,0.037,48.82,564,0.0051
2026-01-03 08:45:44.074609,29.93,1.39,0.05,55.73,713,0.0048
2026-01-03 08:46:44.074609,20.81,1.32,0.044,73.39,801,0.0101
2026-01-03 08:47:44.074609,48.61,4.03,0.059,59.04,779,0.0017
2026-01-03 08:48:44.074609,38.27,1.71,0.015,60.08,675,0.008
2026-01-03 08:49:44.074609,25.55,7.87,0.112,54.54,672,0.0059
2026-01-03 08:50:44.074609,26.96,2.17,0.067,75.57,719,0.0008
2026-01-03 08:51:44.074609,21.73,2.2,0.035,43.43,592,0.0046
2026-01-03 08:52:44.074609,18.44,4.99,0.046,43.57,729,0.0039
2026-01-03 08:53:44.074609,27.16,3.77,0.314,57.14,694,0.0103
2026-01-03 08:54:44.074609,23.86,7.99,0.006,50.72,614,0.0052
2026-01-03 08:55:44.074609,28.58,4.85,0.038,59.61,632,0.0016
2026-01-03 08:56:44.074609,33.93,6.45,0.016,78.33,851,0.003
2026-01-03 08:57:44.074609,33.32,8.6,0.044,68.19,742,0.003
2026-01-03 08:58:44.074609,32.7,2.11,0.033,45.76,641,0.0013
2026-01-03 08:59:44.074609,37.98,6.38,0.04,54.94,345,0.0021
2026-01-03 09:00:44.074609,25.36,1.48,0.078,77.41,627,0.0122
2026-01-03 09:01:44.074609,28.52,2.76,0.028,40.31,696,0.0168
2026-01-03 09:02:44.074609,28.43,8.02,0.002,53.25,435,0.0103
2026-01-03 09:03:44.074609,33.49,9.43,0.009,58.52,642,0.006
2026-01-03 09:04:44.074609,34.9,5.61,0.005,62.96,749,0.0208
2026-01-03 09:05:44.074609,28.29,1.29,0.009,61.16,560,0.0169
2026-01-03 09:06:44.074609,26.52,2.06,0.186,47.17,720,0.0065
2026-01-03 09:07:44.074609,24.16,3.3,0.002,16.91,632,0.0157
2026-01-03 09:08:44.074609,39.44,6.07,0.013,59.55,626,0.0381
2026-01-03 09:09:44.074609,18.97,1.51,0.017,53.76,546,0.0107
2026-01-03 09:10:44.074609,18.03,1.96,0.003,71.48,603,0.0069
2026-01-03 09:11:44.074609,28.27,1.97,0.011,65.52,696,0.0093
2026-01-03 09:12:44.074609,38.94,5.22,0.065,28.16,741,0.0077
2026-01-03 09:13:44.074609,22.3,2.62,0.02,62.9,559,0.0017
2026-01-03 09:14:44.074609,26.8,1.53,0.023,56.52,676,0.0054
2026-01-03 09:15:44.074609,34.04,1.15,0.011,49.77,508,0.0032
2026-01-03 09:16:44.074609,29.45,1.55,0.007,58.23,837,0.01
2026-01-03 09:17:44.074609,31.74,1.89,0.018,33.26,525,0.0096
2026-01-03 09:18:44.074609,30.6,6.74,0.006,73.71,441,0.0082
2026-01-03 09:19:44.074609,29.01,9.24,0.01,70.71,694,0.0046
2026-01-03 09:20:44.074609,32.52,1.63,0.085,37.0,809,0.0059
2026-01-03 09:21:44.074609,25.43,1.28,0.121,71.63,444,0.0023
2026-01-03 09:22:44.074609,21.6,7.83,0.012,69.76,690,0.0004
2026-01-03 09:23:44.074609,26.41,4.22,0.023,74.04,511,0.0002
2026-01-03 09:24:44.074609,33.05,9.86,0.001,53.36,700,0.005
2026-01-03 09:25:44.074609,25.44,7.02,0.034,65.58,836,0.0042
2026-01-03 09:26:44.074609,21.57,2.28,0.066,45.63,568,0.0165
2026-01-03 09:27:44.074609,28.19,3.24,0.06,76.76,304,0.0528
2026-01-03 09:28:44.074609,29.93,1.48,0.045,62.95,741,0.0213
2026-01-03 09:29:44.074609,21.27,6.72,0.025,46.98,550,0.0141
2026-01-03 09:30:44.074609,30.83,3.39,0.016,80.0,643,0.0001
2026-01-03 09:31:44.074609,31.9,1.75,0.07,80.0,509,0.0064
2026-01-03 09:32:44.074609,22.87,4.38,0.132,54.6,514,0.0007
2026-01-03 09:33:44.074609,26.46,4.68,0.019,78.88,665,0.0288
2026-01-03 09:34:44.074609,35.07,1.25,0.036,65.37,832,0.0002
2026-01-03 09:35:44.074609,27.71,3.34,0.073,36.96,498,0.0077
2026-01-03 09:36:44.074609,16.57,2.5,0.123,56.56,801,0.0
2026-01-03 09:37:44.074609,24.75,1.59,0.081,52.59,721,0.0026
2026-01-03 09:38:44.074609,28.79,2.99,0.19,65.6,751,0.0021
2026-01-03 09:39:44.074609,24.4,3.27,0.047,74.17,844,0.0108
2026-01-03 09:40:44.074609,32.32,1.21,0.031,42.2,781,0.0038
2026-01-03 09:41:44.074609,27.02,13.99,0.017,45.45,867,0.0001
2026-01-03 09:42:44.074609,29.47,7.92,0.024,52.89,537,0.0042
2026-01-03 09:43:44.074609,23.12,6.2,0.075,63.02,456,0.0101
2026-01-03 09:44:44.074609,28.25,1.51,0.011,61.31,768,0.0077
2026-01-03 09:45:44.074609,32.97,1.8,0.005,56.38,551,0.0047
2026-01-03 09:46:44.074609,29.68,2.65,0.04,46.11,608,0.0094
2026-01-03 09:47:44.074609,27.46,1.85,0.048,80.0,484,0.0052
2026-01-03 09:48:44.074609,29.11,2.71,0.203,64.52,739,0.022
2026-01-03 09:49:44.074609,30.8,1.17,0.03,61.92,717,0.0019
2026-01-03 09:50:44.074609,36.89,2.25,0.019,47.81,487,0.0072
2026-01-03 09:51:44.074609,30.73,6.41,0.108,66.87,416,0.0006
2026-01-03 09:52:44.074609,22.72,9.0,0.003,49.3,832,0.0297
2026-01-03 09:53:44.074609,35.4,2.0,0.018,54.32,745,0.0154
2026-01-03 09:54:44.074609,28.42,5.77,0.029,42.68,591,0.0332
2026-01-03 09:55:44.074609,22.48,14.43,0.003,47.89,595,0.0054
2026-01-03 09:56:44.074609,33.9,6.35,0.005,64.11,631,0.012
2026-01-03 09:57:44.074609,32.81,1.19,0.011,68.88,350,0.0053
2026-01-03 09:58:44.074609,27.39,5.56,0.001,56.7,564,0.0184
2026-01-03 09:59:44.074609,29.24,4.4,0.013,43.72,764,0.0072
2026-01-03 10:00:44.074609,33.3,1.51,0.049,80.0,1648,0.0009
2026-01-03 10:01:44.074609,31.03,2.39,0.111,80.0,1931,0.0075
2026-01-03 10:02:44.074609,34.99,1.28,0.031,80.0,1787,0.001
2026-01-03 10:03:44.074609,26.27,2.1,0.007,80.0,1891,0.0049
2026-01-03 10:04:44.074609,25.7,4.0,0.038,80.0,1726,0.0074
2026-01-03 10:05:44.074609,32.76,3.55,0.01,80.0,1357,0.0007
2026-01-03 10:06:44.074609,28.39,2.28,0.193,80.0,939,0.0106
2026-01-03 10:07:44.074609,36.05,6.85,0.079,80.0,1911,0.0098
2026-01-03 10:08:44.074609,34.89,12.37,0.005,80.0,1608,0.0048
2026-01-03 10:09:44.074609,35.79,2.45,0.001,80.0,1445,0.0006
2026-01-03 10:10:44.074609,35.2,5.9,0.083,80.0,1398,0.0151
2026-01-03 10:11:44.074609,37.08,2.97,0.056,80.0,1850,0.0051
2026-01-03 10:12:44.074609,33.23,1.78,0.02,80.0,2008,0.0044
2026-01-03 10:13:44.074609,25.89,1.02,0.016,80.0,2129,0.0175
2026-01-03 10:14:44.074609,38.22,8.84,0.027,80.0,1673,0.0006
2026-01-03 10:15:44.074609,32.18,1.71,0.017,80.0,1200,0.0082
2026-01-03 10:16:44.074609,42.17,2.6,0.009,80.0,1438,0.0159
2026-01-03 10:17:44.074609,25.74,6.08,0.013,80.0,1625,0.0104
2026-01-03 10:18:44.074609,26.21,3.75,0.063,80.0,1414,0.0027
2026-01-03 10:19:44.074609,36.51,1.99,0.005,80.0,1479,0.0039
2026-01-03 10:20:44.074609,31.28,3.32,0.182,80.0,1466,0.0018
2026-01-03 10:21:44.074609,30.14,5.31,0.003,80.0,1626,0.0079
2026-01-03 10:22:44.074609,33.98,2.33,0.059,80.0,1514,0.0031
2026-01-03 10:23:44.074609,31.78,2.72,0.022,80.0,1817,0.0052
2026-01-03 10:24:44.074609,26.84,5.57,0.062,80.0,1191,0.0136
2026-01-03 10:25:44.074609,41.48,5.04,0.003,80.0,1325,0.0085
2026-01-03 10:26:44.074609,39.34,1.83,0.091,80.0,1527,0.0158
2026-01-03 10:27:44.074609,35.1,1.48,0.096,80.0,2093,0.0254
2026-01-03 10:28:44.074609,43.48,1.86,0.014,80.0,1653,0.0059
2026-01-03 10:29:44.074609,28.16,3.83,0.086,80.0,1807,0.0155
2026-01-03 10:30:44.074609,27.05,2.78,0.02,80.0,1176,0.0041
2026-01-03 10:31:44.074609,45.72,5.43,0.025,80.0,2029,0.0035
2026-01-03 10:32:44.074609,39.22,1.3,0.113,80.0,2063,0.0006
2026-01-03 10:33:44.074609,34.9,6.65,0.184,80.0,1870,0.0004
2026-01-03 10:34:44.074609,23.14,5.42,0.006,80.0,1511,0.0119
2026-01-03 10:35:44.074609,33.8,11.42,0.053,80.0,1416,0.0376
2026-01-03 10:36:44.074609,25.05,1.76,0.041,80.0,1456,0.0202
2026-01-03 10:37:44.074609,41.51,3.39,0.016,80.0,1720,0.0017
2026-01-03 10:38:44.074609,21.66,6.0,0.004,80.0,1399,0.0013
2026-01-03 10:39:44.074609,16.95,4.84,0.153,80.0,1396,0.0274
2026-01-03 10:40:44.074609,36.82,2.49,0.032,80.0,1433,0.0225
2026-01-03 10:41:44.074609,38.73,1.82,0.08,80.0,1385,0.0114
2026-01-03 10:42:44.074609,39.69,4.65,0.041,80.0,2239,0.0009
2026-01-03 10:43:44.074609,30.74,2.73,0.098,80.0,1910,0.0013
2026-01-03 10:44:44.074609,24.96,3.76,0.208,80.0,1472,0.0602
2026-01-03 10:45:44.074609,21.94,4.36,0.093,80.0,1565,0.0038
2026-01-03 10:46:44.074609,24.74,2.0,0.099,80.0,1336,0.0093
2026-01-03 10:47:44.074609,28.53,3.2,0.026,80.0,1544,0.0074
2026-01-03 10:48:44.074609,32.38,6.09,0.095,80.0,1165,0.0194
2026-01-03 10:49:44.074609,37.69,8.0,0.012,80.0,1380,0.0022
2026-01-03 10:50:44.074609,29.36,8.15,0.134,80.0,1436,0.0083
2026-01-03 10:51:44.074609,43.67,9.83,0.009,80.0,1163,0.0056
2026-01-03 10:52:44.074609,25.24,3.1,0.071,80.0,1291,0.0175
2026-01-03 10:53:44.074609,30.25,2.13,0.087,80.0,1548,0.0059
2026-01-03 10:54:44.074609,29.38,1.62,0.01,80.0,1478,0.0183
2026-01-03 10:55:44.074609,37.73,3.33,0.02,80.0,1409,0.0056
2026-01-03 10:56:44.074609,27.22,1.58,0.167,80.0,2003,0.0135
2026-01-03 10:57:44.074609,25.91,2.24,0.036,80.0,1840,0.0064
2026-01-03 10:58:44.074609,47.23,2.76,0.034,80.0,874,0.0219
2026-01-03 10:59:44.074609,42.35,3.73,0.052,80.0,1494,0.0782
2026-01-03 11:00:44.074609,33.57,1.1,0.025,80.0,2071,0.0162
2026-01-03 11:01:44.074609,26.95,1.87,0.048,80.0,1559,0.0048
2026-01-03 11:02:44.074609,41.92,11.9,0.006,62.7,1502,0.001
2026-01-03 11:03:44.074609,34.92,6.06,0.037,80.0,2146,0.0239
2026-01-03 11:04:44.074609,38.39,1.29,0.02,80.0,1563,0.0292
2026-01-03 11:05:44.074609,24.24,9.15,0.006,80.0,1875,0.0009
2026-01-03 11:06:44.074609,42.49,2.24,0.008,80.0,2413,0.0
2026-01-03 11:07:44.074609,32.94,1.9,0.013,80.0,1382,0.0205
2026-01-03 11:08:44.074609,22.39,4.08,0.023,80.0,1761,0.0026
2026-01-03 11:09:44.074609,37.36,3.06,0.066,80.0,1541,0.009
2026-01-03 11:10:44.074609,30.48,1.97,0.158,80.0,882,0.0121
2026-01-03 11:11:44.074609,17.64,1.24,0.045,80.0,1754,0.0048
2026-01-03 11:12:44.074609,38.33,1.41,0.085,80.0,1817,0.013
2026-01-03 11:13:44.074609,33.57,6.43,0.004,60.96,1143,0.0042
2026-01-03 11:14:44.074609,34.17,4.1,0.001,80.0,1848,0.0111
2026-01-03 11:15:44.074609,35.97,4.11,0.177,80.0,1543,0.0003
2026-01-03 11:16:44.074609,36.29,4.2,0.046,80.0,1679,0.0237
2026-01-03 11:17:44.074609,30.81,1.13,0.032,80.0,1875,0.0069
2026-01-03 11:18:44.074609,37.58,1.3,0.024,80.0,1356,0.0132
2026-01-03 11:19:44.074609,31.75,3.17,0.031,80.0,1573,0.0157
2026-01-03 11:20:44.074609,34.06,2.7,0.001,80.0,1487,0.0047
2026-01-03 11:21:44.074609,35.75,1.07,0.058,80.0,1518,0.0098
2026-01-03 11:22:44.074609,24.46,7.18,0.03,80.0,1826,0.0054
2026-01-03 11:23:44.074609,45.79,1.09,0.111,80.0,1380,0.0397
2026-01-03 11:24:44.074609,38.49,1.59,0.123,80.0,1380,0.0061
2026-01-03 11:25:44.074609,28.49,1.94,0.005,80.0,1491,0.0119
2026-01-03 11:26:44.074609,38.02,6.15,0.116,80.0,1362,0.0131
2026-01-03 11:27:44.074609,15.3,8.52,0.022,80.0,1603,0.0333
2026-01-03 11:28:44.074609,37.89,5.01,0.088,80.0,1332,0.0015
2026-01-03 11:29:44.074609,39.09,4.89,0.002,80.0,2441,0.0008
2026-01-03 11:30:44.074609,41.01,3.08,0.063,80.0,1714,0.0025
2026-01-03 11:31:44.074609,24.56,7.26,0.061,80.0,1380,0.01
2026-01-03 11:32:44.074609,30.2,4.27,0.142,80.0,1751,0.0001
2026-01-03 11:33:44.074609,34.51,3.07,0.046,73.56,1523,0.0179
2026-01-03 11:34:44.074609,29.66,6.22,0.016,80.0,2012,0.0064
2026-01-03 11:35:44.074609,34.61,4.4,0.009,80.0,1960,0.0218
2026-01-03 11:36:44.074609,38.92,1.76,0.224,80.0,1268,0.0107
2026-01-03 11:37:44.074609,27.93,7.65,0.052,63.5,1271,0.0001
2026-01-03 11:38:44.074609,33.07,1.4,0.156,80.0,1587,0.0005
2026-01-03 11:39:44.074609,29.52,1.3,0.042,80.0,1923,0.0107
2026-01-03 11:40:44.074609,24.75,4.66,0.244,80.0,879,0.0163
2026-01-03 11:41:44.074609,29.84,6.56,0.003,80.0,1597,0.0029
2026-01-03 11:42:44.074609,28.8,1.41,0.054,80.0,1383,0.0038
2026-01-03 11:43:44.074609,45.95,3.88,0.138,80.0,723,0.0024
2026-01-03 11:44:44.074609,45.0,5.22,0.008,58.56,1526,0.0107
2026-01-03 11:45:44.074609,29.66,6.01,0.037,80.0,2206,0.0092
2026-01-03 11:46:44.074609,30.48,11.59,0.044,80.0,1023,0.0165
2026-01-03 11:47:44.074609,43.6,11.67,0.048,80.0,2116,0.0108
2026-01-03 11:48:44.074609,26.86,1.04,0.031,80.0,2177,0.0151
2026-01-03 11:49:44.074609,35.36,2.04,0.005,80.0,2073,0.0043
2026-01-03 11:50:44.074609,17.79,1.83,0.056,80.0,1176,0.0151
2026-01-03 11:51:44.074609,28.9,3.52,0.03,80.0,1402,0.0018
2026-01-03 11:52:44.074609,31.39,2.37,0.042,80.0,2014,0.011
2026-01-03 11:53:44.074609,34.32,1.52,0.043,80.0,1974,0.0043
2026-01-03 11:54:44.074609,33.93,2.65,0.046,80.0,1690,0.0004
2026-01-03 11:55:44.074609,26.4,2.14,0.054,80.0,1469,0.0121
2026-01-03 11:56:44.074609,27.43,4.16,0.005,80.0,1704,0.0029
2026-01-03 11:57:44.074609,26.65,16.18,0.009,80.0,1811,0.052
2026-01-03 11:58:44.074609,36.37,2.68,0.104,80.0,1614,0.0097
2026-01-03 11:59:44.074609,24.2,5.8,0.002,80.0,1426,0.0029
2026-01-03 12:00:44.074609,34.63,4.84,0.016,80.0,1632,0.0005
2026-01-03 12:01:44.074609,43.28,5.53,0.025,80.0,1548,0.0148
2026-01-03 12:02:44.074609,25.19,5.55,0.013,80.0,1807,0.0008
2026-01-03 12:03:44.074609,20.58,2.62,0.055,80.0,1435,0.0153
2026-01-03 12:04:44.074609,25.28,4.1,0.02,80.0,1859,0.009
2026-01-03 12:05:44.074609,36.5,4.59,0.004,80.0,2026,0.0049
2026-01-03 12:06:44.074609,35.3,1.66,0.044,80.0,2000,0.0092
2026-01-03 12:07:44.074609,41.49,1.42,0.013,80.0,1574,0.0101
2026-01-03 12:08:44.074609,33.38,4.28,0.014,80.0,2394,0.003
2026-01-03 12:09:44.074609,38.96,2.67,0.05,80.0,1232,0.0138
2026-01-03 12:10:44.074609,28.72,1.56,0.014,80.0,1377,0.0088
2026-01-03 12:11:44.074609,26.03,6.96,0.108,80.0,1692,0.0084
2026-01-03 12:12:44.074609,34.36,4.12,0.041,80.0,2097,0.0012
2026-01-03 12:13:44.074609,37.05,6.15,0.011,80.0,1321,0.0071
2026-01-03 12:14:44.074609,26.21,1.43,0.024,80.0,1371,0.0123
2026-01-03 12:15:44.074609,29.78,1.27,0.061,80.0,1880,0.0064
2026-01-03 12:16:44.074609,37.04,6.89,0.009,80.0,1497,0.016
2026-01-03 12:17:44.074609,29.35,3.93,0.004,80.0,1165,0.0027
2026-01-03 12:18:44.074609,35.13,6.0,0.035,80.0,2223,0.0027
2026-01-03 12:19:44.074609,33.54,1.42,0.026,80.0,1269,0.0271
2026-01-03 12:20:44.074609,28.79,7.38,0.011,80.0,1397,0.0023
2026-01-03 12:21:44.074609,44.05,4.18,0.061,80.0,1895,0.0002
2026-01-03 12:22:44.074609,30.89,2.02,0.002,80.0,1716,0.0187
2026-01-03 12:23:44.074609,31.67,4.76,0.099,80.0,1572,0.0195
2026-01-03 12:24:44.074609,33.49,4.96,0.024,80.0,959,0.0202
2026-01-03 12:25:44.074609,30.32,7.0,0.001,80.0,1539,0.0071
2026-01-03 12:26:44.074609,36.82,1.43,0.116,80.0,1666,0.0115
2026-01-03 12:27:44.074609,29.33,3.0,0.047,80.0,1565,0.0121
2026-01-03 12:28:44.074609,37.62,10.73,0.008,80.0,1971,0.0132
2026-01-03 12:29:44.074609,26.51,1.08,0.178,80.0,2142,0.0011
2026-01-03 12:30:44.074609,26.25,3.01,0.029,80.0,1303,0.0341
2026-01-03 12:31:44.074609,26.91,3.3,0.056,80.0,1927,0.0004
2026-01-03 12:32:44.074609,38.59,2.5,0.074,80.0,1892,0.0005
2026-01-03 12:33:44.074609,28.45,5.14,0.003,80.0,1516,0.0062
2026-01-03 12:34:44.074609,24.72,2.57,0.031,80.0,2086,0.0079
2026-01-03 12:35:44.074609,26.45,3.85,0.034,80.0,1774,0.0163
2026-01-03 12:36:44.074609,44.36,2.76,0.034,80.0,1845,0.0049
2026-01-03 12:37:44.074609,31.08,2.72,0.046,80.0,1644,0.0006
2026-01-03 12:38:44.074609,21.11,1.83,0.075,80.0,1443,0.0288
2026-01-03 12:39:44.074609,36.52,7.0,0.069,80.0,1639,0.0059
2026-01-03 12:40:44.074609,26.18,2.12,0.09,80.0,1606,0.0032
2026-01-03 12:41:44.074609,35.68,4.13,0.041,80.0,2337,0.0141
2026-01-03 12:42:44.074609,33.77,3.42,0.139,80.0,1689,0.0052
2026-01-03 12:43:44.074609,25.6,2.22,0.073,80.0,1583,0.0083
2026-01-03 12:44:44.074609,22.7,3.78,0.137,80.0,1831,0.0087
2026-01-03 12:45:44.074609,29.69,1.71,0.13,80.0,1975,0.0063
2026-01-03 12:46:44.074609,41.18,2.42,0.041,80.0,1290,0.0061
2026-01-03 12:47:44.074609,47.5,10.46,0.053,80.0,1672,0.0099
2026-01-03 12:48:44.074609,39.73,1.22,0.007,80.0,2081,0.016
2026-01-03 12:49:44.074609,39.87,11.76,0.008,80.0,2155,0.0036
2026-01-03 12:50:44.074609,26.23,1.93,0.084,59.47,1982,0.0078
2026-01-03 12:51:44.074609,34.78,1.68,0.117,41.83,1883,0.0299
2026-01-03 12:52:44.074609,40.53,2.0,0.004,80.0,1662,0.0152
2026-01-03 12:53:44.074609,33.61,1.98,0.123,80.0,1927,0.0036
2026-01-03 12:54:44.074609,32.37,2.47,0.147,80.0,1188,0.0049
2026-01-03 12:55:44.074609,30.09,2.72,0.06,80.0,1421,0.0122
2026-01-03 12:56:44.074609,32.25,3.1,0.001,80.0,1687,0.0012
2026-01-03 12:57:44.074609,43.5,1.22,0.001,80.0,2096,0.0018
2026-01-03 12:58:44.074609,31.94,6.44,0.053,80.0,950,0.0337
2026-01-03 12:59:44.074609,33.11,3.94,0.007,80.0,1453,0.0163
2026-01-03 13:00:44.074609,31.68,18.77,0.003,80.0,1606,0.0014
2026-01-03 13:01:44.074609,26.71,9.43,0.025,80.0,1090,0.0
2026-01-03 13:02:44.074609,32.97,7.89,0.004,80.0,1275,0.0152
2026-01-03 13:03:44.074609,32.45,1.52,0.119,80.0,1049,0.0052
2026-01-03 13:04:44.074609,39.81,1.38,0.069,80.0,2029,0.0019
2026-01-03 13:05:44.074609,42.28,2.12,0.001,80.0,1843,0.0452
2026-01-03 13:06:44.074609,26.16,1.04,0.018,80.0,1489,0.0052
2026-01-03 13:07:44.074609,29.74,6.0,0.036,80.0,1683,0.021
2026-01-03 13:08:44.074609,28.06,1.25,0.04,80.0,1938,0.012
2026-01-03 13:09:44.074609,40.01,6.78,0.005,80.0,1719,0.0308
2026-01-03 13:10:44.074609,27.78,2.88,0.162,80.0,1923,0.0002
2026-01-03 13:11:44.074609,34.68,2.12,0.079,80.0,1249,0.0216
2026-01-03 13:12:44.074609,32.88,2.24,0.06,80.0,1018,0.0169
2026-01-03 13:13:44.074609,33.53,8.43,0.146,80.0,1448,0.0129
2026-01-03 13:14:44.074609,30.42,1.13,0.033,80.0,2076,0.0021
2026-01-03 13:15:44.074609,38.6,3.88,0.064,80.0,1284,0.003
2026-01-03 13:16:44.074609,29.47,3.29,0.016,80.0,1744,0.0133
2026-01-03 13:17:44.074609,36.47,4.35,0.001,80.0,1680,0.0048
2026-01-03 13:18:44.074609,29.72,1.47,0.002,80.0,2194,0.0284
2026-01-03 13:19:44.074609,42.74,2.0,0.044,80.0,1532,0.0003
2026-01-03 13:20:44.074609,26.07,1.73,0.004,80.0,1509,0.0047
2026-01-03 13:21:44.074609,36.27,3.14,0.014,80.0,1939,0.0058
2026-01-03 13:22:44.074609,43.1,1.82,0.028,80.0,1740,0.0049
2026-01-03 13:23:44.074609,26.84,8.15,0.037,80.0,1215,0.0069
2026-01-03 13:24:44.074609,34.83,8.51,0.041,80.0,1022,0.0004
2026-01-03 13:25:44.074609,36.5,5.59,0.001,80.0,1661,0.0046
2026-01-03 13:26:44.074609,43.14,11.09,0.009,80.0,1771,0.0075
2026-01-03 13:27:44.074609,27.41,4.25,0.05,80.0,1548,0.0035
2026-01-03 13:28:44.074609,34.16,4.15,0.007,80.0,1679,0.0041
2026-01-03 13:29:44.074609,36.01,4.1,0.102,80.0,1680,0.039
2026-01-03 13:30:44.074609,45.41,4.56,0.046,80.0,1562,0.0035
2026-01-03 13:31:44.074609,30.97,6.24,0.053,80.0,1778,0.007
2026-01-03 13:32:44.074609,29.53,3.16,0.022,80.0,1888,0.001
2026-01-03 13:33:44.074609,40.29,4.22,0.01,80.0,1728,0.0113
2026-01-03 13:34:44.074609,28.02,2.37,0.093,80.0,2156,0.0021
2026-01-03 13:35:44.074609,37.98,1.35,0.002,80.0,1992,0.0158
2026-01-03 13:36:44.074609,23.25,3.37,0.043,80.0,2085,0.0094
2026-01-03 13:37:44.074609,40.03,1.81,0.015,80.0,1684,0.0053
2026-01-03 13:38:44.074609,31.72,2.28,0.199,80.0,825,0.0011
2026-01-03 13:39:44.074609,41.86,2.42,0.022,80.0,1816,0.0005
2026-01-03 13:40:44.074609,31.64,2.77,0.015,80.0,1103,0.0219
2026-01-03 13:41:44.074609,37.15,1.43,0.154,80.0,2188,0.0057
2026-01-03 13:42:44.074609,41.59,2.26,0.012,80.0,1663,0.0045
2026-01-03 13:43:44.074609,31.9,2.43,0.031,80.0,1944,0.0065
2026-01-03 13:44:44.074609,39.59,3.22,0.002,80.0,1198,0.0082
2026-01-03 13:45:44.074609,44.76,4.79,0.013,80.0,1445,0.0131
2026-01-03 13:46:44.074609,35.12,3.25,0.029,80.0,1196,0.0188
2026-01-03 13:47:44.074609,23.77,3.19,0.049,80.0,1949,0.0074
2026-01-03 13:48:44.074609,31.72,1.11,0.013,80.0,1475,0.0025
2026-01-03 13:49:44.074609,30.6,7.49,0.078,80.0,1997,0.0171
2026-01-03 13:50:44.074609,25.85,5.05,0.125,80.0,1324,0.0101
2026-01-03 13:51:44.074609,34.81,1.23,0.092,80.0,1592,0.0025
2026-01-03 13:52:44.074609,36.33,1.06,0.014,80.0,1709,0.001
2026-01-03 13:53:44.074609,45.27,1.97,0.042,80.0,1883,0.006
2026-01-03 13:54:44.074609,36.48,5.13,0.018,80.0,1447,0.0044
2026-01-03 13:55:44.074609,41.67,1.23,0.017,80.0,1034,0.0054
2026-01-03 13:56:44.074609,37.74,4.74,0.0,80.0,1482,0.0014
2026-01-03 13:57:44.074609,32.35,3.25,0.066,80.0,1688,0.0047
2026-01-03 13:58:44.074609,34.31,2.41,0.071,80.0,1509,0.003
2026-01-03 13:59:44.074609,29.5,2.95,0.067,80.0,1369,0.0058
2026-01-03 14:00:44.074609,33.29,4.7,0.003,80.0,1442,0.0022
2026-01-03 14:01:44.074609,33.98,2.02,0.061,80.0,1315,0.0027
2026-01-03 14:02:44.074609,30.98,4.09,0.003,80.0,1405,0.0022
2026-01-03 14:03:44.074609,39.36,4.77,0.052,80.0,1525,0.0047
2026-01-03 14:04:44.074609,25.26,2.62,0.012,80.0,1237,0.0263
2026-01-03 14:05:44.074609,29.88,4.67,0.017,80.0,1369,0.0129
2026-01-03 14:06:44.074609,25.57,6.12,0.044,80.0,1265,0.0013
2026-01-03 14:07:44.074609,34.36,1.08,0.054,80.0,1769,0.0171
2026-01-03 14:08:44.074609,32.79,1.56,0.064,80.0,1604,0.012
2026-01-03 14:09:44.074609,29.96,4.12,0.05,80.0,1496,0.0088
2026-01-03 14:10:44.074609,26.94,1.45,0.096,80.0,1293,0.0097
2026-01-03 14:11:44.074609,22.57,5.97,0.004,80.0,1422,0.0172
2026-01-03 14:12:44.074609,27.68,1.53,0.076,80.0,2013,0.0079
2026-01-03 14:13:44.074609,26.12,8.13,0.042,80.0,1639,0.0008
2026-01-03 14:14:44.074609,33.46,1.7,0.008,80.0,1685,0.0075
2026-01-03 14:15:44.074609,32.57,6.28,0.034,80.0,1264,0.0042
2026-01-03 14:16:44.074609,44.89,1.75,0.074,80.0,2078,0.0039
2026-01-03 14:17:44.074609,34.97,2.71,0.088,80.0,838,0.0018
2026-01-03 14:18:44.074609,33.67,6.16,0.043,80.0,1395,0.0055
2026-01-03 14:19:44.074609,43.17,1.17,0.041,80.0,1618,0.009
2026-01-03 14:20:44.074609,43.99,7.88,0.011,80.0,1423,0.0173
2026-01-03 14:21:44.074609,35.75,6.37,0.06,80.0,1677,0.002
2026-01-03 14:22:44.074609,31.44,1.81,0.025,80.0,1243,0.0019
2026-01-03 14:23:44.074609,43.47,6.95,0.086,80.0,2140,0.0034
2026-01-03 14:24:44.074609,29.31,1.17,0.056,80.0,1806,0.0096
2026-01-03 14:25:44.074609,34.3,3.96,0.082,80.0,1385,0.0008
2026-01-03 14:26:44.074609,39.73,1.58,0.005,80.0,1105,0.0237
2026-01-03 14:27:44.074609,35.7,1.07,0.021,80.0,1370,0.0161
2026-01-03 14:28:44.074609,35.67,8.38,0.022,80.0,1773,0.0117
2026-01-03 14:29:44.074609,39.89,4.07,0.032,80.0,1984,0.034
2026-01-03 14:30:44.074609,37.81,7.58,0.079,80.0,2193,0.0013
2026-01-03 14:31:44.074609,35.66,5.88,0.048,80.0,1487,0.004
2026-01-03 14:32:44.074609,32.76,2.64,0.033,72.29,1730,0.0462
2026-01-03 14:33:44.074609,31.9,20.0,0.036,80.0,1692,0.0026
2026-01-03 14:34:44.074609,24.93,4.03,0.139,80.0,1910,0.0035
2026-01-03 14:35:44.074609,31.96,1.29,0.035,80.0,1951,0.0006
2026-01-03 14:36:44.074609,38.65,2.25,0.017,80.0,1366,0.0036
2026-01-03 14:37:44.074609,38.82,2.82,0.069,80.0,1507,0.0011
2026-01-03 14:38:44.074609,30.42,2.11,0.04,80.0,1008,0.0098
2026-01-03 14:39:44.074609,36.82,3.53,0.055,80.0,1434,0.0022
2026-01-03 14:40:44.074609,35.72,4.5,0.095,80.0,1606,0.0024
2026-01-03 14:41:44.074609,21.04,8.99,0.017,80.0,1183,0.0074
2026-01-03 14:42:44.074609,32.29,6.84,0.018,80.0,1590,0.0029
2026-01-03 14:43:44.074609,35.57,4.67,0.025,80.0,1324,0.0069
2026-01-03 14:44:44.074609,39.31,1.08,0.021,80.0,2499,0.0023
2026-01-03 14:45:44.074609,28.33,3.61,0.016,80.0,1177,0.01
2026-01-03 14:46:44.074609,30.79,2.66,0.001,80.0,1471,0.002
2026-01-03 14:47:44.074609,21.68,4.19,0.152,80.0,2104,0.014
2026-01-03 14:48:44.074609,34.1,8.65,0.012,80.0,1326,0.0304
2026-01-03 14:49:44.074609,23.85,5.71,0.018,80.0,1682,0.0084
2026-01-03 14:50:44.074609,24.56,6.24,0.031,80.0,1935,0.0086
2026-01-03 14:51:44.074609,29.81,6.85,0.012,80.0,1428,0.0004
2026-01-03 14:52:44.074609,38.85,1.35,0.068,80.0,1214,0.012
2026-01-03 14:53:44.074609,30.84,2.55,0.147,77.17,1307,0.0046
2026-01-03 14:54:44.074609,29.44,4.32,0.06,80.0,1043,0.0138
2026-01-03 14:55:44.074609,31.51,2.76,0.115,80.0,1525,0.0235
2026-01-03 14:56:44.074609,18.43,5.86,0.014,80.0,1184,0.0244
2026-01-03 14:57:44.074609,31.25,4.59,0.025,80.0,2046,0.0066
2026-01-03 14:58:44.074609,43.84,9.67,0.001,80.0,2151,0.0125
2026-01-03 14:59:44.074609,27.35,1.55,0.065,80.0,1574,0.0028
2026-01-03 15:00:44.074609,19.2,3.6,0.064,71.53,436,0.0174
2026-01-03 15:01:44.074609,29.81,2.17,0.007,51.6,453,0.0172
2026-01-03 15:02:44.074609,29.68,1.13,0.005,80.0,727,0.0131
2026-01-03 15:03:44.074609,32.16,10.18,0.035,52.16,669,0.0007
2026-01-03 15:04:44.074609,37.3,2.18,0.005,40.45,763,0.0106
2026-01-03 15:05:44.074609,31.86,1.35,0.113,50.07,711,0.0007
2026-01-03 15:06:44.074609,33.38,1.7,0.098,36.02,693,0.0025
2026-01-03 15:07:44.074609,17.54,1.45,0.038,73.16,839,0.0011
2026-01-03 15:08:44.074609,24.29,3.91,0.029,40.03,585,0.0003
2026-01-03 15:09:44.074609,25.72,4.43,0.147,70.18,388,0.0031
2026-01-03 15:10:44.074609,35.43,9.16,0.057,47.81,889,0.0186
2026-01-03 15:11:44.074609,22.58,3.75,0.028,71.36,653,0.0041
2026-01-03 15:12:44.074609,22.26,2.26,0.032,63.99,496,0.0027
2026-01-03 15:13:44.074609,27.94,2.67,0.01,53.58,596,0.0247
2026-01-03 15:14:44.074609,30.05,3.66,0.001,35.64,596,0.013
2026-01-03 15:15:44.074609,22.0,1.33,0.065,57.94,579,0.0069
2026-01-03 15:16:44.074609,26.04,5.87,0.016,68.6,582,0.0016
2026-01-03 15:17:44.074609,30.98,6.52,0.003,60.11,540,0.0298
2026-01-03 15:18:44.074609,25.85,13.79,0.013,70.61,710,0.0027
2026-01-03 15:19:44.074609,33.2,8.0,0.007,55.99,596,0.0152
2026-01-03 15:20:44.074609,20.78,3.84,0.036,47.5,675,0.0065
2026-01-03 15:21:44.074609,17.63,3.33,0.043,60.8,795,0.0049
2026-01-03 15:22:44.074609,29.64,3.18,0.001,49.65,756,0.017
2026-01-03 15:23:44.074609,24.29,1.38,0.019,54.3,651,0.0024
2026-01-03 15:24:44.074609,25.1,3.2,0.008,80.0,469,0.0006
2026-01-03 15:25:44.074609,19.19,1.82,0.046,47.81,881,0.0017
2026-01-03 15:26:44.074609,35.05,2.01,0.012,31.86,927,0.004
2026-01-03 15:27:44.074609,27.49,12.05,0.006,59.73,570,0.02
2026-01-03 15:28:44.074609,35.45,1.23,0.023,66.35,937,0.0017
2026-01-03 15:29:44.074609,22.3,1.73,0.016,56.77,376,0.0061
2026-01-03 15:30:44.074609,29.04,1.55,0.02,66.65,554,0.0043
2026-01-03 15:31:44.074609,17.81,4.58,0.093,55.55,523,0.0114
2026-01-03 15:32:44.074609,23.68,1.65,0.051,61.52,548,0.0072
2026-01-03 15:33:44.074609,30.02,2.77,0.012,47.96,634,0.001
2026-01-03 15:34:44.074609,15.76,10.48,0.055,70.35,432,0.0032
2026-01-03 15:35:44.074609,33.41,3.41,0.014,70.93,563,0.0016
2026-01-03 15:36:44.074609,20.31,2.24,0.058,52.08,776,0.0027
2026-01-03 15:37:44.074609,26.1,4.56,0.077,57.56,656,0.0089
2026-01-03 15:38:44.074609,26.78,2.43,0.069,80.0,553,0.0073
2026-01-03 15:39:44.074609,31.68,5.01,0.182,39.88,570,0.0442
2026-01-03 15:40:44.074609,27.29,3.93,0.146,54.66,553,0.0014
2026-01-03 15:41:44.074609,20.53,1.41,0.044,58.57,902,0.0036
2026-01-03 15:42:44.074609,28.61,2.54,0.001,41.44,894,0.0252
2026-01-03 15:43:44.074609,21.51,1.92,0.118,80.0,671,0.0076
2026-01-03 15:44:44.074609,30.93,1.68,0.09,50.03,550,0.0021
2026-01-03 15:45:44.074609,37.65,10.26,0.013,74.5,221,0.0006
2026-01-03 15:46:44.074609,34.79,2.82,0.017,46.82,555,0.004
2026-01-03 15:47:44.074609,20.6,12.55,0.135,44.98,692,0.0473
2026-01-03 15:48:44.074609,28.53,2.32,0.029,59.94,711,0.0024
2026-01-03 15:49:44.074609,22.57,2.24,0.013,66.91,603,0.0009
2026-01-03 15:50:44.074609,32.06,1.27,0.041,56.68,532,0.0083
2026-01-03 15:51:44.074609,22.38,2.66,0.019,44.44,739,0.018
2026-01-03 15:52:44.074609,24.91,1.35,0.182,44.27,770,0.0061
2026-01-03 15:53:44.074609,23.75,2.03,0.043,52.5,590,0.0043
2026-01-03 15:54:44.074609,34.39,2.89,0.052,48.15,800,0.0088
2026-01-03 15:55:44.074609,36.8,1.54,0.015,48.45,773,0.0085
2026-01-03 15:56:44.074609,27.23,11.09,0.005,27.97,499,0.0092
2026-01-03 15:57:44.074609,30.58,4.33,0.051,63.4,632,0.0179
2026-01-03 15:58:44.074609,31.25,8.63,0.034,48.56,835,0.0017
2026-01-03 15:59:44.074609,20.88,2.84,0.103,63.33,439,0.0054
2026-01-03 16:00:44.074609,34.02,2.56,0.005,53.66,465,0.0357
2026-01-03 16:01:44.074609,38.19,4.6,0.072,59.35,481,0.0063
2026-01-03 16:02:44.074609,27.29,4.13,0.047,71.43,550,0.0053
2026-01-03 16:03:44.074609,27.48,3.52,0.03,41.24,620,0.0108
2026-01-03 16:04:44.074609,30.71,1.36,0.025,47.57,745,0.0089
2026-01-03 16:05:44.074609,39.68,1.36,0.125,61.99,596,0.0023
2026-01-03 16:06:44.074609,26.57,1.56,0.005,58.22,837,0.0049
2026-01-03 16:07:44.074609,27.46,1.55,0.016,64.85,648,0.0034
2026-01-03 16:08:44.074609,19.14,3.18,0.055,67.96,774,0.0023
2026-01-03 16:09:44.074609,28.88,1.67,0.004,45.38,387,0.0141
2026-01-03 16:10:44.074609,30.04,2.13,0.192,80.0,702,0.0119
2026-01-03 16:11:44.074609,10.0,2.38,0.016,52.18,631,0.0007
2026-01-03 16:12:44.074609,30.25,1.55,0.097,76.71,706,0.0165
2026-01-03 16:13:44.074609,29.39,1.58,0.008,75.23,402,0.0082
2026-01-03 16:14:44.074609,34.22,3.07,0.046,47.38,730,0.0106
2026-01-03 16:15:44.074609,30.28,6.41,0.027,58.95,532,0.0049
2026-01-03 16:16:44.074609,29.8,4.97,0.049,41.38,641,0.0163
2026-01-03 16:17:44.074609,32.78,3.84,0.023,51.11,506,0.0104
2026-01-03 16:18:44.074609,42.1,2.88,0.052,69.8,585,0.0121
2026-01-03 16:19:44.074609,33.72,3.0,0.01,52.03,678,0.02
2026-01-03 16:20:44.074609,25.58,5.94,0.053,70.54,597,0.0326
2026-01-03 16:21:44.074609,32.7,3.56,0.002,48.4,828,0.0032
2026-01-03 16:22:44.074609,29.34,7.83,0.013,54.76,802,0.0159
2026-01-03 16:23:44.074609,18.6,5.93,0.028,80.0,832,0.0229
2026-01-03 16:24:44.074609,33.59,1.76,0.046,32.64,502,0.0011
2026-01-03 16:25:44.074609,28.81,5.16,0.024,57.1,773,0.0183
2026-01-03 16:26:44.074609,30.07,2.4,0.068,73.82,617,0.0076
2026-01-03 16:27:44.074609,27.61,3.67,0.04,59.43,852,0.025
2026-01-03 16:28:44.074609,33.21,5.62,0.012,57.63,657,0.0097
2026-01-03 16:29:44.074609,30.37,3.1,0.018,64.22,703,0.0023
2026-01-03 16:30:44.074609,27.78,3.6,0.004,67.53,553,0.0036
2026-01-03 16:31:44.074609,28.25,3.18,0.002,62.92,350,0.0054
2026-01-03 16:32:44.074609,33.03,4.09,0.054,58.48,492,0.0156
2026-01-03 16:33:44.074609,21.3,2.13,0.012,55.79,610,0.0078
2026-01-03 16:34:44.074609,23.0,1.23,0.046,51.54,748,0.0002
2026-01-03 16:35:44.074609,29.46,1.59,0.09,39.99,743,0.0169
2026-01-03 16:36:44.074609,32.66,1.74,0.065,76.25,496,0.0013
2026-01-03 16:37:44.074609,27.19,2.03,0.082,45.28,428,0.0126
2026-01-03 16:38:44.074609,11.97,2.35,0.022,68.53,742,0.0001
2026-01-03 16:39:44.074609,26.13,2.3,0.017,52.46,777,0.0021
2026-01-03 16:40:44.074609,31.1,3.48,0.023,80.0,664,0.0224
2026-01-03 16:41:44.074609,20.65,1.53,0.006,79.51,416,0.0596
2026-01-03 16:42:44.074609,31.25,2.56,0.012,41.17,737,0.0068
2026-01-03 16:43:44.074609,12.17,5.77,0.012,44.62,658,0.0041
2026-01-03 16:44:44.074609,28.78,1.6,0.016,67.04,399,0.0005
2026-01-03 16:45:44.074609,25.01,1.89,0.091,54.29,476,0.0205
2026-01-03 16:46:44.074609,31.43,5.84,0.07,63.19,786,0.007
2026-01-03 16:47:44.074609,20.99,3.45,0.11,50.88,748,0.0044
2026-01-03 16:48:44.074609,29.21,4.56,0.052,73.61,827,0.0025
2026-01-03 16:49:44.074609,28.01,2.66,0.022,50.61,742,0.0236
2026-01-03 16:50:44.074609,32.85,2.51,0.042,63.08,693,0.0137
2026-01-03 16:51:44.074609,33.14,2.14,0.03,40.79,747,0.0027
2026-01-03 16:52:44.074609,27.05,3.59,0.022,68.3,897,0.0258
2026-01-03 16:53:44.074609,27.18,5.36,0.023,54.99,651,0.0106
2026-01-03 16:54:44.074609,21.08,1.14,0.017,59.67,829,0.0004
2026-01-03 16:55:44.074609,33.18,1.67,0.088,40.71,607,0.0247
2026-01-03 16:56:44.074609,39.56,2.49,0.013,69.45,891,0.0041
2026-01-03 16:57:44.074609,22.13,2.03,0.062,36.87,549,0.0051
2026-01-03 16:58:44.074609,39.41,2.36,0.017,55.61,598,0.0039
2026-01-03 16:59:44.074609,36.78,2.51,0.145,61.92,687,0.0091
2026-01-03 17:00:44.074609,39.31,1.42,0.064,80.0,2446,0.0118
2026-01-03 17:01:44.074609,40.67,2.52,0.063,59.47,1546,0.0219
2026-01-03 17:02:44.074609,36.05,1.66,0.029,80.0,2048,0.0054
2026-01-03 17:03:44.074609,36.61,1.97,0.052,80.0,1834,0.0
2026-01-03 17:04:44.074609,26.61,3.39,0.026,80.0,1000,0.0104
2026-01-03 17:05:44.074609,31.96,2.49,0.002,80.0,1947,0.0048
2026-01-03 17:06:44.074609,30.47,2.86,0.016,80.0,1589,0.0095
2026-01-03 17:07:44.074609,47.42,3.37,0.08,80.0,1887,0.0069
2026-01-03 17:08:44.074609,38.07,2.31,0.135,80.0,1201,0.0001
2026-01-03 17:09:44.074609,36.17,2.99,0.028,80.0,1220,0.0012
2026-01-03 17:10:44.074609,33.6,2.03,0.062,80.0,2454,0.0085
2026-01-03 17:11:44.074609,21.06,1.31,0.114,80.0,2148,0.0062
2026-01-03 17:12:44.074609,38.52,5.24,0.044,80.0,1488,0.0009
2026-01-03 17:13:44.074609,39.55,4.61,0.124,80.0,1883,0.0097
2026-01-03 17:14:44.074609,20.12,12.66,0.019,80.0,2045,0.017
2026-01-03 17:15:44.074609,34.12,3.77,0.118,80.0,1379,0.0024
2026-01-03 17:16:44.074609,32.75,1.02,0.075,80.0,1607,0.0027
2026-01-03 17:17:44.074609,36.35,1.33,0.006,80.0,1958,0.0029
2026-01-03 17:18:44.074609,41.33,6.03,0.007,80.0,1424,0.0021
2026-01-03 17:19:44.074609,46.07,3.03,0.054,80.0,1540,0.0365
2026-01-03 17:20:44.074609,32.63,6.13,0.004,80.0,1369,0.0021
2026-01-03 17:21:44.074609,40.11,1.7,0.008,80.0,1374,0.0028
2026-01-03 17:22:44.074609,40.58,5.02,0.067,80.0,1499,0.0117
2026-01-03 17:23:44.074609,27.28,4.89,0.012,80.0,2311,0.0078
2026-01-03 17:24:44.074609,30.28,3.81,0.04,80.0,1200,0.0076
2026-01-03 17:25:44.074609,37.39,2.67,0.183,80.0,1568,0.0042
2026-01-03 17:26:44.074609,31.59,1.78,0.049,80.0,1250,0.0209
2026-01-03 17:27:44.074609,29.55,3.5,0.002,80.0,1941,0.0061
2026-01-03 17:28:44.074609,29.13,1.49,0.029,80.0,1216,0.0067
2026-01-03 17:29:44.074609,36.64,3.48,0.093,80.0,1864,0.0069
2026-01-03 17:30:44.074609,41.01,1.01,0.048,80.0,1521,0.0059
2026-01-03 17:31:44.074609,38.03,6.72,0.02,75.41,1482,0.0229
2026-01-03 17:32:44.074609,28.37,1.52,0.02,80.0,1585,0.0278
2026-01-03 17:33:44.074609,37.87,1.53,0.009,80.0,1629,0.0021
2026-01-03 17:34:44.074609,37.45,3.01,0.076,80.0,1689,0.0084
2026-01-03 17:35:44.074609,33.33,3.8,0.071,80.0,1381,0.0043
2026-01-03 17:36:44.074609,32.26,3.93,0.011,80.0,1372,0.0003
2026-01-03 17:37:44.074609,27.39,1.4,0.06,80.0,1821,0.0032
2026-01-03 17:38:44.074609,32.08,1.74,0.012,80.0,1674,0.0108
2026-01-03 17:39:44.074609,29.9,2.47,0.051,80.0,1740,0.0183
2026-01-03 17:40:44.074609,38.63,2.93,0.063,80.0,1881,0.0103
2026-01-03 17:41:44.074609,31.58,2.63,0.037,80.0,1624,0.0034
2026-01-03 17:42:44.074609,30.51,8.89,0.005,80.0,1605,0.0231
2026-01-03 17:43:44.074609,37.99,1.99,0.023,80.0,1631,0.0039
2026-01-03 17:44:44.074609,32.94,4.31,0.022,80.0,1120,0.0162
2026-01-03 17:45:44.074609,30.05,1.42,0.004,80.0,1225,0.0006
2026-01-03 17:46:44.074609,35.87,7.82,0.038,80.0,1287,0.011
2026-01-03 17:47:44.074609,26.76,4.01,0.026,80.0,2081,0.004
2026-01-03 17:48:44.074609,32.04,1.48,0.103,80.0,1314,0.0123
2026-01-03 17:49:44.074609,39.82,1.61,0.022,80.0,1662,0.0035
2026-01-03 17:50:44.074609,26.11,4.5,0.0,80.0,1406,0.0317
2026-01-03 17:51:44.074609,29.41,2.1,0.056,80.0,1491,0.0006
2026-01-03 17:52:44.074609,28.14,2.93,0.012,80.0,1356,0.0043
2026-01-03 17:53:44.074609,43.98,1.36,0.078,80.0,1608,0.0089
2026-01-03 17:54:44.074609,30.28,10.44,0.043,80.0,1224,0.005
2026-01-03 17:55:44.074609,23.79,3.08,0.008,80.0,1812,0.0008
2026-01-03 17:56:44.074609,43.08,7.61,0.048,80.0,1590,0.01
2026-01-03 17:57:44.074609,38.16,1.11,0.002,80.0,1858,0.0203
2026-01-03 17:58:44.074609,26.55,1.32,0.014,80.0,1006,0.0155
2026-01-03 17:59:44.074609,14.66,1.03,0.042,80.0,1734,0.003
2026-01-03 18:00:44.074609,29.97,4.36,0.052,80.0,1859,0.0031
2026-01-03 18:01:44.074609,35.85,6.1,0.022,80.0,1864,0.0007
2026-01-03 18:02:44.074609,46.24,3.92,0.084,80.0,2202,0.0001
2026-01-03 18:03:44.074609,26.95,2.43,0.015,80.0,1586,0.0045
2026-01-03 18:04:44.074609,18.16,3.41,0.014,80.0,1747,0.0025
2026-01-03 18:05:44.074609,47.69,3.49,0.023,80.0,1549,0.0046
2026-01-03 18:06:44.074609,33.59,3.28,0.001,80.0,1659,0.0142
2026-01-03 18:07:44.074609,22.35,1.86,0.043,80.0,1643,0.0108
2026-01-03 18:08:44.074609,39.98,2.33,0.025,80.0,1286,0.0045
2026-01-03 18:09:44.074609,29.87,6.77,0.067,80.0,1841,0.0008
2026-01-03 18:10:44.074609,31.33,1.15,0.007,80.0,2166,0.0104
2026-01-03 18:11:44.074609,40.3,1.7,0.049,80.0,1830,0.0026
2026-01-03 18:12:44.074609,33.88,1.18,0.053,80.0,1943,0.0085
2026-01-03 18:13:44.074609,32.54,1.31,0.068,80.0,1535,0.0099
2026-01-03 18:14:44.074609,36.17,1.13,0.024,80.0,1381,0.0103
2026-01-03 18:15:44.074609,41.38,9.22,0.143,80.0,1537,0.0041
2026-01-03 18:16:44.074609,52.99,4.77,0.039,80.0,1252,0.0164
2026-01-03 18:17:44.074609,32.45,2.67,0.004,80.0,1751,0.0007
2026-01-03 18:18:44.074609,15.98,3.14,0.16,80.0,1756,0.0072
2026-01-03 18:19:44.074609,30.74,1.01,0.021,80.0,1662,0.0082
2026-01-03 18:20:44.074609,31.76,3.55,0.017,80.0,1212,0.0239
2026-01-03 18:21:44.074609,34.72,3.32,0.104,80.0,1592,0.002
2026-01-03 18:22:44.074609,29.15,1.07,0.008,80.0,1805,0.0012
2026-01-03 18:23:44.074609,21.54,2.45,0.029,80.0,2217,0.0146
2026-01-03 18:24:44.074609,27.44,2.2,0.129,80.0,1537,0.0089
2026-01-03 18:25:44.074609,26.79,4.4,0.046,80.0,1273,0.0115
2026-01-03 18:26:44.074609,42.5,1.36,0.032,80.0,1485,0.01
2026-01-03 18:27:44.074609,27.27,1.07,0.079,80.0,2061,0.0182
2026-01-03 18:28:44.074609,32.97,4.87,0.014,80.0,1894,0.0024
2026-01-03 18:29:44.074609,45.9,1.16,0.003,80.0,1775,0.0093
2026-01-03 18:30:44.074609,35.55,2.68,0.093,80.0,2147,0.0039
2026-01-03 18:31:44.074609,30.77,2.01,0.021,80.0,1208,0.0164
2026-01-03 18:32:44.074609,33.53,1.47,0.033,80.0,2170,0.0045
2026-01-03 18:33:44.074609,41.03,14.95,0.05,80.0,2122,0.0072
2026-01-03 18:34:44.074609,36.13,2.01,0.096,80.0,2216,0.0108
2026-01-03 18:35:44.074609,36.04,1.71,0.031,80.0,1638,0.0278
2026-01-03 18:36:44.074609,35.55,6.04,0.055,80.0,1291,0.0103
2026-01-03 18:37:44.074609,42.17,5.29,0.019,80.0,1608,0.0039
2026-01-03 18:38:44.074609,45.71,2.6,0.113,80.0,1330,0.0043
2026-01-03 18:39:44.074609,34.64,1.48,0.085,80.0,1785,0.0013
2026-01-03 18:40:44.074609,23.96,12.51,0.03,80.0,1834,0.0125
2026-01-03 18:41:44.074609,25.46,5.62,0.157,80.0,1161,0.0013
2026-01-03 18:42:44.074609,24.05,1.31,0.024,80.0,1675,0.0097
2026-01-03 18:43:44.074609,46.86,10.42,0.044,80.0,1621,0.0493
2026-01-03 18:44:44.074609,28.18,2.47,0.045,80.0,1856,0.0036
2026-01-03 18:45:44.074609,35.73,1.26,0.085,80.0,1929,0.048
2026-01-03 18:46:44.074609,30.31,2.29,0.007,80.0,1436,0.0016
2026-01-03 18:47:44.074609,27.75,2.32,0.004,80.0,2201,0.0103
2026-01-03 18:48:44.074609,24.0,5.15,0.037,80.0,1683,0.0121
2026-01-03 18:49:44.074609,24.43,1.94,0.04,80.0,1825,0.0052
2026-01-03 18:50:44.074609,18.98,6.44,0.004,80.0,2186,0.0048
2026-01-03 18:51:44.074609,41.97,1.99,0.103,80.0,1718,0.0148
2026-01-03 18:52:44.074609,38.15,3.85,0.037,80.0,1372,0.0095
2026-01-03 18:53:44.074609,40.45,1.86,0.019,80.0,1844,0.0049
2026-01-03 18:54:44.074609,33.03,4.06,0.028,80.0,1421,0.0007
2026-01-03 18:55:44.074609,35.24,2.43,0.051,80.0,1734,0.0173
2026-01-03 18:56:44.074609,28.84,6.17,0.017,80.0,1066,0.0343
2026-01-03 18:57:44.074609,31.67,5.54,0.127,80.0,1862,0.0031
2026-01-03 18:58:44.074609,29.62,2.26,0.011,80.0,1633,0.0075
2026-01-03 18:59:44.074609,30.78,3.48,0.044,80.0,1376,0.014
2026-01-03 19:00:44.074609,34.05,8.2,0.036,80.0,1702,0.0103
2026-01-03 19:01:44.074609,41.01,1.91,0.044,80.0,1466,0.0227
2026-01-03 19:02:44.074609,38.55,3.91,0.028,80.0,2171,0.0182
2026-01-03 19:03:44.074609,39.32,3.14,0.054,80.0,1416,0.0183
2026-01-03 19:04:44.074609,35.91,3.72,0.139,80.0,1291,0.0073
2026-01-03 19:05:44.074609,32.39,3.49,0.003,80.0,1700,0.0154
2026-01-03 19:06:44.074609,34.99,1.05,0.002,80.0,1630,0.0042
2026-01-03 19:07:44.074609,27.28,4.37,0.052,80.0,1599,0.011
2026-01-03 19:08:44.074609,26.89,3.04,0.056,80.0,1936,0.0096
2026-01-03 19:09:44.074609,25.49,6.11,0.012,80.0,1677,0.0149
2026-01-03 19:10:44.074609,38.14,2.52,0.24,80.0,1343,0.0005
2026-01-03 19:11:44.074609,32.67,4.37,0.058,80.0,1742,0.0083
2026-01-03 19:12:44.074609,38.55,4.72,0.07,80.0,1409,0.0069
2026-01-03 19:13:44.074609,36.19,2.2,0.072,80.0,1135,0.0096
2026-01-03 19:14:44.074609,34.24,11.25,0.007,80.0,1628,0.0039
2026-01-03 19:15:44.074609,40.23,4.93,0.031,80.0,1537,0.014
2026-01-03 19:16:44.074609,36.82,2.93,0.114,80.0,1635,0.0024
2026-01-03 19:17:44.074609,41.07,5.07,0.035,80.0,1908,0.0184
2026-01-03 19:18:44.074609,30.22,1.33,0.15,80.0,1218,0.0024
2026-01-03 19:19:44.074609,35.86,2.31,0.057,80.0,1482,0.0047
2026-01-03 19:20:44.074609,25.32,1.82,0.104,80.0,1933,0.0028
2026-01-03 19:21:44.074609,21.33,4.62,0.027,80.0,1758,0.003
2026-01-03 19:22:44.074609,31.99,2.52,0.024,80.0,1398,0.0036
2026-01-03 19:23:44.074609,35.62,4.43,0.031,80.0,1057,0.0008
2026-01-03 19:24:44.074609,33.51,2.21,0.034,80.0,1182,0.005
2026-01-03 19:25:44.074609,31.21,1.91,0.004,80.0,1455,0.0122
2026-01-03 19:26:44.074609,31.72,2.46,0.02,80.0,1479,0.0026
2026-01-03 19:27:44.074609,33.29,1.89,0.006,80.0,1391,0.0059
2026-01-03 19:28:44.074609,35.79,4.0,0.04,80.0,2022,0.0001
2026-01-03 19:29:44.074609,34.49,1.46,0.018,80.0,1593,0.0159
2026-01-03 19:30:44.074609,24.61,2.25,0.118,80.0,2384,0.0155
2026-01-03 19:31:44.074609,34.5,1.83,0.016,80.0,1899,0.0086
2026-01-03 19:32:44.074609,34.51,4.14,0.075,80.0,1449,0.0054
2026-01-03 19:33:44.074609,29.9,1.85,0.013,80.0,1351,0.011
2026-01-03 19:34:44.074609,29.33,3.6,0.052,80.0,1401,0.0014
2026-01-03 19:35:44.074609,22.17,3.25,0.02,80.0,1708,0.0136
2026-01-03 19:36:44.074609,34.39,1.58,0.016,80.0,1885,0.0283
2026-01-03 19:37:44.074609,36.63,8.8,0.054,80.0,1495,0.018
2026-01-03 19:38:44.074609,24.95,3.59,0.094,80.0,1611,0.0039
2026-01-03 19:39:44.074609,40.45,4.99,0.058,80.0,1809,0.0006
2026-01-03 19:40:44.074609,24.85,1.26,0.0,80.0,1953,0.0005
2026-01-03 19:41:44.074609,38.22,1.32,0.012,80.0,2003,0.0029
2026-01-03 19:42:44.074609,31.42,18.57,0.022,80.0,1533,0.0114
2026-01-03 19:43:44.074609,37.56,1.76,0.025,80.0,1766,0.0017
2026-01-03 19:44:44.074609,37.42,3.81,0.05,80.0,1337,0.003
2026-01-03 19:45:44.074609,43.17,1.52,0.007,80.0,1141,0.0102
2026-01-03 19:46:44.074609,29.1,2.84,0.167,80.0,1173,0.012
2026-01-03 19:47:44.074609,30.85,4.48,0.018,80.0,1926,0.0299
2026-01-03 19:48:44.074609,32.12,4.81,0.023,80.0,1388,0.0034
2026-01-03 19:49:44.074609,32.56,2.68,0.057,80.0,1578,0.0024
2026-01-03 19:50:44.074609,43.52,5.45,0.019,80.0,1266,0.0009
2026-01-03 19:51:44.074609,33.64,13.78,0.021,80.0,1351,0.0072
2026-01-03 19:52:44.074609,32.66,2.19,0.02,80.0,1762,0.0145
2026-01-03 19:53:44.074609,38.44,2.36,0.203,80.0,1756,0.0003
2026-01-03 19:54:44.074609,33.55,4.91,0.085,80.0,1425,0.0162
2026-01-03 19:55:44.074609,28.45,4.55,0.003,80.0,1488,0.01
2026-01-03 19:56:44.074609,28.64,12.23,0.006,80.0,1306,0.0181
2026-01-03 19:57:44.074609,20.0,3.47,0.015,80.0,1080,0.0163
2026-01-03 19:58:44.074609,26.58,8.74,0.071,80.0,684,0.0013
2026-01-03 19:59:44.074609,36.97,7.98,0.011,80.0,1877,0.0031
2026-01-03 20:00:44.074609,40.37,4.3,0.129,80.0,1761,0.0005
2026-01-03 20:01:44.074609,35.51,2.12,0.01,80.0,1363,0.0002
2026-01-03 20:02:44.074609,38.24,2.52,0.033,80.0,1300,0.0009
2026-01-03 20:03:44.074609,25.55,1.65,0.025,80.0,1193,0.0138
2026-01-03 20:04:44.074609,25.33,1.23,0.098,80.0,1842,0.0037
2026-01-03 20:05:44.074609,30.2,1.4,0.002,80.0,1571,0.025
2026-01-03 20:06:44.074609,35.61,1.95,0.119,80.0,1621,0.0301
2026-01-03 20:07:44.074609,27.7,4.81,0.018,80.0,1574,0.0074
2026-01-03 20:08:44.074609,33.73,1.39,0.017,80.0,1463,0.0022
2026-01-03 20:09:44.074609,36.78,3.07,0.013,80.0,1561,0.0001
2026-01-03 20:10:44.074609,22.97,3.27,0.153,80.0,1249,0.0326
2026-01-03 20:11:44.074609,29.49,7.64,0.142,80.0,903,0.0053
2026-01-03 20:12:44.074609,32.7,2.22,0.012,80.0,2284,0.0062
2026-01-03 20:13:44.074609,24.12,1.19,0.022,80.0,1809,0.0045
2026-01-03 20:14:44.074609,41.98,1.64,0.05,80.0,1888,0.0168
2026-01-03 20:15:44.074609,45.1,7.8,0.074,80.0,1578,0.0235
2026-01-03 20:16:44.074609,38.74,3.92,0.102,80.0,1524,0.0188
2026-01-03 20:17:44.074609,36.45,6.23,0.017,80.0,2087,0.0073
2026-01-03 20:18:44.074609,20.27,1.12,0.005,80.0,1474,0.0028
2026-01-03 20:19:44.074609,36.27,5.33,0.004,80.0,964,0.019
2026-01-03 20:20:44.074609,32.0,4.69,0.102,80.0,1676,0.0071
2026-01-03 20:21:44.074609,28.84,4.31,0.016,80.0,1585,0.0203
2026-01-03 20:22:44.074609,35.5,10.63,0.143,80.0,1472,0.0102
2026-01-03 20:23:44.074609,26.92,4.4,0.041,80.0,1723,0.0085
2026-01-03 20:24:44.074609,39.8,2.74,0.031,80.0,1401,0.0057
2026-01-03 20:25:44.074609,26.57,1.8,0.021,80.0,1629,0.0027
2026-01-03 20:26:44.074609,40.34,2.46,0.006,80.0,1899,0.0393
2026-01-03 20:27:44.074609,39.77,1.89,0.004,80.0,1653,0.0037
2026-01-03 20:28:44.074609,30.52,2.76,0.085,80.0,1274,0.0187
2026-01-03 20:29:44.074609,41.73,2.41,0.025,80.0,2020,0.0054
2026-01-03 20:30:44.074609,30.65,2.82,0.089,80.0,1429,0.0038
2026-01-03 20:31:44.074609,29.49,2.33,0.337,80.0,1172,0.0098
2026-01-03 20:32:44.074609,28.87,5.86,0.004,80.0,1658,0.0075
2026-01-03 20:33:44.074609,27.43,2.89,0.131,80.0,1727,0.0108
2026-01-03 20:34:44.074609,34.13,1.02,0.015,80.0,1862,0.04
2026-01-03 20:35:44.074609,29.93,2.35,0.02,80.0,1506,0.0103
2026-01-03 20:36:44.074609,22.5,2.12,0.004,80.0,2214,0.0081
2026-01-03 20:37:44.074609,39.59,3.45,0.128,80.0,1016,0.0044
2026-01-03 20:38:44.074609,33.76,3.22,0.038,80.0,1857,0.0108
2026-01-03 20:39:44.074609,37.7,2.97,0.239,80.0,1334,0.0172
2026-01-03 20:40:44.074609,31.69,1.72,0.062,80.0,1277,0.0011
2026-01-03 20:41:44.074609,37.21,5.41,0.085,80.0,1536,0.0202
2026-01-03 20:42:44.074609,40.82,3.24,0.032,80.0,1851,0.0156
2026-01-03 20:43:44.074609,26.28,1.38,0.009,80.0,1182,0.0025
2026-01-03 20:44:44.074609,26.91,6.21,0.012,80.0,1808,0.0227
2026-01-03 20:45:44.074609,45.39,3.9,0.089,80.0,1726,0.01
2026-01-03 20:46:44.074609,40.84,8.65,0.133,80.0,1171,0.0086
2026-01-03 20:47:44.074609,26.97,5.34,0.137,80.0,1996,0.0157
2026-01-03 20:48:44.074609,36.66,4.82,0.109,80.0,1556,0.0096
2026-01-03 20:49:44.074609,35.21,10.89,0.079,80.0,1516,0.0011
2026-01-03 20:50:44.074609,34.14,5.61,0.011,80.0,1727,0.0152
2026-01-03 20:51:44.074609,41.95,1.03,0.02,80.0,1320,0.0008
2026-01-03 20:52:44.074609,44.37,3.74,0.051,80.0,1907,0.0399
2026-01-03 20:53:44.074609,21.39,2.29,0.037,80.0,1652,0.0086
2026-01-03 20:54:44.074609,34.17,1.53,0.008,80.0,1630,0.0139
2026-01-03 20:55:44.074609,31.21,2.46,0.125,80.0,997,0.0039
2026-01-03 20:56:44.074609,36.35,1.42,0.032,80.0,1626,0.0115
2026-01-03 20:57:44.074609,32.73,6.69,0.088,80.0,2465,0.0125
2026-01-03 20:58:44.074609,25.33,4.39,0.001,80.0,2132,0.0079
2026-01-03 20:59:44.074609,28.6,5.15,0.029,80.0,1133,0.0335
2026-01-03 21:00:44.074609,21.97,5.43,0.001,71.0,456,0.0096
2026-01-03 21:01:44.074609,25.91,1.71,0.003,36.27,369,0.0078
2026-01-03 21:02:44.074609,29.6,9.78,0.008,80.0,607,0.0087
2026-01-03 21:03:44.074609,15.72,2.11,0.024,57.49,503,0.0148
2026-01-03 21:04:44.074609,30.4,3.57,0.016,65.73,650,0.0002
2026-01-03 21:05:44.074609,26.9,4.05,0.012,40.48,675,0.021
2026-01-03 21:06:44.074609,31.57,2.2,0.088,40.5,561,0.0243
2026-01-03 21:07:44.074609,29.45,3.33,0.071,58.27,649,0.0134
2026-01-03 21:08:44.074609,26.9,5.58,0.009,36.19,426,0.0011
2026-01-03 21:09:44.074609,35.87,2.07,0.028,55.25,846,0.0143
2026-01-03 21:10:44.074609,31.47,4.78,0.065,59.2,559,0.0153
2026-01-03 21:11:44.074609,31.57,2.59,0.141,69.82,645,0.0141
2026-01-03 21:12:44.074609,32.64,4.32,0.083,52.04,703,0.0027
2026-01-03 21:13:44.074609,32.66,5.99,0.034,51.04,808,0.0037
2026-01-03 21:14:44.074609,29.96,1.15,0.033,50.88,626,0.0101
2026-01-03 21:15:44.074609,30.96,2.66,0.007,71.13,617,0.0025
2026-01-03 21:16:44.074609,30.81,6.08,0.199,73.67,844,0.0038
2026-01-03 21:17:44.074609,21.92,7.46,0.01,62.03,864,0.0093
2026-01-03 21:18:44.074609,45.42,2.19,0.103,80.0,584,0.0101
2026-01-03 21:19:44.074609,29.86,3.4,0.114,46.94,619,0.0431
2026-01-03 21:20:44.074609,25.56,1.07,0.056,79.49,805,0.0025
2026-01-03 21:21:44.074609,26.15,1.3,0.004,39.43,669,0.0051
2026-01-03 21:22:44.074609,23.54,2.04,0.019,53.22,475,0.0023
2026-01-03 21:23:44.074609,24.22,9.88,0.005,63.38,727,0.0015
2026-01-03 21:24:44.074609,29.72,1.58,0.015,48.07,509,0.0086
2026-01-03 21:25:44.074609,27.79,1.85,0.047,54.29,651,0.0055
2026-01-03 21:26:44.074609,30.19,2.38,0.077,35.95,550,0.0365
2026-01-03 21:27:44.074609,29.28,1.06,0.069,65.79,509,0.0017
2026-01-03 21:28:44.074609,19.27,3.22,0.068,61.04,636,0.0022
2026-01-03 21:29:44.074609,29.32,6.68,0.153,51.11,559,0.038
2026-01-03 21:30:44.074609,31.76,8.56,0.009,80.0,905,0.0058
2026-01-03 21:31:44.074609,21.34,3.25,0.076,65.36,571,0.0301
2026-01-03 21:32:44.074609,20.19,5.3,0.043,53.49,463,0.0149
2026-01-03 21:33:44.074609,25.11,4.25,0.005,67.57,655,0.0025
2026-01-03 21:34:44.074609,25.94,1.25,0.065,77.31,648,0.0109
2026-01-03 21:35:44.074609,23.06,1.92,0.046,72.75,720,0.0074
2026-01-03 21:36:44.074609,25.35,1.77,0.049,52.49,375,0.0084
2026-01-03 21:37:44.074609,33.18,5.39,0.206,58.7,538,0.0311
2026-01-03 21:38:44.074609,27.98,1.01,0.075,56.47,730,0.0028
2026-01-03 21:39:44.074609,27.98,1.56,0.056,38.34,461,0.0062
2026-01-03 21:40:44.074609,22.15,3.35,0.008,66.98,696,0.0033
2026-01-03 21:41:44.074609,31.38,1.61,0.002,49.65,473,0.0019
2026-01-03 21:42:44.074609,31.77,12.99,0.017,58.61,824,0.0008
2026-01-03 21:43:44.074609,31.18,1.53,0.065,62.52,855,0.0125
2026-01-03 21:44:44.074609,26.32,1.08,0.01,68.22,643,0.0042
2026-01-03 21:45:44.074609,32.56,4.77,0.118,78.81,591,0.0547
2026-01-03 21:46:44.074609,24.51,1.51,0.064,70.6,798,0.0026
2026-01-03 21:47:44.074609,31.92,1.62,0.054,44.02,334,0.0036
2026-01-03 21:48:44.074609,27.35,9.85,0.035,66.56,660,0.0106
2026-01-03 21:49:44.074609,25.76,5.99,0.097,70.58,568,0.0129
2026-01-03 21:50:44.074609,19.41,1.31,0.07,65.71,436,0.0012
2026-01-03 21:51:44.074609,24.63,3.0,0.0,38.5,628,0.0074
2026-01-03 21:52:44.074609,36.93,1.7,0.047,42.32,667,0.0027
2026-01-03 21:53:44.074609,21.66,2.26,0.007,73.33,409,0.0113
2026-01-03 21:54:44.074609,33.24,5.06,0.044,59.39,417,0.0029
2026-01-03 21:55:44.074609,29.41,3.04,0.168,62.53,394,0.001
2026-01-03 21:56:44.074609,31.27,3.35,0.098,62.21,780,0.005
2026-01-03 21:57:44.074609,35.21,2.59,0.032,67.68,749,0.0157
2026-01-03 21:58:44.074609,30.32,1.07,0.007,61.55,682,0.0049
2026-01-03 21:59:44.074609,33.04,8.28,0.076,60.79,738,0.0011
2026-01-03 22:00:44.074609,23.41,7.73,0.008,72.63,858,0.015
2026-01-03 22:01:44.074609,24.36,4.67,0.024,59.55,860,0.0075
2026-01-03 22:02:44.074609,32.18,5.41,0.07,80.0,603,0.016
2026-01-03 22:03:44.074609,23.98,11.44,0.002,30.07,627,0.0
2026-01-03 22:04:44.074609,16.4,7.88,0.017,68.21,576,0.0033
2026-01-03 22:05:44.074609,34.11,5.72,0.076,65.11,325,0.0081
2026-01-03 22:06:44.074609,28.31,2.06,0.033,44.67,575,0.0105
2026-01-03 22:07:44.074609,33.68,7.23,0.061,65.09,603,0.0012
2026-01-03 22:08:44.074609,29.11,6.02,0.013,46.07,599,0.0022
2026-01-03 22:09:44.074609,24.09,2.79,0.008,69.58,801,0.0045
2026-01-03 22:10:44.074609,33.39,5.61,0.014,72.79,769,0.0346
2026-01-03 22:11:44.074609,26.69,1.92,0.007,56.14,585,0.0053
2026-01-03 22:12:44.074609,22.7,8.02,0.011,68.54,738,0.0058
2026-01-03 22:13:44.074609,32.55,2.43,0.002,58.74,704,0.0169
2026-01-03 22:14:44.074609,36.72,1.24,0.049,63.42,619,0.0012
2026-01-03 22:15:44.074609,34.62,1.42,0.029,39.17,705,0.0005
2026-01-03 22:16:44.074609,26.23,2.32,0.05,64.34,721,0.0233
2026-01-03 22:17:44.074609,31.48,2.55,0.05,55.09,425,0.0079
2026-01-03 22:18:44.074609,18.03,2.32,0.079,77.12,781,0.0026
2026-01-03 22:19:44.074609,28.57,1.66,0.069,60.67,986,0.0021
2026-01-03 22:20:44.074609,35.78,2.28,0.146,48.44,587,0.049
2026-01-03 22:21:44.074609,34.27,1.79,0.04,43.31,706,0.0057
2026-01-03 22:22:44.074609,27.64,3.63,0.145,53.43,793,0.009
2026-01-03 22:23:44.074609,20.75,1.52,0.043,36.7,474,0.0078
2026-01-03 22:24:44.074609,29.4,11.85,0.063,69.6,644,0.0086
2026-01-03 22:25:44.074609,29.06,1.6,0.073,44.23,638,0.0057
2026-01-03 22:26:44.074609,29.98,2.64,0.017,65.02,813,0.0007
2026-01-03 22:27:44.074609,26.07,12.61,0.024,63.93,558,0.0042
2026-01-03 22:28:44.074609,29.34,5.86,0.032,60.59,762,0.0264
2026-01-03 22:29:44.074609,28.06,3.5,0.09,63.05,712,0.009
2026-01-03 22:30:44.074609,26.17,4.88,0.004,48.67,788,0.0164
2026-01-03 22:31:44.074609,18.18,10.16,0.072,59.44,804,0.0116
2026-01-03 22:32:44.074609,37.24,1.12,0.017,56.46,759,0.0324
2026-01-03 22:33:44.074609,33.96,2.52,0.119,67.9,900,0.001
2026-01-03 22:34:44.074609,30.98,4.0,0.106,65.8,551,0.0003
2026-01-03 22:35:44.074609,23.8,4.22,0.002,54.7,420,0.0064
2026-01-03 22:36:44.074609,27.49,1.06,0.003,58.84,636,0.0082
2026-01-03 22:37:44.074609,32.08,7.47,0.016,42.45,712,0.0003
2026-01-03 22:38:44.074609,33.83,2.41,0.035,46.53,780,0.0406
2026-01-03 22:39:44.074609,22.51,1.31,0.01,77.68,455,0.0146
2026-01-03 22:40:44.074609,10.0,4.89,0.011,54.64,657,0.0051
2026-01-03 22:41:44.074609,25.21,6.42,0.187,76.86,513,0.0048
2026-01-03 22:42:44.074609,30.04,1.03,0.046,64.39,795,0.0154
2026-01-03 22:43:44.074609,30.68,1.93,0.103,63.27,480,0.0437
2026-01-03 22:44:44.074609,33.64,10.0,0.043,52.22,740,0.0054
2026-01-03 22:45:44.074609,28.73,3.06,0.012,40.96,550,0.0006
2026-01-03 22:46:44.074609,30.2,2.46,0.026,43.68,539,0.0041
2026-01-03 22:47:44.074609,26.39,8.05,0.013,43.59,542,0.0044
2026-01-03 22:48:44.074609,30.65,2.16,0.138,80.0,562,0.0092
2026-01-03 22:49:44.074609,26.12,2.07,0.02,56.84,679,0.0043
2026-01-03 22:50:44.074609,23.87,3.98,0.0,75.01,771,0.0019
2026-01-03 22:51:44.074609,24.43,4.36,0.027,51.79,569,0.0198
2026-01-03 22:52:44.074609,28.54,1.56,0.022,74.71,789,0.0113
2026-01-03 22:53:44.074609,31.68,3.12,0.03,59.41,599,0.0079
2026-01-03 22:54:44.074609,26.86,2.13,0.037,65.0,593,0.081
2026-01-03 22:55:44.074609,33.36,7.19,0.277,52.4,808,0.0026
2026-01-03 22:56:44.074609,24.03,3.94,0.061,47.95,736,0.0189
2026-01-03 22:57:44.074609,20.33,3.35,0.1,53.42,448,0.0012
2026-01-03 22:58:44.074609,21.9,7.42,0.048,51.67,807,0.0053
2026-01-03 22:59:44.074609,24.72,3.83,0.034,34.43,442,0.029
2026-01-03 23:00:44.074609,27.2,4.98,0.051,55.29,668,0.0007
2026-01-03 23:01:44.074609,27.41,2.64,0.009,56.6,681,0.0046
2026-01-03 23:02:44.074609,34.49,1.22,0.045,62.82,581,0.0162
2026-01-03 23:03:44.074609,21.64,5.64,0.018,60.41,629,0.0256
2026-01-03 23:04:44.074609,19.66,2.06,0.118,46.37,727,0.0038
2026-01-03 23:05:44.074609,26.02,1.99,0.067,47.38,665,0.0129
2026-01-03 23:06:44.074609,28.56,4.56,0.059,53.9,736,0.0036
2026-01-03 23:07:44.074609,23.47,8.29,0.038,68.27,780,0.0037
2026-01-03 23:08:44.074609,24.15,10.91,0.204,48.59,692,0.0031
2026-01-03 23:09:44.074609,34.94,1.61,0.006,59.18,651,0.0216
2026-01-03 23:10:44.074609,23.71,1.13,0.012,70.28,719,0.0165
2026-01-03 23:11:44.074609,25.92,2.52,0.209,62.63,651,0.0124
2026-01-03 23:12:44.074609,28.6,10.07,0.03,63.67,538,0.0322
2026-01-03 23:13:44.074609,33.64,2.65,0.005,66.56,609,0.0311
2026-01-03 23:14:44.074609,28.23,3.07,0.09,46.39,664,0.0096
2026-01-03 23:15:44.074609,25.61,2.5,0.023,66.35,651,0.0059
2026-01-03 23:16:44.074609,33.62,6.11,0.003,61.96,903,0.0209
2026-01-03 23:17:44.074609,19.6,5.91,0.017,58.4,646,0.0005
2026-01-03 23:18:44.074609,21.03,1.11,0.034,55.79,406,0.005
2026-01-03 23:19:44.074609,29.56,4.72,0.056,44.76,517,0.0069
2026-01-03 23:20:44.074609,26.57,7.63,0.032,43.76,515,0.0226
2026-01-03 23:21:44.074609,29.05,4.75,0.025,41.49,656,0.0169
2026-01-03 23:22:44.074609,33.5,3.43,0.144,58.01,766,0.0038
2026-01-03 23:23:44.074609,37.54,3.07,0.086,70.93,580,0.0116
2026-01-03 23:24:44.074609,22.45,1.85,0.029,59.86,700,0.0298
2026-01-03 23:25:44.074609,33.69,3.69,0.008,70.88,433,0.0662
2026-01-03 23:26:44.074609,29.0,1.93,0.013,61.2,955,0.0002
2026-01-03 23:27:44.074609,29.57,2.98,0.008,54.88,435,0.0025
2026-01-03 23:28:44.074609,26.94,10.49,0.022,49.94,752,0.0053
2026-01-03 23:29:44.074609,26.18,3.51,0.038,70.6,869,0.0064
2026-01-03 23:30:44.074609,21.49,1.06,0.084,57.29,519,0.0087
2026-01-03 23:31:44.074609,24.22,4.99,0.007,79.87,784,0.022
2026-01-03 23:32:44.074609,31.0,3.6,0.019,52.56,520,0.0078
2026-01-03 23:33:44.074609,36.25,1.84,0.037,62.44,482,0.0095
2026-01-03 23:34:44.074609,26.0,16.2,0.023,33.35,726,0.021
2026-01-03 23:35:44.074609,26.99,7.91,0.008,61.8,685,0.0049
2026-01-03 23:36:44.074609,24.22,3.27,0.053,57.18,621,0.0062
2026-01-03 23:37:44.074609,32.53,10.26,0.018,42.27,652,0.0314
2026-01-03 23:38:44.074609,34.85,1.44,0.182,66.25,639,0.0061
2026-01-03 23:39:44.074609,36.12,4.85,0.048,60.29,826,0.0296
2026-01-03 23:40:44.074609,26.07,1.03,0.044,63.33,765,0.0161
2026-01-03 23:41:44.074609,29.81,4.79,0.167,64.14,683,0.0009
2026-01-03 23:42:44.074609,29.91,1.82,0.041,45.26,791,0.001
2026-01-03 23:43:44.074609,34.22,7.3,0.122,48.93,457,0.0052
2026-01-03 23:44:44.074609,20.29,2.41,0.055,39.32,607,0.0003
2026-01-03 23:45:44.074609,20.09,2.81,0.016,56.64,918,0.0252
2026-01-03 23:46:44.074609,32.0,2.41,0.009,49.35,445,0.0104
2026-01-03 23:47:44.074609,26.25,4.67,0.011,62.48,610,0.004
2026-01-03 23:48:44.074609,32.0,8.49,0.001,54.14,479,0.0121
2026-01-03 23:49:44.074609,35.87,7.36,0.006,73.77,880,0.0101
2026-01-03 23:50:44.074609,29.23,2.78,0.001,48.0,606,0.0056
2026-01-03 23:51:44.074609,31.22,7.16,0.025,50.63,731,0.0077
2026-01-03 23:52:44.074609,28.34,16.94,0.008,58.39,797,0.0002
2026-01-03 23:53:44.074609,31.02,1.46,0.057,56.86,571,0.0151
2026-01-03 23:54:44.074609,24.1,2.42,0.0,39.92,591,0.0115
2026-01-03 23:55:44.074609,30.72,1.93,0.025,53.42,776,0.0011
2026-01-03 23:56:44.074609,20.54,2.95,0.02,53.76,697,0.0009
2026-01-03 23:57:44.074609,27.49,3.21,0.222,57.19,644,0.0049
2026-01-03 23:58:44.074609,25.32,2.24,0.02,48.95,756,0.0048
2026-01-03 23:59:44.074609,18.53,1.29,0.006,49.36,765,0.0014
2026-01-04 00:00:44.074609,25.1,5.07,0.017,56.12,777,0.0019
2026-01-04 00:01:44.074609,38.61,2.4,0.151,80.0,689,0.0366
2026-01-04 00:02:44.074609,30.04,2.83,0.005,50.66,824,0.0021
2026-01-04 00:03:44.074609,32.77,1.56,0.094,58.09,512,0.0189
2026-01-04 00:04:44.074609,26.9,11.48,0.017,47.19,446,0.0168
2026-01-04 00:05:44.074609,24.06,2.2,0.103,79.53,705,0.0134
2026-01-04 00:06:44.074609,26.92,1.5,0.047,69.51,738,0.0019
2026-01-04 00:07:44.074609,21.88,9.79,0.056,64.36,611,0.0133
2026-01-04 00:08:44.074609,40.03,1.99,0.054,60.78,481,0.0317
2026-01-04 00:09:44.074609,25.45,14.47,0.009,60.33,684,0.0035
2026-01-04 00:10:44.074609,38.36,1.59,0.01,46.12,639,0.0216
2026-01-04 00:11:44.074609,12.32,2.57,0.023,50.73,962,0.0063
2026-01-04 00:12:44.074609,31.63,7.81,0.019,36.25,737,0.014
2026-01-04 00:13:44.074609,25.25,3.95,0.176,65.07,472,0.0039
2026-01-04 00:14:44.074609,28.81,6.2,0.022,70.29,745,0.007
2026-01-04 00:15:44.074609,24.4,3.18,0.058,72.2,581,0.0106
2026-01-04 00:16:44.074609,23.88,4.2,0.034,57.36,837,0.0213
2026-01-04 00:17:44.074609,23.26,2.51,0.055,73.11,514,0.0033
2026-01-04 00:18:44.074609,28.48,4.47,0.004,67.68,687,0.0349
2026-01-04 00:19:44.074609,32.21,8.83,0.005,48.13,750,0.0023
2026-01-04 00:20:44.074609,27.36,9.14,0.037,57.0,530,0.0039
2026-01-04 00:21:44.074609,30.16,2.98,0.033,35.47,822,0.0174
2026-01-04 00:22:44.074609,27.82,2.14,0.0,60.77,685,0.0011
2026-01-04 00:23:44.074609,28.4,1.3,0.167,52.38,688,0.0007
2026-01-04 00:24:44.074609,32.62,2.18,0.023,41.87,640,0.0086
2026-01-04 00:25:44.074609,31.81,9.26,0.042,57.32,529,0.0025
2026-01-04 00:26:44.074609,30.34,7.93,0.06,62.35,479,0.0273
2026-01-04 00:27:44.074609,22.2,9.54,0.031,51.64,444,0.0222
2026-01-04 00:28:44.074609,25.06,6.6,0.026,57.8,588,0.002
2026-01-04 00:29:44.074609,26.5,1.31,0.158,45.01,634,0.0018
2026-01-04 00:30:44.074609,25.19,4.5,0.004,78.19,683,0.03
2026-01-04 00:31:44.074609,24.86,1.28,0.066,62.36,614,0.0376
2026-01-04 00:32:44.074609,20.04,6.14,0.094,62.78,779,0.0136
2026-01-04 00:33:44.074609,31.93,1.99,0.006,37.76,398,0.0088
2026-01-04 00:34:44.074609,33.28,3.45,0.039,56.38,516,0.0167
2026-01-04 00:35:44.074609,25.05,3.04,0.099,34.24,555,0.02
2026-01-04 00:36:44.074609,29.85,6.35,0.07,79.36,622,0.0065
2026-01-04 00:37:44.074609,31.44,7.64,0.03,63.07,664,0.0106
2026-01-04 00:38:44.074609,22.98,1.5,0.032,61.18,543,0.0193
2026-01-04 00:39:44.074609,24.17,16.25,0.054,76.83,721,0.0455
2026-01-04 00:40:44.074609,34.0,6.17,0.037,77.23,513,0.0089
2026-01-04 00:41:44.074609,19.98,2.68,0.041,74.18,712,0.0013
2026-01-04 00:42:44.074609,31.74,1.85,0.001,73.92,385,0.0122
2026-01-04 00:43:44.074609,29.0,4.72,0.018,51.79,630,0.0643
2026-01-04 00:44:44.074609,34.75,1.0,0.006,67.2,586,0.0302
2026-01-04 00:45:44.074609,30.63,3.96,0.027,57.51,568,0.0031
2026-01-04 00:46:44.074609,33.49,4.21,0.025,67.01,789,0.0053
2026-01-04 00:47:44.074609,27.12,4.72,0.12,70.07,655,0.0114
2026-01-04 00:48:44.074609,35.24,2.6,0.052,52.89,441,0.0024
2026-01-04 00:49:44.074609,28.78,6.99,0.001,52.17,626,0.011
2026-01-04 00:50:44.074609,20.41,1.56,0.003,75.88,660,0.0004
2026-01-04 00:51:44.074609,35.73,1.42,0.013,42.64,729,0.0034
2026-01-04 00:52:44.074609,28.52,3.01,0.026,73.61,678,0.0443
2026-01-04 00:53:44.074609,23.13,2.59,0.022,77.99,842,0.0171
2026-01-04 00:54:44.074609,31.87,2.62,0.063,70.71,831,0.0076
2026-01-04 00:55:44.074609,27.15,2.99,0.009,56.37,892,0.0075
2026-01-04 00:56:44.074609,33.81,1.11,0.003,55.84,637,0.0101
2026-01-04 00:57:44.074609,22.35,8.55,0.081,64.87,639,0.0061
2026-01-04 00:58:44.074609,19.39,2.29,0.085,55.9,529,0.0056
2026-01-04 00:59:44.074609,34.63,1.74,0.005,57.23,502,0.0008
2026-01-04 01:00:44.074609,30.57,2.67,0.012,41.22,550,0.001
2026-01-04 01:01:44.074609,25.81,11.18,0.021,59.22,772,0.0033
2026-01-04 01:02:44.074609,31.6,5.14,0.089,50.21,725,0.012
2026-01-04 01:03:44.074609,30.97,2.59,0.012,58.16,933,0.0061
2026-01-04 01:04:44.074609,29.4,3.51,0.027,66.63,654,0.0069
2026-01-04 01:05:44.074609,32.98,2.24,0.085,48.11,628,0.001
2026-01-04 01:06:44.074609,25.8,1.27,0.054,70.96,611,0.0073
2026-01-04 01:07:44.074609,34.15,3.93,0.08,45.92,514,0.0111
2026-01-04 01:08:44.074609,30.79,2.49,0.031,55.68,734,0.0095
2026-01-04 01:09:44.074609,24.02,2.81,0.045,55.22,428,0.0172
2026-01-04 01:10:44.074609,20.09,1.09,0.018,70.58,622,0.0022
2026-01-04 01:11:44.074609,31.27,8.01,0.013,52.9,762,0.0071
2026-01-04 01:12:44.074609,23.77,2.82,0.044,64.47,677,0.0024
2026-01-04 01:13:44.074609,31.08,1.04,0.013,69.59,657,0.0075
2026-01-04 01:14:44.074609,42.33,1.79,0.056,49.46,459,0.0046
2026-01-04 01:15:44.074609,24.67,1.69,0.011,61.96,626,0.0093
2026-01-04 01:16:44.074609,26.88,4.95,0.054,49.92,645,0.0319
2026-01-04 01:17:44.074609,31.03,8.32,0.06,45.9,560,0.0003
2026-01-04 01:18:44.074609,22.3,3.85,0.047,65.98,749,0.0015
2026-01-04 01:19:44.074609,35.41,3.05,0.006,40.38,654,0.0017
2026-01-04 01:20:44.074609,27.96,1.57,0.089,77.79,856,0.0065
2026-01-04 01:21:44.074609,39.33,11.31,0.013,75.78,730,0.0012
2026-01-04 01:22:44.074609,39.6,2.36,0.01,63.2,632,0.0115
2026-01-04 01:23:44.074609,29.38,4.97,0.036,58.34,730,0.0028
2026-01-04 01:24:44.074609,33.46,3.27,0.041,41.6,624,0.0025
2026-01-04 01:25:44.074609,29.64,4.51,0.042,65.66,845,0.0045
2026-01-04 01:26:44.074609,23.67,6.78,0.098,48.86,596,0.0061
2026-01-04 01:27:44.074609,18.68,4.86,0.016,58.09,613,0.0046
2026-01-04 01:28:44.074609,29.99,3.92,0.046,71.5,684,0.0202
2026-01-04 01:29:44.074609,33.15,6.66,0.159,59.76,689,0.0063
2026-01-04 01:30:44.074609,30.12,1.71,0.121,45.99,777,0.0042
2026-01-04 01:31:44.074609,26.92,1.25,0.008,80.0,543,0.0071
2026-01-04 01:32:44.074609,34.88,5.37,0.07,78.27,724,0.0016
2026-01-04 01:33:44.074609,33.52,9.66,0.03,54.3,627,0.0027
2026-01-04 01:34:44.074609,26.56,1.82,0.034,45.62,678,0.022
2026-01-04 01:35:44.074609,35.96,14.09,0.049,80.0,626,0.0027
2026-01-04 01:36:44.074609,30.33,3.18,0.036,68.07,518,0.0003
2026-01-04 01:37:44.074609,25.85,4.5,0.032,80.0,588,0.0173
2026-01-04 01:38:44.074609,39.05,5.68,0.081,57.06,454,0.0136
2026-01-04 01:39:44.074609,26.33,4.12,0.206,55.29,860,0.0082
2026-01-04 01:40:44.074609,33.08,5.57,0.186,28.82,807,0.0197
2026-01-04 01:41:44.074609,35.98,3.29,0.026,63.26,484,0.0043
2026-01-04 01:42:44.074609,33.1,15.59,0.051,61.53,686,0.0106
2026-01-04 01:43:44.074609,25.45,4.04,0.045,68.81,506,0.0032
2026-01-04 01:44:44.074609,30.56,2.01,0.046,48.94,516,0.0004
2026-01-04 01:45:44.074609,34.72,8.42,0.013,54.0,537,0.0043
2026-01-04 01:46:44.074609,24.16,5.9,0.052,63.72,829,0.003
2026-01-04 01:47:44.074609,31.2,5.39,0.004,64.0,631,0.0065
2026-01-04 01:48:44.074609,22.94,6.08,0.057,52.83,578,0.0034
2026-01-04 01:49:44.074609,26.13,4.91,0.014,49.85,635,0.0039
2026-01-04 01:50:44.074609,35.33,2.6,0.062,55.42,651,0.0256
2026-01-04 01:51:44.074609,31.25,1.23,0.014,80.0,693,0.0075
2026-01-04 01:52:44.074609,29.58,2.31,0.003,43.53,773,0.0006
2026-01-04 01:53:44.074609,27.23,1.04,0.006,80.0,601,0.0201
2026-01-04 01:54:44.074609,29.21,2.12,0.005,60.46,858,0.0037
2026-01-04 01:55:44.074609,26.5,4.26,0.023,57.71,761,0.0105
2026-01-04 01:56:44.074609,36.33,5.72,0.05,34.69,474,0.0013
2026-01-04 01:57:44.074609,32.24,1.85,0.099,68.34,571,0.0002
2026-01-04 01:58:44.074609,42.57,2.45,0.051,57.38,536,0.0503
2026-01-04 01:59:44.074609,30.41,3.28,0.002,80.0,565,0.0023
2026-01-04 02:00:44.074609,29.92,1.61,0.037,67.08,521,0.0079
2026-01-04 02:01:44.074609,30.9,2.32,0.021,52.65,481,0.001
2026-01-04 02:02:44.074609,38.86,4.6,0.017,54.46,577,0.0029
2026-01-04 02:03:44.074609,24.81,1.06,0.0,75.61,646,0.0061
2026-01-04 02:04:44.074609,20.07,3.64,0.074,44.55,599,0.0161
2026-01-04 02:05:44.074609,21.29,5.34,0.136,45.93,532,0.0324
2026-01-04 02:06:44.074609,28.29,1.73,0.011,49.37,697,0.0067
2026-01-04 02:07:44.074609,29.91,1.43,0.009,75.15,660,0.0122
2026-01-04 02:08:44.074609,34.57,2.4,0.038,45.98,716,0.0013
2026-01-04 02:09:44.074609,31.2,4.31,0.009,64.09,686,0.0034
2026-01-04 02:10:44.074609,27.24,6.13,0.017,52.23,577,0.0062
2026-01-04 02:11:44.074609,18.07,3.57,0.009,68.76,657,0.0073
2026-01-04 02:12:44.074609,26.17,4.51,0.052,57.25,772,0.0001
2026-01-04 02:13:44.074609,36.49,3.21,0.058,72.65,535,0.0109
2026-01-04 02:14:44.074609,25.76,1.84,0.03,16.06,494,0.0091
2026-01-04 02:15:44.074609,24.99,1.64,0.004,80.0,492,0.0026
2026-01-04 02:16:44.074609,34.67,2.43,0.045,73.51,827,0.0199
2026-01-04 02:17:44.074609,31.63,1.32,0.04,42.48,469,0.005
2026-01-04 02:18:44.074609,30.57,6.27,0.008,67.88,635,0.007
2026-01-04 02:19:44.074609,32.72,1.68,0.012,65.59,753,0.0006
2026-01-04 02:20:44.074609,32.84,2.17,0.025,54.74,808,0.026
2026-01-04 02:21:44.074609,22.33,1.21,0.043,79.46,469,0.0116
2026-01-04 02:22:44.074609,20.96,2.87,0.07,44.42,608,0.0062
2026-01-04 02:23:44.074609,25.58,8.88,0.007,41.85,538,0.0085
2026-01-04 02:24:44.074609,23.25,2.59,0.004,48.25,683,0.0093
2026-01-04 02:25:44.074609,13.16,1.21,0.051,80.0,398,0.0091
2026-01-04 02:26:44.074609,19.81,3.8,0.001,54.08,587,0.0113
2026-01-04 02:27:44.074609,36.78,5.05,0.096,64.35,454,0.0178
2026-01-04 02:28:44.074609,21.48,1.81,0.031,40.92,593,0.0118
2026-01-04 02:29:44.074609,36.42,2.27,0.082,43.38,671,0.0189
2026-01-04 02:30:44.074609,29.53,1.32,0.129,70.81,691,0.0115
2026-01-04 02:31:44.074609,30.88,1.29,0.059,42.06,505,0.0387
2026-01-04 02:32:44.074609,26.61,7.94,0.112,67.21,780,0.0106
2026-01-04 02:33:44.074609,30.15,8.86,0.04,65.22,713,0.0062
2026-01-04 02:34:44.074609,27.94,4.08,0.023,76.43,761,0.0098
2026-01-04 02:35:44.074609,17.47,4.1,0.12,60.31,699,0.0087
2026-01-04 02:36:44.074609,29.02,2.86,0.079,53.56,508,0.0063
2026-01-04 02:37:44.074609,23.03,1.24,0.011,39.68,791,0.002
2026-01-04 02:38:44.074609,24.82,2.28,0.003,80.0,789,0.0201
2026-01-04 02:39:44.074609,25.02,1.44,0.008,69.55,651,0.0004
2026-01-04 02:40:44.074609,28.37,1.44,0.033,66.25,575,0.0085
2026-01-04 02:41:44.074609,24.0,1.89,0.045,80.0,540,0.007
2026-01-04 02:42:44.074609,36.28,6.49,0.008,31.77,729,0.0121
2026-01-04 02:43:44.074609,33.02,7.76,0.037,76.08,890,0.0039
2026-01-04 02:44:44.074609,29.76,1.11,0.013,48.92,497,0.0287
2026-01-04 02:45:44.074609,30.1,7.39,0.031,39.13,504,0.0055
2026-01-04 02:46:44.074609,28.34,2.47,0.022,59.42,735,0.0121
2026-01-04 02:47:44.074609,31.25,7.41,0.008,44.51,599,0.0018
2026-01-04 02:48:44.074609,24.11,1.35,0.057,66.91,505,0.0198
2026-01-04 02:49:44.074609,23.57,3.56,0.025,62.8,481,0.0265
2026-01-04 02:50:44.074609,21.92,5.07,0.007,32.68,615,0.0381
2026-01-04 02:51:44.074609,34.65,2.96,0.012,36.58,485,0.0106
2026-01-04 02:52:44.074609,35.16,2.45,0.06,59.92,921,0.0122
2026-01-04 02:53:44.074609,22.53,1.6,0.014,57.16,669,0.0046
2026-01-04 02:54:44.074609,26.49,1.29,0.086,52.06,897,0.0028
2026-01-04 02:55:44.074609,27.45,7.49,0.01,43.13,717,0.0101
2026-01-04 02:56:44.074609,28.69,2.74,0.063,62.89,807,0.0205
2026-01-04 02:57:44.074609,35.52,10.11,0.035,59.24,854,0.0152
2026-01-04 02:58:44.074609,36.79,6.19,0.001,69.65,741,0.0121
2026-01-04 02:59:44.074609,35.59,9.15,0.013,55.42,821,0.014
2026-01-04 03:00:44.074609,30.19,3.89,0.001,70.35,747,0.0128
2026-01-04 03:01:44.074609,26.05,16.23,0.074,77.98,740,0.0239
2026-01-04 03:02:44.074609,28.96,6.06,0.041,32.07,691,0.0029
2026-01-04 03:03:44.074609,43.42,1.84,0.128,64.05,807,0.0057
2026-01-04 03:04:44.074609,43.0,1.18,0.107,72.5,470,0.0094
2026-01-04 03:05:44.074609,32.58,1.6,0.016,80.0,841,0.0057
2026-01-04 03:06:44.074609,28.94,1.68,0.005,47.32,887,0.0013
2026-01-04 03:07:44.074609,22.24,3.13,0.018,66.76,717,0.0038
2026-01-04 03:08:44.074609,27.74,4.1,0.019,62.11,539,0.0248
2026-01-04 03:09:44.074609,40.36,3.82,0.027,48.02,463,0.0047
2026-01-04 03:10:44.074609,32.11,2.75,0.1,74.92,465,0.0024
2026-01-04 03:11:44.074609,32.56,5.31,0.031,41.97,734,0.0015
2026-01-04 03:12:44.074609,26.77,4.83,0.059,63.88,673,0.013
2026-01-04 03:13:44.074609,22.61,2.49,0.002,40.92,788,0.0186
2026-01-04 03:14:44.074609,33.46,3.42,0.065,72.28,539,0.0042
2026-01-04 03:15:44.074609,28.17,5.49,0.069,32.52,590,0.0036
2026-01-04 03:16:44.074609,26.15,2.98,0.039,80.0,544,0.0056
2026-01-04 03:17:44.074609,35.99,1.99,0.027,78.87,508,0.0065
2026-01-04 03:18:44.074609,25.73,2.47,0.01,30.1,467,0.0014
2026-01-04 03:19:44.074609,30.26,4.68,0.142,46.92,656,0.0097
2026-01-04 03:20:44.074609,24.57,2.55,0.08,56.07,703,0.008
2026-01-04 03:21:44.074609,21.95,1.5,0.019,48.13,693,0.0082
2026-01-04 03:22:44.074609,28.71,3.28,0.002,59.61,766,0.0018
2026-01-04 03:23:44.074609,29.07,2.09,0.016,58.32,681,0.0009
2026-01-04 03:24:44.074609,22.91,5.36,0.126,46.83,666,0.0085
2026-01-04 03:25:44.074609,29.16,7.17,0.081,75.91,756,0.0001
2026-01-04 03:26:44.074609,20.32,2.51,0.014,56.66,734,0.0106
2026-01-04 03:27:44.074609,33.22,4.99,0.017,68.21,714,0.0091
2026-01-04 03:28:44.074609,38.93,1.0,0.015,56.15,698,0.0058
2026-01-04 03:29:44.074609,26.45,1.7,0.04,54.91,618,0.0039
2026-01-04 03:30:44.074609,31.51,3.49,0.022,55.58,748,0.0067
2026-01-04 03:31:44.074609,36.69,3.49,0.014,60.8,694,0.0073
2026-01-04 03:32:44.074609,35.16,1.04,0.076,66.77,540,0.0002
2026-01-04 03:33:44.074609,23.82,1.51,0.033,46.89,858,0.0025
2026-01-04 03:34:44.074609,39.14,2.58,0.007,48.85,800,0.0139
2026-01-04 03:35:44.074609,31.33,4.12,0.004,59.98,764,0.0001
2026-01-04 03:36:44.074609,28.74,1.55,0.084,62.63,728,0.0477
2026-01-04 03:37:44.074609,28.8,4.47,0.061,47.15,596,0.0045
2026-01-04 03:38:44.074609,27.55,4.34,0.012,51.11,731,0.0001
2026-01-04 03:39:44.074609,38.3,2.29,0.069,59.32,487,0.0009
2026-01-04 03:40:44.074609,26.93,4.72,0.024,59.59,761,0.0043
2026-01-04 03:41:44.074609,23.26,3.7,0.044,53.8,575,0.0034
2026-01-04 03:42:44.074609,31.51,1.31,0.018,64.94,640,0.0106
2026-01-04 03:43:44.074609,24.46,1.47,0.015,72.64,718,0.0042
2026-01-04 03:44:44.074609,19.53,6.84,0.223,75.3,521,0.0107
2026-01-04 03:45:44.074609,31.87,2.28,0.023,47.94,793,0.0015
2026-01-04 03:46:44.074609,27.49,1.17,0.026,60.41,604,0.0143
2026-01-04 03:47:44.074609,30.73,8.44,0.069,66.79,678,0.0114
2026-01-04 03:48:44.074609,28.25,7.33,0.002,63.56,745,0.0019
2026-01-04 03:49:44.074609,29.65,8.56,0.03,66.45,642,0.0023
2026-01-04 03:50:44.074609,32.34,1.49,0.254,46.17,589,0.0001
2026-01-04 03:51:44.074609,31.65,3.29,0.05,54.19,653,0.0182
2026-01-04 03:52:44.074609,32.88,2.17,0.189,61.13,600,0.0108
2026-01-04 03:53:44.074609,25.76,2.13,0.005,42.6,866,0.0004
2026-01-04 03:54:44.074609,40.65,1.45,0.036,65.61,385,0.008
2026-01-04 03:55:44.074609,34.68,5.68,0.001,73.1,758,0.0067
2026-01-04 03:56:44.074609,27.98,1.2,0.013,47.81,670,0.0055
2026-01-04 03:57:44.074609,33.98,1.35,0.057,51.35,857,0.0023
2026-01-04 03:58:44.074609,18.64,3.82,0.056,78.28,867,0.0001
2026-01-04 03:59:44.074609,29.35,3.43,0.135,57.65,676,0.0081
2026-01-04 04:00:44.074609,26.09,1.41,0.048,66.25,745,0.0028
2026-01-04 04:01:44.074609,26.36,6.21,0.009,67.79,582,0.0009
2026-01-04 04:02:44.074609,25.46,6.79,0.043,67.19,589,0.0162
2026-01-04 04:03:44.074609,29.81,4.84,0.063,48.59,547,0.0038
2026-01-04 04:04:44.074609,31.26,6.58,0.114,54.1,778,0.004
2026-01-04 04:05:44.074609,22.66,2.43,0.042,35.15,694,0.0025
2026-01-04 04:06:44.074609,32.84,1.15,0.005,59.09,384,0.05
2026-01-04 04:07:44.074609,33.92,4.56,0.01,24.33,656,0.0032
2026-01-04 04:08:44.074609,32.5,9.21,0.049,80.0,580,0.0138
2026-01-04 04:09:44.074609,28.69,4.44,0.098,65.5,552,0.0113
2026-01-04 04:10:44.074609,38.33,3.21,0.006,62.41,829,0.0159
2026-01-04 04:11:44.074609,29.0,5.37,0.222,42.9,735,0.0019
2026-01-04 04:12:44.074609,25.46,1.66,0.006,53.26,575,0.0085
2026-01-04 04:13:44.074609,27.06,3.37,0.009,71.24,567,0.0053
2026-01-04 04:14:44.074609,25.97,3.68,0.017,50.79,722,0.0044
2026-01-04 04:15:44.074609,32.51,4.23,0.002,56.01,627,0.0182
2026-01-04 04:16:44.074609,16.95,2.13,0.024,49.55,598,0.0067
2026-01-04 04:17:44.074609,26.06,5.42,0.051,57.88,615,0.0238
2026-01-04 04:18:44.074609,38.92,2.58,0.036,61.13,899,0.0021
2026-01-04 04:19:44.074609,24.79,2.7,0.047,54.93,689,0.0223
2026-01-04 04:20:44.074609,23.29,2.24,0.013,62.67,735,0.0011
2026-01-04 04:21:44.074609,37.9,3.56,0.048,46.78,828,0.0039
2026-01-04 04:22:44.074609,29.99,4.7,0.236,75.25,586,0.0028
2026-01-04 04:23:44.074609,29.92,1.08,0.012,56.57,324,0.0099
2026-01-04 04:24:44.074609,25.79,1.64,0.004,63.98,355,0.0083
2026-01-04 04:25:44.074609,34.22,1.85,0.072,80.0,534,0.0068
2026-01-04 04:26:44.074609,33.7,2.19,0.035,75.48,459,0.0219
2026-01-04 04:27:44.074609,33.55,3.53,0.034,80.0,677,0.0189
2026-01-04 04:28:44.074609,33.61,1.03,0.102,63.2,569,0.0054
2026-01-04 04:29:44.074609,34.14,1.54,0.036,77.63,709,0.0134
2026-01-04 04:30:44.074609,18.66,1.25,0.036,38.97,762,0.0306
2026-01-04 04:31:44.074609,20.67,1.34,0.039,59.62,495,0.0003
2026-01-04 04:32:44.074609,25.53,3.51,0.046,62.36,514,0.0304
2026-01-04 04:33:44.074609,25.07,1.51,0.029,66.23,784,0.0026
2026-01-04 04:34:44.074609,30.25,2.96,0.052,35.11,372,0.0026
2026-01-04 04:35:44.074609,28.16,3.28,0.012,62.67,430,0.0023
2026-01-04 04:36:44.074609,28.8,1.97,0.0,33.08,808,0.0229
2026-01-04 04:37:44.074609,30.93,2.25,0.055,65.09,769,0.0006
2026-01-04 04:38:44.074609,28.34,6.03,0.009,42.49,593,0.0121
2026-01-04 04:39:44.074609,31.18,4.59,0.051,80.0,556,0.0056
2026-01-04 04:40:44.074609,32.56,1.49,0.028,72.21,794,0.0124
2026-01-04 04:41:44.074609,34.32,2.37,0.145,42.03,791,0.0139
2026-01-04 04:42:44.074609,18.9,8.11,0.029,45.92,399,0.0039
2026-01-04 04:43:44.074609,31.35,1.4,0.041,61.04,795,0.0231
2026-01-04 04:44:44.074609,28.14,3.17,0.001,61.08,532,0.0013
2026-01-04 04:45:44.074609,30.64,5.17,0.093,51.41,636,0.0179
2026-01-04 04:46:44.074609,27.5,4.83,0.082,33.1,677,0.0084
2026-01-04 04:47:44.074609,20.31,5.42,0.005,73.87,798,0.0009
2026-01-04 04:48:44.074609,28.21,3.19,0.009,48.35,726,0.0036
2026-01-04 04:49:44.074609,43.09,5.57,0.013,57.29,643,0.0017
2026-01-04 04:50:44.074609,22.12,4.55,0.043,57.35,656,0.0334
2026-01-04 04:51:44.074609,26.69,1.26,0.004,59.92,767,0.0081
2026-01-04 04:52:44.074609,29.3,3.78,0.021,63.18,668,0.0045
2026-01-04 04:53:44.074609,23.6,2.09,0.011,75.31,576,0.0033
2026-01-04 04:54:44.074609,32.45,20.0,0.02,60.77,646,0.0046
2026-01-04 04:55:44.074609,34.4,2.12,0.013,52.72,873,0.0004
2026-01-04 04:56:44.074609,24.54,2.4,0.021,68.17,490,0.0034
2026-01-04 04:57:44.074609,28.82,1.73,0.016,80.0,849,0.0018
2026-01-04 04:58:44.074609,34.23,3.87,0.201,58.26,545,0.0132
2026-01-04 04:59:44.074609,25.82,1.47,0.034,73.36,655,0.0002
2026-01-04 05:00:44.074609,23.84,4.91,0.033,40.48,625,0.0045
2026-01-04 05:01:44.074609,31.5,1.67,0.048,48.39,768,0.0078
2026-01-04 05:02:44.074609,21.04,2.65,0.056,74.58,607,0.0131
2026-01-04 05:03:44.074609,34.16,6.3,0.038,59.96,664,0.0044
2026-01-04 05:04:44.074609,24.14,3.33,0.052,76.29,798,0.0114
2026-01-04 05:05:44.074609,27.77,3.99,0.026,57.11,586,0.0021
2026-01-04 05:06:44.074609,30.17,3.45,0.035,50.62,449,0.0004
2026-01-04 05:07:44.074609,34.27,1.9,0.002,61.42,748,0.0015
2026-01-04 05:08:44.074609,30.77,2.46,0.009,62.31,548,0.0343
2026-01-04 05:09:44.074609,33.42,1.69,0.006,56.54,530,0.0038
2026-01-04 05:10:44.074609,36.43,4.34,0.02,35.93,731,0.0153
2026-01-04 05:11:44.074609,30.28,1.07,0.078,33.42,494,0.0024
2026-01-04 05:12:44.074609,30.9,1.91,0.043,36.17,697,0.0118
2026-01-04 05:13:44.074609,38.21,3.65,0.001,38.2,900,0.0017
2026-01-04 05:14:44.074609,33.41,2.21,0.02,52.2,715,0.0079
2026-01-04 05:15:44.074609,31.47,4.29,0.018,64.85,722,0.0122
2026-01-04 05:16:44.074609,32.43,1.21,0.002,62.54,667,0.0149
2026-01-04 05:17:44.074609,29.21,2.09,0.057,74.83,778,0.0293
2026-01-04 05:18:44.074609,34.98,2.37,0.002,67.96,699,0.0037
2026-01-04 05:19:44.074609,25.45,5.74,0.004,71.18,819,0.0068
2026-01-04 05:20:44.074609,34.71,4.49,0.128,76.86,316,0.0031
2026-01-04 05:21:44.074609,20.47,2.47,0.125,45.99,740,0.0055
2026-01-04 05:22:44.074609,27.0,6.79,0.037,51.96,406,0.0055
2026-01-04 05:23:44.074609,23.26,1.62,0.02,45.4,467,0.0125
2026-01-04 05:24:44.074609,36.96,14.02,0.024,42.33,632,0.005
2026-01-04 05:25:44.074609,23.25,1.6,0.024,67.73,708,0.0316
2026-01-04 05:26:44.074609,34.75,8.05,0.008,57.07,585,0.0074
2026-01-04 05:27:44.074609,21.95,1.4,0.002,59.12,618,0.0009
2026-01-04 05:28:44.074609,26.4,7.3,0.159,47.01,510,0.0045
2026-01-04 05:29:44.074609,39.59,3.11,0.151,58.85,656,0.0041
2026-01-04 05:30:44.074609,27.9,2.42,0.062,60.82,696,0.015
2026-01-04 05:31:44.074609,23.68,5.24,0.077,73.22,942,0.0143
2026-01-04 05:32:44.074609,39.8,6.1,0.021,65.47,716,0.0027
2026-01-04 05:33:44.074609,23.41,1.29,0.043,66.21,653,0.0197
2026-01-04 05:34:44.074609,35.62,6.56,0.104,66.08,709,0.0019
2026-01-04 05:35:44.074609,22.32,5.07,0.008,48.11,670,0.0122
2026-01-04 05:36:44.074609,27.49,7.25,0.008,38.26,555,0.0001
2026-01-04 05:37:44.074609,23.62,1.29,0.042,39.43,585,0.0122
2026-01-04 05:38:44.074609,27.53,4.92,0.09,65.09,647,0.0245
2026-01-04 05:39:44.074609,16.88,1.01,0.062,80.0,740,0.009
2026-01-04 05:40:44.074609,28.83,15.82,0.096,56.9,692,0.0016
2026-01-04 05:41:44.074609,31.69,1.71,0.072,66.72,529,0.007
2026-01-04 05:42:44.074609,29.35,9.03,0.035,30.92,649,0.0104
2026-01-04 05:43:44.074609,21.93,3.06,0.039,54.43,634,0.0084
2026-01-04 05:44:44.074609,31.74,7.5,0.019,73.35,750,0.004
2026-01-04 05:45:44.074609,28.31,2.32,0.015,42.09,650,0.0194
2026-01-04 05:46:44.074609,30.89,1.65,0.14,66.0,721,0.0049
2026-01-04 05:47:44.074609,42.67,5.68,0.095,53.4,668,0.0021
2026-01-04 05:48:44.074609,31.94,6.12,0.04,64.64,711,0.0009
2026-01-04 05:49:44.074609,26.08,9.76,0.018,80.0,672,0.0016
2026-01-04 05:50:44.074609,27.52,4.48,0.018,80.0,800,0.0054
2026-01-04 05:51:44.074609,21.15,3.99,0.026,33.02,417,0.0059
2026-01-04 05:52:44.074609,22.85,1.73,0.005,55.31,616,0.0022
2026-01-04 05:53:44.074609,38.74,3.97,0.0,42.91,636,0.0109
2026-01-04 05:54:44.074609,30.16,1.55,0.085,52.3,529,0.0067
2026-01-04 05:55:44.074609,35.63,1.32,0.027,80.0,845,0.0012
2026-01-04 05:56:44.074609,38.93,1.67,0.015,80.0,638,0.0062
2026-01-04 05:57:44.074609,27.3,1.53,0.07,44.98,641,0.0118
2026-01-04 05:58:44.074609,21.08,1.78,0.004,50.17,661,0.0089
2026-01-04 05:59:44.074609,23.82,3.01,0.132,73.63,668,0.0017
2026-01-04 06:00:44.074609,28.2,4.7,0.053,49.73,597,0.027
2026-01-04 06:01:44.074609,33.0,2.05,0.007,56.54,749,0.0187
2026-01-04 06:02:44.074609,19.15,2.46,0.123,68.95,511,0.0133
2026-01-04 06:03:44.074609,25.76,7.93,0.153,56.8,767,0.0028
2026-01-04 06:04:44.074609,33.56,1.23,0.081,80.0,728,0.0151
2026-01-04 06:05:44.074609,22.16,5.75,0.03,54.93,618,0.0024
2026-01-04 06:06:44.074609,35.33,1.56,0.068,34.16,841,0.0068
2026-01-04 06:07:44.074609,19.41,2.43,0.017,62.37,651,0.0019
2026-01-04 06:08:44.074609,14.41,2.5,0.024,61.19,569,0.0019
2026-01-04 06:09:44.074609,35.01,1.86,0.008,53.76,505,0.0051
2026-01-04 06:10:44.074609,20.97,2.4,0.026,45.57,756,0.0002
2026-01-04 06:11:44.074609,11.63,1.19,0.007,50.87,443,0.021
2026-01-04 06:12:44.074609,28.59,1.57,0.001,62.36,645,0.01
2026-01-04 06:13:44.074609,20.02,4.13,0.044,57.53,619,0.0141
2026-01-04 06:14:44.074609,27.52,3.64,0.092,68.98,485,0.0013
2026-01-04 06:15:44.074609,33.73,6.24,0.019,41.72,730,0.0043
2026-01-04 06:16:44.074609,34.1,7.27,0.036,57.66,936,0.006
2026-01-04 06:17:44.074609,25.6,1.11,0.106,68.84,591,0.0021
2026-01-04 06:18:44.074609,34.46,4.38,0.004,47.9,630,0.0091
2026-01-04 06:19:44.074609,28.67,4.36,0.033,54.96,603,0.0103
2026-01-04 06:20:44.074609,17.32,1.0,0.062,52.55,878,0.0042
2026-01-04 06:21:44.074609,30.71,13.27,0.023,65.31,527,0.0058
2026-01-04 06:22:44.074609,14.69,3.94,0.009,60.49,791,0.0235
2026-01-04 06:23:44.074609,29.12,5.09,0.013,24.25,735,0.0074
2026-01-04 06:24:44.074609,22.87,1.8,0.033,80.0,597,0.0
2026-01-04 06:25:44.074609,38.19,5.11,0.11,77.29,396,0.0011
2026-01-04 06:26:44.074609,24.07,2.23,0.004,65.62,720,0.0054
2026-01-04 06:27:44.074609,25.19,6.72,0.105,54.07,746,0.003
2026-01-04 06:28:44.074609,20.23,1.77,0.001,43.85,682,0.0001
2026-01-04 06:29:44.074609,26.48,4.32,0.011,49.86,606,0.004
2026-01-04 06:30:44.074609,31.75,1.74,0.015,55.83,594,0.0196
2026-01-04 06:31:44.074609,32.47,1.33,0.03,63.37,748,0.0351
2026-01-04 06:32:44.074609,23.02,6.07,0.002,46.15,508,0.0051
2026-01-04 06:33:44.074609,36.18,1.46,0.009,52.11,792,0.0017
2026-01-04 06:34:44.074609,39.17,6.74,0.02,44.06,408,0.0039
2026-01-04 06:35:44.074609,16.44,1.9,0.117,72.52,794,0.0043
2026-01-04 06:36:44.074609,22.2,2.71,0.013,69.29,764,0.0002
2026-01-04 06:37:44.074609,28.34,3.04,0.084,71.53,699,0.0065
2026-01-04 06:38:44.074609,23.14,5.08,0.002,75.26,923,0.0184
2026-01-04 06:39:44.074609,32.55,7.55,0.026,63.1,694,0.0207
2026-01-04 06:40:44.074609,22.82,1.23,0.041,73.65,799,0.0092
2026-01-04 06:41:44.074609,18.21,5.02,0.112,58.83,781,0.0033
2026-01-04 06:42:44.074609,31.95,2.02,0.1,40.86,726,0.0074
2026-01-04 06:43:44.074609,22.33,4.19,0.002,67.49,788,0.0016
2026-01-04 06:44:44.074609,21.46,1.75,0.106,58.33,916,0.0024
2026-01-04 06:45:44.074609,33.16,1.51,0.033,34.39,566,0.0011
2026-01-04 06:46:44.074609,14.1,1.34,0.166,57.81,694,0.0156
2026-01-04 06:47:44.074609,23.69,2.06,0.019,62.77,846,0.0257
2026-01-04 06:48:44.074609,38.47,5.68,0.097,60.27,673,0.004
2026-01-04 06:49:44.074609,30.26,4.51,0.024,40.12,464,0.0185
2026-01-04 06:50:44.074609,41.14,1.07,0.007,64.7,742,0.0054
2026-01-04 06:51:44.074609,26.52,4.01,0.05,68.9,574,0.0248
2026-01-04 06:52:44.074609,23.41,1.61,0.01,46.81,644,0.0225
2026-01-04 06:53:44.074609,29.6,2.25,0.082,47.83,423,0.0413
2026-01-04 06:54:44.074609,36.17,1.21,0.043,42.34,522,0.0016
2026-01-04 06:55:44.074609,21.96,5.14,0.101,39.46,748,0.0145
2026-01-04 06:56:44.074609,35.49,5.02,0.032,42.33,527,0.0114
2026-01-04 06:57:44.074609,28.77,8.31,0.001,65.25,707,0.01
2026-01-04 06:58:44.074609,30.33,9.16,0.045,48.68,560,0.0081
2026-01-04 06:59:44.074609,36.05,1.37,0.006,65.44,470,0.0022
2026-01-04 07:00:44.074609,23.63,1.66,0.007,78.89,770,0.0121
2026-01-04 07:01:44.074609,31.75,7.37,0.158,59.08,771,0.0144
2026-01-04 07:02:44.074609,26.69,2.25,0.006,47.95,702,0.0035
2026-01-04 07:03:44.074609,39.68,8.82,0.045,58.55,492,0.0116
2026-01-04 07:04:44.074609,34.45,2.73,0.097,49.51,345,0.0057
2026-01-04 07:05:44.074609,26.59,4.67,0.113,32.1,521,0.0046
2026-01-04 07:06:44.074609,28.16,3.4,0.027,61.6,720,0.0184
2026-01-04 07:07:44.074609,32.19,1.19,0.061,40.43,840,0.0288
2026-01-04 07:08:44.074609,29.24,1.73,0.079,66.32,602,0.001
2026-01-04 07:09:44.074609,31.43,1.58,0.009,47.82,809,0.0031
2026-01-04 07:10:44.074609,29.4,6.52,0.083,80.0,779,0.0004
2026-01-04 07:11:44.074609,20.55,1.49,0.025,48.55,821,0.0091
2026-01-04 07:12:44.074609,23.52,8.33,0.008,59.22,558,0.0
2026-01-04 07:13:44.074609,28.42,3.01,0.023,77.82,509,0.0002
2026-01-04 07:14:44.074609,17.17,1.26,0.035,63.9,582,0.0032
2026-01-04 07:15:44.074609,27.04,2.33,0.002,54.28,595,0.0037
2026-01-04 07:16:44.074609,23.44,5.83,0.093,55.01,621,0.0101
2026-01-04 07:17:44.074609,32.52,1.19,0.057,65.49,597,0.0067
2026-01-04 07:18:44.074609,27.11,1.52,0.067,67.46,713,0.0047
2026-01-04 07:19:44.074609,39.02,2.44,0.038,54.39,486,0.0098
2026-01-04 07:20:44.074609,28.76,2.74,0.082,49.63,693,0.0067
2026-01-04 07:21:44.074609,25.32,5.72,0.013,61.81,742,0.0085
2026-01-04 07:22:44.074609,28.28,2.66,0.0,61.43,513,0.0068
2026-01-04 07:23:44.074609,31.94,2.21,0.039,55.77,783,0.0065
2026-01-04 07:24:44.074609,42.75,2.23,0.12,77.69,318,0.0107
2026-01-04 07:25:44.074609,40.35,5.44,0.104,60.72,808,0.003
2026-01-04 07:26:44.074609,25.86,4.24,0.005,39.57,784,0.0133
2026-01-04 07:27:44.074609,18.47,1.42,0.257,40.86,779,0.0025
2026-01-04 07:28:44.074609,22.77,7.31,0.025,54.82,743,0.0001
2026-01-04 07:29:44.074609,43.87,1.38,0.013,80.0,1057,0.0117
2026-01-04 07:30:44.074609,22.15,1.11,0.044,69.99,649,0.0014
2026-01-04 07:31:44.074609,31.06,2.41,0.049,45.89,657,0.0235
2026-01-04 07:32:44.074609,15.73,1.29,0.03,39.31,535,0.0515
2026-01-04 07:33:44.074609,24.31,6.3,0.034,77.55,600,0.0025
2026-01-04 07:34:44.074609,31.67,1.85,0.039,48.53,591,0.0523
2026-01-04 07:35:44.074609,29.73,7.66,0.137,68.61,677,0.0214
2026-01-04 07:36:44.074609,39.7,3.52,0.007,47.57,381,0.0274
2026-01-04 07:37:44.074609,32.95,5.25,0.019,63.09,536,0.0052
2026-01-04 07:38:44.074609,31.78,5.92,0.047,51.42,743,0.0139
2026-01-04 07:39:44.074609,29.46,2.71,0.041,40.19,603,0.011
2026-01-04 07:40:44.074609,22.99,3.45,0.04,67.46,652,0.0273
2026-01-04 07:41:44.074609,20.46,3.43,0.005,41.58,516,0.0025
2026-01-04 07:42:44.074609,24.0,4.05,0.024,50.86,631,0.0011
2026-01-04 07:43:44.074609,23.16,7.21,0.215,49.14,725,0.0089
2026-01-04 07:44:44.074609,32.78,5.41,0.147,44.2,691,0.0018
2026-01-04 07:45:44.074609,18.23,8.23,0.047,70.11,283,0.0122
2026-01-04 07:46:44.074609,27.98,2.45,0.188,74.03,815,0.0252
2026-01-04 07:47:44.074609,25.81,2.83,0.005,63.66,574,0.0099
2026-01-04 07:48:44.074609,41.06,4.4,0.048,69.27,584,0.008
2026-01-04 07:49:44.074609,30.07,2.0,0.038,58.41,550,0.0044
2026-01-04 07:50:44.074609,30.36,5.85,0.014,80.0,634,0.0111
2026-01-04 07:51:44.074609,31.93,2.5,0.061,63.79,531,0.0345
2026-01-04 07:52:44.074609,34.25,7.01,0.017,73.96,774,0.0056
2026-01-04 07:53:44.074609,30.58,4.22,0.012,68.73,465,0.0132
2026-01-04 07:54:44.074609,17.06,3.89,0.004,54.99,399,0.0133
2026-01-04 07:55:44.074609,27.88,1.37,0.017,80.0,756,0.002
2026-01-04 07:56:44.074609,24.23,2.88,0.056,69.41,753,0.0198
2026-01-04 07:57:44.074609,27.84,2.62,0.031,66.42,801,0.0204
2026-01-04 07:58:44.074609,32.06,2.83,0.023,67.95,528,0.002
2026-01-04 07:59:44.074609,19.31,1.55,0.043,48.53,564,0.0022
2026-01-04 08:00:44.074609,15.75,5.38,0.019,42.48,548,0.0057
2026-01-04 08:01:44.074609,39.22,11.29,0.118,27.5,591,0.0095
2026-01-04 08:02:44.074609,28.85,1.28,0.062,72.96,602,0.0286
2026-01-04 08:03:44.074609,21.93,3.68,0.011,27.93,634,0.0018
2026-01-04 08:04:44.074609,32.5,5.32,0.012,61.07,504,0.0111
2026-01-04 08:05:44.074609,38.94,1.37,0.032,69.43,676,0.0005
2026-01-04 08:06:44.074609,27.91,2.06,0.142,59.96,548,0.0051
2026-01-04 08:07:44.074609,27.96,1.51,0.059,40.11,723,0.0058
2026-01-04 08:08:44.074609,33.23,7.32,0.007,57.53,427,0.0006
2026-01-04 08:09:44.074609,27.07,9.64,0.12,47.77,501,0.002
2026-01-04 08:10:44.074609,27.64,2.42,0.012,61.68,573,0.0087
2026-01-04 08:11:44.074609,33.69,5.49,0.034,49.14,497,0.0094
2026-01-04 08:12:44.074609,32.67,2.56,0.05,37.29,268,0.0133
2026-01-04 08:13:44.074609,24.19,1.2,0.018,61.03,434,0.0105
2026-01-04 08:14:44.074609,25.34,1.65,0.061,52.79,691,0.0105
2026-01-04 08:15:44.074609,29.41,3.68,0.003,68.81,631,0.0128
2026-01-04 08:16:44.074609,37.64,5.97,0.037,50.03,594,0.0017
2026-01-04 08:17:44.074609,19.42,7.02,0.032,44.36,573,0.0062
2026-01-04 08:18:44.074609,25.99,4.8,0.009,62.39,524,0.0026
2026-01-04 08:19:44.074609,24.56,4.42,0.039,58.11,478,0.0033
2026-01-04 08:20:44.074609,33.14,5.85,0.063,80.0,800,0.001
2026-01-04 08:21:44.074609,30.54,3.68,0.125,65.44,716,0.033
2026-01-04 08:22:44.074609,23.1,2.11,0.001,42.74,846,0.0023
2026-01-04 08:23:44.074609,29.77,2.25,0.017,64.17,744,0.0126
2026-01-04 08:24:44.074609,31.12,4.06,0.013,64.23,731,0.0073
2026-01-04 08:25:44.074609,43.87,6.29,0.068,64.52,653,0.0098
2026-01-04 08:26:44.074609,34.83,6.78,0.013,80.0,524,0.0247
2026-01-04 08:27:44.074609,24.08,1.99,0.045,43.81,688,0.0028
2026-01-04 08:28:44.074609,33.02,6.98,0.05,50.65,490,0.0156
2026-01-04 08:29:44.074609,31.11,1.47,0.081,79.06,785,0.0104
2026-01-04 08:30:44.074609,24.08,1.92,0.012,53.68,581,0.0017
2026-01-04 08:31:44.074609,36.18,3.65,0.051,80.0,710,0.0008
2026-01-04 08:32:44.074609,20.16,1.38,0.053,79.58,639,0.0055
2026-01-04 08:33:44.074609,28.56,5.41,0.051,23.68,643,0.0358
2026-01-04 08:34:44.074609,35.22,5.78,0.026,67.01,626,0.0115
2026-01-04 08:35:44.074609,35.91,3.47,0.009,66.81,728,0.0002
2026-01-04 08:36:44.074609,17.66,2.73,0.07,63.5,793,0.0019
2026-01-04 08:37:44.074609,31.41,2.22,0.024,72.59,686,0.0071
2026-01-04 08:38:44.074609,26.63,3.44,0.107,74.27,836,0.0024
2026-01-04 08:39:44.074609,27.8,10.19,0.059,57.48,423,0.0057
2026-01-04 08:40:44.074609,32.98,1.28,0.315,66.94,827,0.0089
2026-01-04 08:41:44.074609,18.64,1.77,0.04,58.89,754,0.0246
2026-01-04 08:42:44.074609,28.91,1.03,0.006,73.1,684,0.0309
2026-01-04 08:43:44.074609,30.58,1.67,0.004,69.4,666,0.0004
2026-01-04 08:44:44.074609,25.35,5.03,0.062,70.42,656,0.0232
2026-01-04 08:45:44.074609,25.54,1.43,0.075,42.66,751,0.0023
2026-01-04 08:46:44.074609,28.29,4.5,0.227,51.66,676,0.0089
2026-01-04 08:47:44.074609,21.35,5.66,0.023,47.31,575,0.0094
2026-01-04 08:48:44.074609,21.07,13.79,0.022,62.48,729,0.0156
2026-01-04 08:49:44.074609,31.55,3.18,0.039,43.11,717,0.0004
2026-01-04 08:50:44.074609,21.67,16.1,0.001,56.73,604,0.0178
2026-01-04 08:51:44.074609,27.15,1.05,0.004,36.65,488,0.0119
2026-01-04 08:52:44.074609,30.73,5.62,0.095,56.77,507,0.0294
2026-01-04 08:53:44.074609,25.95,3.09,0.128,62.26,807,0.0068
2026-01-04 08:54:44.074609,27.03,1.34,0.008,62.34,750,0.0134
2026-01-04 08:55:44.074609,20.17,1.73,0.13,78.45,293,0.0555
2026-01-04 08:56:44.074609,40.4,2.45,0.096,53.5,717,0.001
2026-01-04 08:57:44.074609,27.91,1.01,0.035,63.51,820,0.0286
2026-01-04 08:58:44.074609,31.45,8.4,0.141,50.1,576,0.0161
2026-01-04 08:59:44.074609,32.73,1.13,0.081,56.45,621,0.0065
2026-01-04 09:00:44.074609,26.84,2.51,0.033,60.78,713,0.0034
2026-01-04 09:01:44.074609,26.56,2.8,0.046,42.62,764,0.001
2026-01-04 09:02:44.074609,23.9,3.47,0.049,65.51,586,0.0096
2026-01-04 09:03:44.074609,28.06,8.21,0.059,80.0,473,0.0007
2026-01-04 09:04:44.074609,24.78,1.54,0.246,69.82,623,0.0019
2026-01-04 09:05:44.074609,31.19,1.29,0.045,57.41,665,0.0106
2026-01-04 09:06:44.074609,28.92,1.75,0.066,58.79,703,0.003
2026-01-04 09:07:44.074609,38.23,1.7,0.064,67.35,879,0.0037
2026-01-04 09:08:44.074609,36.03,1.51,0.049,35.52,772,0.0035
2026-01-04 09:09:44.074609,27.44,12.05,0.072,30.28,652,0.0075
2026-01-04 09:10:44.074609,34.95,1.69,0.064,78.81,584,0.0053
2026-01-04 09:11:44.074609,24.87,1.92,0.133,68.53,547,0.0016
2026-01-04 09:12:44.074609,30.08,1.95,0.045,47.7,771,0.0205
2026-01-04 09:13:44.074609,27.2,11.57,0.007,55.27,693,0.0008
2026-01-04 09:14:44.074609,31.88,2.98,0.037,56.82,742,0.0059
2026-01-04 09:15:44.074609,29.93,1.71,0.004,47.72,706,0.0172
2026-01-04 09:16:44.074609,23.87,1.2,0.006,71.15,878,0.0109
2026-01-04 09:17:44.074609,35.86,3.37,0.126,58.81,841,0.0052
2026-01-04 09:18:44.074609,27.84,2.71,0.095,60.53,527,0.013
2026-01-04 09:19:44.074609,31.33,2.78,0.015,77.87,619,0.016
2026-01-04 09:20:44.074609,32.44,1.1,0.013,75.49,497,0.0038
2026-01-04 09:21:44.074609,24.05,1.68,0.073,51.32,428,0.034
2026-01-04 09:22:44.074609,19.31,2.78,0.131,48.18,441,0.005
2026-01-04 09:23:44.074609,40.98,1.86,0.079,74.53,619,0.0089
2026-01-04 09:24:44.074609,28.24,5.8,0.014,56.21,721,0.0284
2026-01-04 09:25:44.074609,32.73,5.62,0.001,62.43,655,0.0014
2026-01-04 09:26:44.074609,24.05,2.85,0.155,57.18,405,0.0048
2026-01-04 09:27:44.074609,21.61,1.9,0.098,64.98,721,0.0147
2026-01-04 09:28:44.074609,31.59,2.85,0.065,47.69,619,0.005
2026-01-04 09:29:44.074609,26.26,2.06,0.046,44.21,830,0.0072
2026-01-04 09:30:44.074609,22.96,8.56,0.005,72.94,807,0.0301
2026-01-04 09:31:44.074609,20.01,1.57,0.015,45.99,812,0.0033
2026-01-04 09:32:44.074609,28.29,1.52,0.016,53.5,747,0.0028
2026-01-04 09:33:44.074609,32.58,3.13,0.0,60.91,644,0.0156
2026-01-04 09:34:44.074609,27.07,6.46,0.032,65.3,467,0.0031
2026-01-04 09:35:44.074609,32.59,1.5,0.0,50.56,634,0.0122
2026-01-04 09:36:44.074609,16.32,5.56,0.054,77.83,797,0.0032
2026-01-04 09:37:44.074609,36.61,1.2,0.018,39.07,761,0.0067
2026-01-04 09:38:44.074609,14.72,4.8,0.032,55.45,753,0.0075
2026-01-04 09:39:44.074609,26.08,1.88,0.039,69.52,657,0.0036
2026-01-04 09:40:44.074609,23.62,2.45,0.078,49.99,905,0.0086
2026-01-04 09:41:44.074609,32.59,1.61,0.018,69.33,508,0.0001
2026-01-04 09:42:44.074609,25.27,1.57,0.083,32.2,726,0.0094
2026-01-04 09:43:44.074609,23.79,2.88,0.003,75.4,428,0.0057
2026-01-04 09:44:44.074609,34.76,2.65,0.05,34.82,870,0.0002
2026-01-04 09:45:44.074609,33.38,5.4,0.2,62.26,601,0.0077
2026-01-04 09:46:44.074609,25.51,1.81,0.002,37.9,555,0.0031
2026-01-04 09:47:44.074609,31.74,1.42,0.012,69.96,539,0.0399
2026-01-04 09:48:44.074609,33.54,3.33,0.011,53.03,758,0.0034
2026-01-04 09:49:44.074609,34.62,1.57,0.024,49.07,491,0.0087
2026-01-04 09:50:44.074609,23.9,4.66,0.084,72.6,581,0.0063
2026-01-04 09:51:44.074609,40.75,9.32,0.041,71.87,651,0.0023
2026-01-04 09:52:44.074609,17.88,2.06,0.058,80.0,509,0.0173
2026-01-04 09:53:44.074609,32.84,5.51,0.063,33.9,358,0.0052
2026-01-04 09:54:44.074609,32.57,2.7,0.021,49.19,699,0.0343
2026-01-04 09:55:44.074609,24.2,1.13,0.062,71.36,610,0.0247
2026-01-04 09:56:44.074609,27.23,1.9,0.064,63.5,554,0.0076
2026-01-04 09:57:44.074609,26.1,7.34,0.045,56.11,508,0.0067
2026-01-04 09:58:44.074609,28.84,2.53,0.019,72.37,712,0.0238
2026-01-04 09:59:44.074609,23.39,3.75,0.008,71.13,690,0.019
2026-01-04 10:00:44.074609,27.48,1.21,0.006,80.0,1734,0.0095
2026-01-04 10:01:44.074609,30.88,3.37,0.099,80.0,1935,0.0031
2026-01-04 10:02:44.074609,36.8,7.51,0.024,80.0,2006,0.0031
2026-01-04 10:03:44.074609,36.13,1.25,0.133,80.0,1337,0.0027
2026-01-04 10:04:44.074609,24.97,1.01,0.059,80.0,1745,0.0004
2026-01-04 10:05:44.074609,31.74,8.33,0.006,80.0,1789,0.0044
2026-01-04 10:06:44.074609,43.42,1.25,0.046,80.0,1473,0.0093
2026-01-04 10:07:44.074609,27.46,2.25,0.066,80.0,1840,0.01
2026-01-04 10:08:44.074609,28.62,1.76,0.068,80.0,1532,0.0158
2026-01-04 10:09:44.074609,31.35,2.61,0.032,80.0,1854,0.0029
2026-01-04 10:10:44.074609,34.22,2.52,0.035,80.0,2200,0.0139
2026-01-04 10:11:44.074609,30.73,3.35,0.049,80.0,1321,0.0016
2026-01-04 10:12:44.074609,33.31,3.83,0.013,80.0,2165,0.0025
2026-01-04 10:13:44.074609,32.58,6.96,0.001,80.0,1376,0.0098
2026-01-04 10:14:44.074609,28.98,6.19,0.022,80.0,1568,0.0017
2026-01-04 10:15:44.074609,27.07,1.68,0.013,80.0,1433,0.0069
2026-01-04 10:16:44.074609,32.64,8.92,0.001,80.0,1760,0.0037
2026-01-04 10:17:44.074609,38.04,1.78,0.089,80.0,1330,0.014
2026-01-04 10:18:44.074609,39.44,1.84,0.056,80.0,1394,0.0027
2026-01-04 10:19:44.074609,24.95,4.88,0.003,80.0,1496,0.0004
2026-01-04 10:20:44.074609,30.35,5.1,0.198,80.0,1746,0.0001
2026-01-04 10:21:44.074609,34.15,12.43,0.054,80.0,1297,0.0017
2026-01-04 10:22:44.074609,30.75,2.35,0.063,80.0,1680,0.0203
2026-01-04 10:23:44.074609,31.62,1.14,0.002,80.0,2298,0.0138
2026-01-04 10:24:44.074609,49.2,2.25,0.072,80.0,1545,0.0335
2026-01-04 10:25:44.074609,16.57,8.09,0.116,80.0,1631,0.0042
2026-01-04 10:26:44.074609,34.44,1.82,0.002,80.0,1876,0.0093
2026-01-04 10:27:44.074609,34.01,5.94,0.096,80.0,968,0.0061
2026-01-04 10:28:44.074609,27.68,4.17,0.023,80.0,1680,0.0033
2026-01-04 10:29:44.074609,33.79,7.32,0.005,80.0,1359,0.0036
2026-01-04 10:30:44.074609,25.6,1.57,0.101,80.0,1597,0.0088
2026-01-04 10:31:44.074609,34.06,16.13,0.042,80.0,1871,0.0072
2026-01-04 10:32:44.074609,26.05,2.18,0.017,80.0,1655,0.0011
2026-01-04 10:33:44.074609,33.65,2.1,0.002,80.0,2157,0.0222
2026-01-04 10:34:44.074609,31.15,3.64,0.064,80.0,883,0.0131
2026-01-04 10:35:44.074609,29.55,3.35,0.129,80.0,2088,0.0154
2026-01-04 10:36:44.074609,41.88,1.37,0.037,80.0,1751,0.0035
2026-01-04 10:37:44.074609,24.13,3.44,0.008,80.0,2220,0.0054
2026-01-04 10:38:44.074609,42.58,2.45,0.014,80.0,948,0.0028
2026-01-04 10:39:44.074609,37.8,1.94,0.005,80.0,1740,0.0117
2026-01-04 10:40:44.074609,32.41,6.85,0.008,80.0,1666,0.0062
2026-01-04 10:41:44.074609,43.06,2.11,0.038,80.0,1621,0.008
2026-01-04 10:42:44.074609,33.79,3.09,0.081,80.0,1451,0.014
2026-01-04 10:43:44.074609,38.46,4.1,0.042,80.0,1674,0.0116
2026-01-04 10:44:44.074609,31.26,4.07,0.016,80.0,1743,0.0017
2026-01-04 10:45:44.074609,37.6,1.29,0.005,80.0,1314,0.0249
2026-01-04 10:46:44.074609,36.71,6.5,0.018,80.0,1651,0.0193
2026-01-04 10:47:44.074609,25.87,1.71,0.036,80.0,1487,0.0053
2026-01-04 10:48:44.074609,33.71,6.32,0.029,80.0,1414,0.0022
2026-01-04 10:49:44.074609,30.89,3.08,0.036,58.16,1653,0.0066
2026-01-04 10:50:44.074609,22.91,1.7,0.222,80.0,1782,0.0084
2026-01-04 10:51:44.074609,16.53,1.72,0.024,80.0,1894,0.0028
2026-01-04 10:52:44.074609,22.69,3.83,0.113,80.0,1756,0.006
2026-01-04 10:53:44.074609,45.83,6.02,0.054,80.0,1801,0.0033
2026-01-04 10:54:44.074609,36.02,2.7,0.042,80.0,1583,0.0003
2026-01-04 10:55:44.074609,35.26,1.18,0.013,80.0,2035,0.0082
2026-01-04 10:56:44.074609,28.16,10.28,0.013,80.0,1841,0.0028
2026-01-04 10:57:44.074609,27.93,2.46,0.022,80.0,1669,0.0049
2026-01-04 10:58:44.074609,32.28,13.04,0.115,80.0,1168,0.0092
2026-01-04 10:59:44.074609,30.61,2.97,0.108,80.0,1847,0.0112
2026-01-04 11:00:44.074609,35.75,1.14,0.172,80.0,1301,0.0141
2026-01-04 11:01:44.074609,26.59,3.14,0.021,80.0,2051,0.0217
2026-01-04 11:02:44.074609,24.24,3.45,0.058,80.0,2271,0.0037
2026-01-04 11:03:44.074609,23.15,8.48,0.088,80.0,1891,0.0218
2026-01-04 11:04:44.074609,34.17,8.88,0.013,80.0,2117,0.0132
2026-01-04 11:05:44.074609,39.02,2.58,0.09,80.0,1426,0.002
2026-01-04 11:06:44.074609,37.27,4.79,0.04,80.0,1741,0.0193
2026-01-04 11:07:44.074609,35.31,6.3,0.103,80.0,1437,0.0027
2026-01-04 11:08:44.074609,31.08,9.73,0.031,80.0,1612,0.0005
2026-01-04 11:09:44.074609,39.23,3.57,0.006,80.0,1981,0.0019
2026-01-04 11:10:44.074609,29.68,7.43,0.006,80.0,1209,0.0291
2026-01-04 11:11:44.074609,41.01,3.67,0.008,80.0,1656,0.002
2026-01-04 11:12:44.074609,32.75,4.56,0.167,80.0,1317,0.0025
2026-01-04 11:13:44.074609,30.55,4.15,0.069,80.0,1798,0.0016
2026-01-04 11:14:44.074609,34.6,2.16,0.021,80.0,1494,0.0067
2026-01-04 11:15:44.074609,34.25,6.22,0.025,80.0,825,0.0028
2026-01-04 11:16:44.074609,30.58,13.33,0.015,80.0,1482,0.0047
2026-01-04 11:17:44.074609,38.17,2.36,0.026,80.0,1645,0.0013
2026-01-04 11:18:44.074609,30.87,1.72,0.063,80.0,1463,0.0086
2026-01-04 11:19:44.074609,28.48,3.91,0.067,80.0,1583,0.0061
2026-01-04 11:20:44.074609,44.44,5.65,0.011,80.0,1324,0.0053
2026-01-04 11:21:44.074609,26.46,2.18,0.113,80.0,2213,0.0011
2026-01-04 11:22:44.074609,22.8,1.59,0.002,80.0,1614,0.0207
2026-01-04 11:23:44.074609,39.49,3.71,0.023,80.0,1782,0.0021
2026-01-04 11:24:44.074609,26.26,2.62,0.087,80.0,1139,0.0029
2026-01-04 11:25:44.074609,20.38,3.12,0.016,80.0,1623,0.0136
2026-01-04 11:26:44.074609,35.8,4.62,0.034,80.0,1101,0.0114
2026-01-04 11:27:44.074609,27.62,1.05,0.02,80.0,1500,0.0125
2026-01-04 11:28:44.074609,25.33,6.07,0.032,80.0,1365,0.0054
2026-01-04 11:29:44.074609,23.75,1.42,0.122,80.0,1606,0.0393
2026-01-04 11:30:44.074609,30.09,4.23,0.022,80.0,2211,0.0207
2026-01-04 11:31:44.074609,43.74,3.66,0.002,80.0,1219,0.0194
2026-01-04 11:32:44.074609,31.1,5.16,0.043,80.0,1600,0.0064
2026-01-04 11:33:44.074609,41.16,1.26,0.062,80.0,1752,0.0024
2026-01-04 11:34:44.074609,43.85,3.32,0.035,60.91,1098,0.0012
2026-01-04 11:35:44.074609,27.76,1.84,0.012,80.0,1877,0.004
2026-01-04 11:36:44.074609,36.93,2.09,0.093,80.0,1910,0.0125
2026-01-04 11:37:44.074609,39.68,15.73,0.018,80.0,1559,0.0078
2026-01-04 11:38:44.074609,36.35,2.85,0.076,80.0,1437,0.0143
2026-01-04 11:39:44.074609,26.73,1.84,0.057,80.0,1566,0.0082
2026-01-04 11:40:44.074609,39.16,1.78,0.027,80.0,1205,0.0418
2026-01-04 11:41:44.074609,29.78,3.59,0.003,80.0,1401,0.0041
2026-01-04 11:42:44.074609,29.61,4.41,0.035,80.0,1255,0.0027
2026-01-04 11:43:44.074609,32.13,1.68,0.006,80.0,1597,0.0028
2026-01-04 11:44:44.074609,36.28,3.88,0.007,80.0,762,0.0019
2026-01-04 11:45:44.074609,31.99,3.12,0.073,80.0,2116,0.0012
2026-01-04 11:46:44.074609,33.16,1.2,0.009,80.0,1876,0.0015
2026-01-04 11:47:44.074609,35.96,1.68,0.044,80.0,1362,0.0075
2026-01-04 11:48:44.074609,38.76,2.13,0.013,80.0,1571,0.013
2026-01-04 11:49:44.074609,28.43,2.44,0.038,80.0,1676,0.0002
2026-01-04 11:50:44.074609,27.27,7.67,0.127,80.0,2183,0.0029
2026-01-04 11:51:44.074609,34.16,1.52,0.031,80.0,1277,0.0052
2026-01-04 11:52:44.074609,24.0,10.1,0.015,80.0,1621,0.0065
2026-01-04 11:53:44.074609,20.92,2.7,0.014,80.0,1332,0.0174
2026-01-04 11:54:44.074609,35.65,3.35,0.194,80.0,1516,0.0042
2026-01-04 11:55:44.074609,38.66,5.52,0.004,80.0,1854,0.0011
2026-01-04 11:56:44.074609,33.99,1.3,0.063,80.0,1206,0.0079
2026-01-04 11:57:44.074609,25.48,1.91,0.107,80.0,2068,0.006
2026-01-04 11:58:44.074609,35.79,1.33,0.02,80.0,1447,0.0121
2026-01-04 11:59:44.074609,34.59,7.22,0.06,80.0,984,0.0218
2026-01-04 12:00:44.074609,33.9,2.65,0.097,80.0,1800,0.0459
2026-01-04 12:01:44.074609,29.93,2.92,0.115,80.0,1681,0.0038
2026-01-04 12:02:44.074609,22.95,3.04,0.041,80.0,1866,0.0084
2026-01-04 12:03:44.074609,28.88,1.3,0.153,80.0,1719,0.0026
2026-01-04 12:04:44.074609,25.23,9.17,0.07,80.0,2062,0.0103
2026-01-04 12:05:44.074609,28.24,4.37,0.03,80.0,1452,0.0087
2026-01-04 12:06:44.074609,30.56,4.88,0.017,80.0,1813,0.0041
2026-01-04 12:07:44.074609,38.43,1.95,0.007,80.0,1520,0.0156
2026-01-04 12:08:44.074609,22.87,1.85,0.039,80.0,1338,0.002
2026-01-04 12:09:44.074609,29.39,5.3,0.068,80.0,1309,0.0033
2026-01-04 12:10:44.074609,31.69,3.11,0.102,80.0,1722,0.0043
2026-01-04 12:11:44.074609,26.07,3.95,0.014,80.0,1523,0.0054
2026-01-04 12:12:44.074609,31.99,3.89,0.078,80.0,1339,0.0074
2026-01-04 12:13:44.074609,28.98,1.22,0.019,80.0,1936,0.0003
2026-01-04 12:14:44.074609,31.36,2.13,0.065,80.0,1429,0.0198
2026-01-04 12:15:44.074609,30.74,2.12,0.106,80.0,1374,0.0015
2026-01-04 12:16:44.074609,24.61,5.48,0.014,80.0,1388,0.005
2026-01-04 12:17:44.074609,31.58,7.81,0.004,80.0,1545,0.0305
2026-01-04 12:18:44.074609,30.59,1.27,0.085,80.0,1900,0.0035
2026-01-04 12:19:44.074609,40.97,5.54,0.089,80.0,1919,0.0014
2026-01-04 12:20:44.074609,25.7,3.14,0.047,80.0,1198,0.0219
2026-01-04 12:21:44.074609,44.05,1.57,0.006,80.0,1372,0.0079
2026-01-04 12:22:44.074609,25.93,7.39,0.028,80.0,1627,0.0003
2026-01-04 12:23:44.074609,34.75,3.0,0.011,80.0,1979,0.0009
2026-01-04 12:24:44.074609,48.14,4.07,0.073,80.0,1257,0.0022
2026-01-04 12:25:44.074609,35.07,2.75,0.014,80.0,1151,0.0
2026-01-04 12:26:44.074609,29.23,4.15,0.002,80.0,1336,0.011
2026-01-04 12:27:44.074609,34.54,9.0,0.004,80.0,2141,0.011
2026-01-04 12:28:44.074609,29.26,1.77,0.009,80.0,1679,0.0117
2026-01-04 12:29:44.074609,29.77,1.08,0.036,80.0,1545,0.0393
2026-01-04 12:30:44.074609,32.48,4.29,0.116,80.0,1436,0.0072
2026-01-04 12:31:44.074609,29.02,2.47,0.009,80.0,1354,0.02
2026-01-04 12:32:44.074609,32.35,1.14,0.024,80.0,1532,0.0038
2026-01-04 12:33:44.074609,33.67,8.44,0.12,80.0,1898,0.0003
2026-01-04 12:34:44.074609,26.78,1.42,0.035,80.0,1422,0.0267
2026-01-04 12:35:44.074609,45.76,8.43,0.111,80.0,1192,0.0153
2026-01-04 12:36:44.074609,38.11,1.68,0.168,80.0,1597,0.0009
2026-01-04 12:37:44.074609,44.68,4.51,0.077,80.0,1140,0.022
2026-01-04 12:38:44.074609,36.83,6.0,0.009,80.0,1906,0.0093
2026-01-04 12:39:44.074609,41.68,3.36,0.133,80.0,1208,0.0129
2026-01-04 12:40:44.074609,36.62,2.07,0.016,80.0,1622,0.0348
2026-01-04 12:41:44.074609,43.29,1.89,0.069,80.0,1010,0.0353
2026-01-04 12:42:44.074609,44.22,3.04,0.054,80.0,1766,0.0077
2026-01-04 12:43:44.074609,32.91,3.51,0.024,80.0,1130,0.0049
2026-01-04 12:44:44.074609,39.81,11.17,0.006,80.0,1093,0.001
2026-01-04 12:45:44.074609,47.75,5.17,0.186,80.0,1341,0.0009
2026-01-04 12:46:44.074609,34.9,5.51,0.053,80.0,1403,0.0139
2026-01-04 12:47:44.074609,46.08,1.71,0.05,80.0,1755,0.0133
2026-01-04 12:48:44.074609,34.99,3.58,0.056,80.0,1597,0.0214
2026-01-04 12:49:44.074609,49.02,14.85,0.21,80.0,1477,0.005
2026-01-04 12:50:44.074609,33.68,9.31,0.017,80.0,2514,0.0029
2026-01-04 12:51:44.074609,34.05,1.78,0.024,80.0,1311,0.0212
2026-01-04 12:52:44.074609,40.12,1.54,0.015,80.0,1583,0.0032
2026-01-04 12:53:44.074609,42.4,5.18,0.0,80.0,2030,0.0073
2026-01-04 12:54:44.074609,42.73,2.43,0.08,80.0,1401,0.0037
2026-01-04 12:55:44.074609,23.62,3.81,0.108,80.0,1234,0.0159
2026-01-04 12:56:44.074609,47.39,5.14,0.023,80.0,1846,0.0028
2026-01-04 12:57:44.074609,27.75,14.19,0.004,80.0,1599,0.02
2026-01-04 12:58:44.074609,24.66,2.32,0.073,80.0,2082,0.0186
2026-01-04 12:59:44.074609,35.29,1.68,0.019,80.0,1400,0.0131
2026-01-04 13:00:44.074609,30.97,1.44,0.003,80.0,1678,0.0144
2026-01-04 13:01:44.074609,35.45,7.56,0.034,80.0,1792,0.0087
2026-01-04 13:02:44.074609,40.61,4.88,0.092,80.0,1703,0.0022
2026-01-04 13:03:44.074609,39.1,2.94,0.071,80.0,2555,0.0012
2026-01-04 13:04:44.074609,28.53,5.5,0.071,80.0,1229,0.0025
2026-01-04 13:05:44.074609,37.01,3.82,0.014,80.0,1666,0.0044
2026-01-04 13:06:44.074609,27.05,2.77,0.045,80.0,2059,0.003
2026-01-04 13:07:44.074609,29.32,8.38,0.012,80.0,1463,0.0195
2026-01-04 13:08:44.074609,30.72,1.38,0.005,80.0,1160,0.0124
2026-01-04 13:09:44.074609,33.85,2.5,0.022,80.0,1779,0.0236
2026-01-04 13:10:44.074609,38.0,10.98,0.018,80.0,1788,0.0018
2026-01-04 13:11:44.074609,49.2,3.43,0.07,80.0,1733,0.0063
2026-01-04 13:12:44.074609,26.28,7.82,0.037,80.0,1787,0.0341
2026-01-04 13:13:44.074609,34.61,2.31,0.024,80.0,1763,0.0051
2026-01-04 13:14:44.074609,42.67,4.03,0.066,80.0,1533,0.0056
2026-01-04 13:15:44.074609,29.48,1.05,0.033,80.0,1802,0.007
2026-01-04 13:16:44.074609,27.86,5.35,0.1,80.0,1261,0.0094
2026-01-04 13:17:44.074609,31.73,1.16,0.043,80.0,1372,0.0145
2026-01-04 13:18:44.074609,25.86,2.17,0.014,80.0,1668,0.0019
2026-01-04 13:19:44.074609,21.56,2.28,0.006,80.0,2006,0.0053
2026-01-04 13:20:44.074609,29.5,3.65,0.009,80.0,1191,0.021
2026-01-04 13:21:44.074609,39.76,4.44,0.006,80.0,1853,0.0053
2026-01-04 13:22:44.074609,29.08,4.45,0.009,80.0,1660,0.0077
2026-01-04 13:23:44.074609,31.18,4.31,0.105,80.0,1978,0.0072
2026-01-04 13:24:44.074609,30.82,6.95,0.054,80.0,1654,0.0347
2026-01-04 13:25:44.074609,29.91,1.55,0.076,80.0,1197,0.0103
2026-01-04 13:26:44.074609,26.28,3.7,0.126,80.0,2130,0.0263
2026-01-04 13:27:44.074609,40.41,6.52,0.126,80.0,1669,0.0063
2026-01-04 13:28:44.074609,28.49,3.02,0.031,80.0,1920,0.0062
2026-01-04 13:29:44.074609,28.88,4.24,0.006,80.0,1664,0.0004
2026-01-04 13:30:44.074609,24.11,1.41,0.1,80.0,1939,0.0043
2026-01-04 13:31:44.074609,45.12,5.65,0.152,80.0,1348,0.0111
2026-01-04 13:32:44.074609,20.03,11.26,0.111,80.0,1759,0.0009
2026-01-04 13:33:44.074609,36.12,7.5,0.05,80.0,1389,0.0109
2026-01-04 13:34:44.074609,35.11,2.82,0.053,80.0,1049,0.0055
2026-01-04 13:35:44.074609,25.56,2.51,0.023,80.0,1916,0.024
2026-01-04 13:36:44.074609,39.94,4.0,0.019,80.0,2114,0.0022
2026-01-04 13:37:44.074609,29.3,1.59,0.071,80.0,1853,0.0035
2026-01-04 13:38:44.074609,37.46,7.04,0.064,80.0,1894,0.0087
2026-01-04 13:39:44.074609,35.3,4.52,0.019,80.0,1741,0.0082
2026-01-04 13:40:44.074609,44.19,2.37,0.006,80.0,1390,0.0032
2026-01-04 13:41:44.074609,37.19,8.85,0.046,80.0,1682,0.0045
2026-01-04 13:42:44.074609,40.46,2.98,0.092,80.0,1674,0.0091
2026-01-04 13:43:44.074609,20.19,1.01,0.072,80.0,1325,0.0185
2026-01-04 13:44:44.074609,25.12,1.16,0.131,80.0,1590,0.0112
2026-01-04 13:45:44.074609,32.16,4.53,0.194,80.0,1847,0.0035
2026-01-04 13:46:44.074609,29.46,2.67,0.017,80.0,1620,0.0036
2026-01-04 13:47:44.074609,46.82,4.04,0.044,80.0,1695,0.005
2026-01-04 13:48:44.074609,32.46,1.73,0.04,80.0,1445,0.0071
2026-01-04 13:49:44.074609,37.74,1.28,0.048,80.0,1442,0.0024
2026-01-04 13:50:44.074609,31.76,3.97,0.001,80.0,1659,0.0159
2026-01-04 13:51:44.074609,27.16,2.88,0.025,80.0,1267,0.0241
2026-01-04 13:52:44.074609,31.27,5.73,0.036,80.0,948,0.0232
2026-01-04 13:53:44.074609,36.43,1.06,0.127,80.0,1119,0.0
2026-01-04 13:54:44.074609,33.14,3.46,0.014,80.0,1899,0.0009
2026-01-04 13:55:44.074609,52.02,2.81,0.031,80.0,1862,0.0014
2026-01-04 13:56:44.074609,49.59,1.66,0.008,80.0,2248,0.0056
2026-01-04 13:57:44.074609,29.06,3.52,0.004,80.0,1902,0.0162
2026-01-04 13:58:44.074609,40.22,7.47,0.071,80.0,1939,0.0042
2026-01-04 13:59:44.074609,19.15,7.03,0.02,80.0,1756,0.0004
2026-01-04 14:00:44.074609,26.48,2.43,0.082,80.0,1565,0.0312
2026-01-04 14:01:44.074609,49.76,6.43,0.034,80.0,2181,0.0107
2026-01-04 14:02:44.074609,23.9,5.17,0.055,80.0,2001,0.0065
2026-01-04 14:03:44.074609,35.37,1.09,0.245,80.0,1789,0.034
2026-01-04 14:04:44.074609,39.57,3.84,0.003,80.0,1772,0.0046
2026-01-04 14:05:44.074609,43.18,3.1,0.032,80.0,1747,0.0029
2026-01-04 14:06:44.074609,20.76,1.91,0.071,80.0,1576,0.0042
2026-01-04 14:07:44.074609,40.56,10.81,0.069,80.0,1059,0.0014
2026-01-04 14:08:44.074609,29.04,3.96,0.036,80.0,1870,0.0039
2026-01-04 14:09:44.074609,39.27,1.56,0.047,80.0,1647,0.0007
2026-01-04 14:10:44.074609,28.91,1.58,0.006,80.0,1211,0.0175
2026-01-04 14:11:44.074609,32.17,3.78,0.058,80.0,1881,0.015
2026-01-04 14:12:44.074609,22.67,2.28,0.037,80.0,2141,0.012
2026-01-04 14:13:44.074609,39.64,1.21,0.027,80.0,1494,0.0053
2026-01-04 14:14:44.074609,31.85,3.87,0.01,80.0,1171,0.0087
2026-01-04 14:15:44.074609,35.17,11.11,0.045,80.0,1876,0.0183
2026-01-04 14:16:44.074609,35.94,4.81,0.035,80.0,1505,0.015
2026-01-04 14:17:44.074609,31.99,2.13,0.028,80.0,1944,0.0008
2026-01-04 14:18:44.074609,25.61,2.58,0.033,80.0,1710,0.0041
2026-01-04 14:19:44.074609,47.41,2.2,0.212,80.0,1502,0.0071
2026-01-04 14:20:44.074609,37.74,1.79,0.036,80.0,1707,0.0204
2026-01-04 14:21:44.074609,33.84,1.08,0.089,80.0,1496,0.0041
2026-01-04 14:22:44.074609,35.21,7.48,0.037,80.0,1559,0.001
2026-01-04 14:23:44.074609,47.26,3.81,0.015,80.0,2191,0.0088
2026-01-04 14:24:44.074609,36.63,4.46,0.015,80.0,2029,0.0436
2026-01-04 14:25:44.074609,32.7,1.6,0.041,80.0,1888,0.0214
2026-01-04 14:26:44.074609,27.31,1.71,0.009,80.0,1912,0.0057
2026-01-04 14:27:44.074609,30.59,1.79,0.055,80.0,2107,0.0038
2026-01-04 14:28:44.074609,33.09,3.11,0.015,80.0,1867,0.0019
2026-01-04 14:29:44.074609,30.49,1.08,0.037,80.0,1705,0.0019
2026-01-04 14:30:44.074609,32.55,5.74,0.019,80.0,2010,0.0119
2026-01-04 14:31:44.074609,41.16,5.14,0.006,80.0,1649,0.0105
2026-01-04 14:32:44.074609,37.49,1.11,0.162,80.0,2224,0.0287
2026-01-04 14:33:44.074609,33.95,1.06,0.014,80.0,2160,0.0121
2026-01-04 14:34:44.074609,21.66,1.71,0.091,80.0,1955,0.0254
2026-01-04 14:35:44.074609,29.42,5.81,0.153,80.0,1631,0.0149
2026-01-04 14:36:44.074609,30.16,5.69,0.066,80.0,1759,0.012
2026-01-04 14:37:44.074609,50.13,6.62,0.019,80.0,1542,0.0116
2026-01-04 14:38:44.074609,33.2,1.65,0.033,59.49,1431,0.0055
2026-01-04 14:39:44.074609,28.18,2.92,0.225,80.0,1337,0.0061
2026-01-04 14:40:44.074609,35.39,2.89,0.081,80.0,1283,0.0553
2026-01-04 14:41:44.074609,39.84,2.67,0.064,80.0,1783,0.0061
2026-01-04 14:42:44.074609,31.45,5.88,0.015,80.0,2160,0.0003
2026-01-04 14:43:44.074609,41.5,1.49,0.01,74.84,949,0.0058
2026-01-04 14:44:44.074609,30.05,2.85,0.008,80.0,1519,0.0018
2026-01-04 14:45:44.074609,27.3,11.35,0.003,80.0,1614,0.0001
2026-01-04 14:46:44.074609,41.65,1.92,0.026,80.0,1166,0.0248
2026-01-04 14:47:44.074609,26.02,5.3,0.079,80.0,1704,0.0066
2026-01-04 14:48:44.074609,29.84,1.43,0.015,80.0,1487,0.0029
2026-01-04 14:49:44.074609,41.48,4.95,0.046,80.0,1890,0.0207
2026-01-04 14:50:44.074609,35.76,6.91,0.008,80.0,1082,0.0044
2026-01-04 14:51:44.074609,30.46,12.12,0.021,80.0,1418,0.0011
2026-01-04 14:52:44.074609,43.81,11.38,0.075,80.0,1406,0.0023
2026-01-04 14:53:44.074609,31.77,1.04,0.031,80.0,2379,0.0011
2026-01-04 14:54:44.074609,36.01,1.6,0.048,80.0,1629,0.0078
2026-01-04 14:55:44.074609,21.6,8.35,0.01,80.0,1840,0.004
2026-01-04 14:56:44.074609,31.12,3.27,0.002,80.0,1680,0.0008
2026-01-04 14:57:44.074609,21.36,3.92,0.046,80.0,1461,0.0086
2026-01-04 14:58:44.074609,38.29,5.51,0.034,80.0,1667,0.0132
2026-01-04 14:59:44.074609,32.03,2.37,0.004,80.0,1872,0.0004
2026-01-04 15:00:44.074609,39.85,5.19,0.088,59.8,765,0.006
2026-01-04 15:01:44.074609,26.78,4.2,0.048,71.04,555,0.0002
2026-01-04 15:02:44.074609,26.98,2.68,0.033,54.26,809,0.0033
2026-01-04 15:03:44.074609,19.33,1.29,0.006,55.53,737,0.0027
2026-01-04 15:04:44.074609,24.55,1.35,0.149,50.96,670,0.0006
2026-01-04 15:05:44.074609,32.81,1.21,0.013,80.0,666,0.0058
2026-01-04 15:06:44.074609,32.41,1.86,0.007,68.08,627,0.0005
2026-01-04 15:07:44.074609,25.22,3.64,0.033,57.1,716,0.0051
2026-01-04 15:08:44.074609,39.56,5.02,0.001,45.5,663,0.0057
2026-01-04 15:09:44.074609,25.76,9.24,0.11,63.17,693,0.0019
2026-01-04 15:10:44.074609,29.68,8.44,0.123,77.03,632,0.0059
2026-01-04 15:11:44.074609,17.81,1.52,0.069,67.04,603,0.004
2026-01-04 15:12:44.074609,30.88,3.66,0.014,53.44,781,0.0087
2026-01-04 15:13:44.074609,42.07,1.14,0.005,46.98,835,0.0099
2026-01-04 15:14:44.074609,27.86,1.33,0.109,55.33,725,0.0096
2026-01-04 15:15:44.074609,32.21,3.13,0.161,58.34,575,0.0152
2026-01-04 15:16:44.074609,21.96,5.59,0.066,64.09,749,0.0101
2026-01-04 15:17:44.074609,17.65,2.56,0.048,28.06,508,0.0011
2026-01-04 15:18:44.074609,26.62,8.75,0.001,56.8,527,0.0031
2026-01-04 15:19:44.074609,22.89,1.42,0.081,55.47,598,0.011
2026-01-04 15:20:44.074609,29.71,3.82,0.062,35.82,624,0.0109
2026-01-04 15:21:44.074609,21.12,2.58,0.072,51.0,403,0.0178
2026-01-04 15:22:44.074609,26.96,7.4,0.028,76.63,448,0.0006
2026-01-04 15:23:44.074609,34.04,2.52,0.01,67.52,659,0.0031
2026-01-04 15:24:44.074609,26.77,2.87,0.024,58.94,479,0.0062
2026-01-04 15:25:44.074609,20.49,1.72,0.084,67.43,780,0.0013
2026-01-04 15:26:44.074609,32.45,1.76,0.043,56.95,568,0.0077
2026-01-04 15:27:44.074609,28.81,7.51,0.101,37.99,646,0.0053
2026-01-04 15:28:44.074609,32.28,4.29,0.027,54.09,440,0.0301
2026-01-04 15:29:44.074609,23.63,3.41,0.005,57.68,779,0.0071
2026-01-04 15:30:44.074609,21.61,1.75,0.036,55.9,576,0.0074
2026-01-04 15:31:44.074609,32.15,1.16,0.033,43.29,578,0.0208
2026-01-04 15:32:44.074609,37.82,4.0,0.159,61.98,632,0.0093
2026-01-04 15:33:44.074609,30.61,3.4,0.099,61.81,947,0.0059
2026-01-04 15:34:44.074609,33.68,1.47,0.04,68.24,818,0.0043
2026-01-04 15:35:44.074609,25.44,1.02,0.056,50.75,572,0.001
2026-01-04 15:36:44.074609,32.82,2.23,0.017,36.75,604,0.0042
2026-01-04 15:37:44.074609,26.73,5.62,0.049,67.13,784,0.009
2026-01-04 15:38:44.074609,25.26,1.03,0.004,54.12,856,0.0052
2026-01-04 15:39:44.074609,27.3,5.79,0.088,56.25,419,0.027
2026-01-04 15:40:44.074609,31.18,3.93,0.08,58.4,639,0.0205
2026-01-04 15:41:44.074609,35.29,4.22,0.008,46.94,602,0.013
2026-01-04 15:42:44.074609,29.73,15.12,0.158,60.61,833,0.0112
2026-01-04 15:43:44.074609,29.45,1.02,0.12,47.2,429,0.005
2026-01-04 15:44:44.074609,27.84,6.71,0.131,62.03,601,0.0086
2026-01-04 15:45:44.074609,36.17,1.76,0.038,64.07,568,0.0011
2026-01-04 15:46:44.074609,26.66,1.44,0.048,60.65,529,0.0089
2026-01-04 15:47:44.074609,29.63,13.72,0.002,68.63,555,0.0094
2026-01-04 15:48:44.074609,36.52,2.11,0.009,64.88,685,0.002
2026-01-04 15:49:44.074609,27.07,2.24,0.025,43.75,749,0.0346
2026-01-04 15:50:44.074609,35.06,1.62,0.039,69.13,637,0.0001
2026-01-04 15:51:44.074609,28.18,3.95,0.022,62.27,676,0.0109
2026-01-04 15:52:44.074609,34.68,4.14,0.023,68.58,589,0.0094
2026-01-04 15:53:44.074609,34.54,4.11,0.061,36.05,602,0.0288
2026-01-04 15:54:44.074609,30.23,2.59,0.098,34.91,748,0.0416
2026-01-04 15:55:44.074609,29.32,2.29,0.005,80.0,563,0.0137
2026-01-04 15:56:44.074609,25.07,5.54,0.075,23.91,641,0.0247
2026-01-04 15:57:44.074609,19.58,3.49,0.242,69.29,589,0.0306
2026-01-04 15:58:44.074609,32.46,12.96,0.013,59.74,616,0.0036
2026-01-04 15:59:44.074609,31.67,3.07,0.027,61.82,618,0.0144
2026-01-04 16:00:44.074609,24.76,5.5,0.065,40.71,819,0.0018
2026-01-04 16:01:44.074609,28.67,1.91,0.089,50.41,818,0.0078
2026-01-04 16:02:44.074609,22.99,3.34,0.098,74.17,636,0.0045
2026-01-04 16:03:44.074609,27.26,3.07,0.033,41.79,686,0.0219
2026-01-04 16:04:44.074609,35.77,3.17,0.013,56.94,560,0.0076
2026-01-04 16:05:44.074609,28.32,2.5,0.074,53.3,717,0.0064
2026-01-04 16:06:44.074609,33.46,1.73,0.094,42.39,472,0.0248
2026-01-04 16:07:44.074609,22.33,10.17,0.105,72.0,641,0.0007
2026-01-04 16:08:44.074609,19.11,10.19,0.043,47.86,519,0.0395
2026-01-04 16:09:44.074609,21.04,3.08,0.005,80.0,670,0.0072
2026-01-04 16:10:44.074609,24.13,2.33,0.042,53.23,624,0.0019
2026-01-04 16:11:44.074609,37.07,1.95,0.029,51.4,624,0.0158
2026-01-04 16:12:44.074609,30.57,1.52,0.01,38.33,616,0.0233
2026-01-04 16:13:44.074609,28.94,3.78,0.003,51.13,620,0.0128
2026-01-04 16:14:44.074609,37.99,6.26,0.019,36.26,635,0.0023
2026-01-04 16:15:44.074609,26.7,1.03,0.017,58.07,735,0.0053
2026-01-04 16:16:44.074609,29.79,6.44,0.001,66.05,717,0.0082
2026-01-04 16:17:44.074609,32.79,2.74,0.0,41.35,929,0.0001
2026-01-04 16:18:44.074609,26.39,3.91,0.053,55.42,497,0.0333
2026-01-04 16:19:44.074609,27.01,2.29,0.007,70.84,582,0.0016
2026-01-04 16:20:44.074609,34.43,3.72,0.052,80.0,560,0.0137
2026-01-04 16:21:44.074609,28.32,5.71,0.001,78.11,506,0.0032
2026-01-04 16:22:44.074609,32.5,1.29,0.011,58.33,660,0.0263
2026-01-04 16:23:44.074609,25.79,3.45,0.022,52.06,519,0.0167
2026-01-04 16:24:44.074609,38.75,2.69,0.042,73.78,515,0.0106
2026-01-04 16:25:44.074609,19.62,3.86,0.143,49.36,688,0.0078
2026-01-04 16:26:44.074609,26.21,3.24,0.163,73.46,697,0.0072
2026-01-04 16:27:44.074609,32.93,8.7,0.092,44.64,570,0.0073
2026-01-04 16:28:44.074609,22.55,3.54,0.011,68.19,548,0.0131
2026-01-04 16:29:44.074609,32.76,4.29,0.158,52.97,528,0.0122
2026-01-04 16:30:44.074609,23.02,8.91,0.087,48.97,841,0.0127
2026-01-04 16:31:44.074609,31.81,4.39,0.002,68.24,612,0.0326
2026-01-04 16:32:44.074609,40.16,3.8,0.047,70.08,484,0.0038
2026-01-04 16:33:44.074609,32.59,3.6,0.005,54.59,585,0.0081
2026-01-04 16:34:44.074609,27.0,1.57,0.097,49.96,664,0.0036
2026-01-04 16:35:44.074609,19.45,3.16,0.12,72.81,477,0.0171
2026-01-04 16:36:44.074609,21.39,2.15,0.004,44.17,671,0.0112
2026-01-04 16:37:44.074609,25.3,1.34,0.09,71.13,749,0.0242
2026-01-04 16:38:44.074609,34.43,3.02,0.007,56.24,595,0.0009
2026-01-04 16:39:44.074609,26.41,2.76,0.01,58.81,838,0.0043
2026-01-04 16:40:44.074609,22.08,2.25,0.234,59.99,885,0.0087
2026-01-04 16:41:44.074609,26.72,1.25,0.052,59.39,582,0.0035
2026-01-04 16:42:44.074609,27.36,1.42,0.124,53.03,604,0.0098
2026-01-04 16:43:44.074609,43.0,2.72,0.031,68.29,560,0.0051
2026-01-04 16:44:44.074609,32.12,10.5,0.011,46.69,571,0.0002
2026-01-04 16:45:44.074609,25.98,1.06,0.07,45.34,598,0.0418
2026-01-04 16:46:44.074609,35.77,4.41,0.068,64.28,597,0.029
2026-01-04 16:47:44.074609,32.56,5.12,0.018,44.47,529,0.0019
2026-01-04 16:48:44.074609,27.93,1.19,0.041,67.82,678,0.0078
2026-01-04 16:49:44.074609,27.93,5.01,0.001,71.74,383,0.0003
2026-01-04 16:50:44.074609,27.46,5.48,0.036,72.22,575,0.0059
2026-01-04 16:51:44.074609,32.27,6.09,0.009,51.66,575,0.0044
2026-01-04 16:52:44.074609,28.07,4.94,0.014,58.75,515,0.0077
2026-01-04 16:53:44.074609,34.65,4.57,0.093,68.49,697,0.0045
2026-01-04 16:54:44.074609,20.05,10.82,0.029,57.59,886,0.0059
2026-01-04 16:55:44.074609,17.76,8.05,0.079,61.61,610,0.0007
2026-01-04 16:56:44.074609,35.91,4.45,0.023,62.75,706,0.0016
2026-01-04 16:57:44.074609,37.36,3.52,0.036,69.6,554,0.0146
2026-01-04 16:58:44.074609,23.99,1.06,0.075,68.02,655,0.0592
2026-01-04 16:59:44.074609,22.93,2.93,0.011,80.0,672,0.0164
2026-01-04 17:00:44.074609,27.28,1.91,0.027,80.0,1663,0.0015
2026-01-04 17:01:44.074609,34.32,1.12,0.053,80.0,1205,0.0063
2026-01-04 17:02:44.074609,43.34,6.79,0.009,80.0,1113,0.0053
2026-01-04 17:03:44.074609,38.29,8.47,0.013,80.0,1347,0.0263
2026-01-04 17:04:44.074609,29.82,2.52,0.03,80.0,2084,0.0013
2026-01-04 17:05:44.074609,46.45,4.81,0.052,80.0,1507,0.0132
2026-01-04 17:06:44.074609,28.48,7.37,0.002,80.0,1498,0.0079
2026-01-04 17:07:44.074609,34.23,12.01,0.05,80.0,2036,0.0024
2026-01-04 17:08:44.074609,31.82,2.6,0.038,80.0,1627,0.0035
2026-01-04 17:09:44.074609,29.5,3.27,0.186,80.0,849,0.0088
2026-01-04 17:10:44.074609,43.79,11.6,0.085,80.0,1467,0.0184
2026-01-04 17:11:44.074609,40.2,2.74,0.051,80.0,1438,0.003
2026-01-04 17:12:44.074609,35.52,1.65,0.092,80.0,2247,0.0175
2026-01-04 17:13:44.074609,36.19,1.24,0.036,80.0,1318,0.004
2026-01-04 17:14:44.074609,37.54,2.63,0.079,50.23,759,0.0056
2026-01-04 17:15:44.074609,37.6,1.48,0.028,80.0,1297,0.0038
2026-01-04 17:16:44.074609,30.46,2.19,0.052,80.0,1617,0.0121
2026-01-04 17:17:44.074609,38.41,6.64,0.046,80.0,1894,0.0092
2026-01-04 17:18:44.074609,34.41,3.21,0.022,80.0,1044,0.0081
2026-01-04 17:19:44.074609,33.68,1.89,0.097,80.0,1919,0.0032
2026-01-04 17:20:44.074609,35.77,4.04,0.063,80.0,1480,0.0
2026-01-04 17:21:44.074609,44.34,3.29,0.05,80.0,1789,0.0041
2026-01-04 17:22:44.074609,27.08,2.8,0.02,80.0,1464,0.0182
2026-01-04 17:23:44.074609,19.7,3.01,0.058,80.0,1300,0.0083
2026-01-04 17:24:44.074609,21.3,2.04,0.012,80.0,1323,0.0005
2026-01-04 17:25:44.074609,25.0,2.42,0.016,80.0,1953,0.01
2026-01-04 17:26:44.074609,35.62,3.35,0.055,80.0,1075,0.0012
2026-01-04 17:27:44.074609,35.48,7.97,0.038,80.0,1634,0.0587
2026-01-04 17:28:44.074609,30.41,7.33,0.019,80.0,1130,0.0132
2026-01-04 17:29:44.074609,26.99,5.12,0.031,80.0,1518,0.0112
2026-01-04 17:30:44.074609,50.57,3.11,0.052,80.0,1943,0.0108
2026-01-04 17:31:44.074609,37.33,1.57,0.02,80.0,1405,0.0052
2026-01-04 17:32:44.074609,44.73,5.27,0.0,80.0,2282,0.0047
2026-01-04 17:33:44.074609,26.41,2.22,0.025,80.0,2237,0.006
2026-01-04 17:34:44.074609,28.6,5.77,0.051,80.0,1351,0.0008
2026-01-04 17:35:44.074609,34.09,10.69,0.069,80.0,1098,0.0033
2026-01-04 17:36:44.074609,32.79,5.0,0.076,80.0,1650,0.0272
2026-01-04 17:37:44.074609,32.53,1.18,0.038,80.0,1302,0.0009
2026-01-04 17:38:44.074609,26.57,10.2,0.089,80.0,2013,0.0205
2026-01-04 17:39:44.074609,40.37,2.9,0.035,80.0,1359,0.0084
2026-01-04 17:40:44.074609,23.05,9.82,0.046,80.0,1948,0.0038
2026-01-04 17:41:44.074609,28.42,2.49,0.071,80.0,2054,0.0005
2026-01-04 17:42:44.074609,33.44,2.01,0.023,80.0,1560,0.0037
2026-01-04 17:43:44.074609,38.03,5.1,0.032,80.0,1682,0.0046
2026-01-04 17:44:44.074609,35.02,5.93,0.007,80.0,1547,0.0199
2026-01-04 17:45:44.074609,32.9,2.66,0.039,80.0,1385,0.0011
2026-01-04 17:46:44.074609,26.51,2.77,0.047,80.0,1696,0.0128
2026-01-04 17:47:44.074609,37.62,9.81,0.135,80.0,1658,0.0103
2026-01-04 17:48:44.074609,30.07,2.05,0.244,80.0,1396,0.0066
2026-01-04 17:49:44.074609,36.68,2.74,0.026,80.0,1397,0.0141
2026-01-04 17:50:44.074609,34.52,5.39,0.032,80.0,1803,0.0119
2026-01-04 17:51:44.074609,34.6,2.7,0.001,80.0,948,0.0073
2026-01-04 17:52:44.074609,30.56,4.91,0.0,80.0,1662,0.0111
2026-01-04 17:53:44.074609,33.28,1.29,0.044,80.0,1926,0.0161
2026-01-04 17:54:44.074609,29.74,20.0,0.015,80.0,1398,0.0009
2026-01-04 17:55:44.074609,35.55,3.69,0.002,80.0,2059,0.0031
2026-01-04 17:56:44.074609,16.37,7.17,0.009,80.0,1469,0.0012
2026-01-04 17:57:44.074609,30.71,4.85,0.028,80.0,1827,0.0186
2026-01-04 17:58:44.074609,34.44,1.21,0.093,79.72,1411,0.0112
2026-01-04 17:59:44.074609,28.47,2.43,0.104,80.0,1383,0.0071
2026-01-04 18:00:44.074609,33.65,5.68,0.038,80.0,1223,0.0258
2026-01-04 18:01:44.074609,41.46,5.62,0.005,80.0,1026,0.0015
2026-01-04 18:02:44.074609,41.14,1.68,0.076,80.0,1337,0.0034
2026-01-04 18:03:44.074609,32.78,5.36,0.001,80.0,1733,0.009
2026-01-04 18:04:44.074609,29.22,4.77,0.013,80.0,2081,0.0094
2026-01-04 18:05:44.074609,28.4,1.29,0.045,80.0,2338,0.0096
2026-01-04 18:06:44.074609,39.59,3.08,0.034,80.0,1885,0.0096
2026-01-04 18:07:44.074609,37.2,1.07,0.041,80.0,2092,0.0045
2026-01-04 18:08:44.074609,22.46,4.79,0.001,80.0,1516,0.0029
2026-01-04 18:09:44.074609,33.09,12.26,0.003,80.0,1675,0.0029
2026-01-04 18:10:44.074609,28.51,2.58,0.089,80.0,1339,0.007
2026-01-04 18:11:44.074609,50.43,5.11,0.019,80.0,1733,0.0018
2026-01-04 18:12:44.074609,40.65,1.09,0.017,80.0,1462,0.0058
2026-01-04 18:13:44.074609,24.5,3.18,0.017,80.0,1517,0.0058
2026-01-04 18:14:44.074609,23.08,2.47,0.002,80.0,1645,0.0162
2026-01-04 18:15:44.074609,26.23,4.13,0.013,80.0,1336,0.0159
2026-01-04 18:16:44.074609,25.69,1.71,0.041,80.0,1333,0.0027
2026-01-04 18:17:44.074609,35.78,4.83,0.012,80.0,1523,0.0036
2026-01-04 18:18:44.074609,29.98,5.12,0.049,80.0,1225,0.0123
2026-01-04 18:19:44.074609,23.8,4.41,0.047,80.0,1699,0.0067
2026-01-04 18:20:44.074609,29.29,5.2,0.011,80.0,1085,0.0066
2026-01-04 18:21:44.074609,42.54,3.5,0.062,80.0,1779,0.0062
2026-01-04 18:22:44.074609,28.37,1.1,0.013,80.0,1482,0.0039
2026-01-04 18:23:44.074609,33.15,5.94,0.016,80.0,955,0.0019
2026-01-04 18:24:44.074609,40.86,1.23,0.041,80.0,1454,0.0254
2026-01-04 18:25:44.074609,32.42,5.03,0.017,80.0,1430,0.0096
2026-01-04 18:26:44.074609,32.44,2.04,0.138,80.0,1997,0.0033
2026-01-04 18:27:44.074609,26.08,1.12,0.036,80.0,2145,0.0201
2026-01-04 18:28:44.074609,32.67,2.31,0.03,80.0,1515,0.0136
2026-01-04 18:29:44.074609,38.85,4.15,0.012,80.0,1491,0.0043
2026-01-04 18:30:44.074609,25.99,2.57,0.01,80.0,1361,0.0048
2026-01-04 18:31:44.074609,49.91,3.63,0.05,80.0,1520,0.0325
2026-01-04 18:32:44.074609,34.32,9.84,0.062,80.0,1662,0.0141
2026-01-04 18:33:44.074609,35.45,3.98,0.011,80.0,2062,0.0002
2026-01-04 18:34:44.074609,27.44,4.08,0.073,80.0,1552,0.0171
2026-01-04 18:35:44.074609,30.78,4.69,0.085,80.0,1655,0.0065
2026-01-04 18:36:44.074609,40.58,6.66,0.041,80.0,2251,0.0047
2026-01-04 18:37:44.074609,18.18,2.26,0.253,80.0,1231,0.0044
2026-01-04 18:38:44.074609,27.73,3.68,0.121,80.0,1764,0.0196
2026-01-04 18:39:44.074609,32.58,2.84,0.024,80.0,2126,0.0051
2026-01-04 18:40:44.074609,25.2,3.87,0.024,80.0,1184,0.0163
2026-01-04 18:41:44.074609,35.41,6.36,0.033,80.0,1875,0.013
2026-01-04 18:42:44.074609,25.55,2.87,0.013,80.0,1746,0.0281
2026-01-04 18:43:44.074609,23.6,1.73,0.063,80.0,1867,0.0095
2026-01-04 18:44:44.074609,43.72,3.78,0.022,80.0,1861,0.0002
2026-01-04 18:45:44.074609,27.32,2.35,0.047,80.0,1124,0.0037
2026-01-04 18:46:44.074609,38.63,2.88,0.014,80.0,1517,0.0002
2026-01-04 18:47:44.074609,30.27,3.1,0.01,80.0,1556,0.0057
2026-01-04 18:48:44.074609,33.38,2.02,0.019,80.0,1829,0.011
2026-01-04 18:49:44.074609,36.18,5.31,0.03,80.0,1988,0.02
2026-01-04 18:50:44.074609,30.17,1.44,0.039,80.0,1705,0.0265
2026-01-04 18:51:44.074609,47.65,1.59,0.015,80.0,1509,0.0068
2026-01-04 18:52:44.074609,29.34,6.38,0.038,80.0,2228,0.0416
2026-01-04 18:53:44.074609,37.32,1.04,0.075,80.0,1743,0.0059
2026-01-04 18:54:44.074609,24.52,3.54,0.007,80.0,1608,0.0004
2026-01-04 18:55:44.074609,35.75,5.51,0.032,80.0,1985,0.0122
2026-01-04 18:56:44.074609,30.96,3.79,0.148,80.0,1126,0.02
2026-01-04 18:57:44.074609,22.59,1.7,0.07,80.0,1632,0.0093
2026-01-04 18:58:44.074609,32.58,3.59,0.032,80.0,1925,0.0152
2026-01-04 18:59:44.074609,32.63,5.19,0.011,80.0,1897,0.0274
2026-01-04 19:00:44.074609,31.22,8.64,0.085,80.0,1708,0.0125
2026-01-04 19:01:44.074609,33.82,1.36,0.012,80.0,1631,0.0406
2026-01-04 19:02:44.074609,40.97,1.38,0.027,80.0,950,0.01
2026-01-04 19:03:44.074609,30.43,2.37,0.03,80.0,1740,0.0332
2026-01-04 19:04:44.074609,28.28,4.09,0.015,80.0,1631,0.0075
2026-01-04 19:05:44.074609,23.85,11.24,0.063,80.0,1277,0.0082
2026-01-04 19:06:44.074609,38.07,2.32,0.014,80.0,1898,0.0033
2026-01-04 19:07:44.074609,38.31,8.6,0.089,80.0,1289,0.0068
2026-01-04 19:08:44.074609,40.69,9.67,0.001,80.0,1879,0.002
2026-01-04 19:09:44.074609,45.2,3.44,0.083,80.0,1477,0.0062
2026-01-04 19:10:44.074609,36.99,4.02,0.192,80.0,1724,0.0187
2026-01-04 19:11:44.074609,39.18,2.42,0.024,80.0,1478,0.0037
2026-01-04 19:12:44.074609,35.43,3.81,0.027,80.0,1693,0.0129
2026-01-04 19:13:44.074609,24.14,5.12,0.067,80.0,1841,0.0095
2026-01-04 19:14:44.074609,29.75,1.81,0.053,80.0,1339,0.0188
2026-01-04 19:15:44.074609,32.38,8.9,0.014,80.0,1425,0.0262
2026-01-04 19:16:44.074609,23.97,1.83,0.023,80.0,1972,0.0115
2026-01-04 19:17:44.074609,24.22,4.97,0.001,80.0,1319,0.0061
2026-01-04 19:18:44.074609,24.12,4.42,0.031,80.0,2147,0.0047
2026-01-04 19:19:44.074609,28.31,3.03,0.01,80.0,1179,0.0122
2026-01-04 19:20:44.074609,32.64,1.25,0.153,80.0,1273,0.0249
2026-01-04 19:21:44.074609,36.11,11.66,0.01,80.0,1483,0.0026
2026-01-04 19:22:44.074609,36.24,1.26,0.009,80.0,2306,0.0157
2026-01-04 19:23:44.074609,33.95,1.15,0.003,80.0,1837,0.0159
2026-01-04 19:24:44.074609,35.37,3.02,0.016,80.0,1518,0.0065
2026-01-04 19:25:44.074609,39.22,4.91,0.06,80.0,1807,0.0016
2026-01-04 19:26:44.074609,22.8,1.39,0.077,80.0,1869,0.0017
2026-01-04 19:27:44.074609,30.78,1.33,0.017,80.0,1612,0.0299
2026-01-04 19:28:44.074609,24.24,2.19,0.047,80.0,1895,0.0045
2026-01-04 19:29:44.074609,42.64,1.0,0.061,80.0,1380,0.0032
2026-01-04 19:30:44.074609,29.6,11.22,0.111,80.0,1542,0.0045
2026-01-04 19:31:44.074609,39.9,11.15,0.07,80.0,1282,0.0008
2026-01-04 19:32:44.074609,35.05,3.72,0.039,80.0,1914,0.0004
2026-01-04 19:33:44.074609,36.07,5.76,0.002,80.0,1598,0.0045
2026-01-04 19:34:44.074609,40.19,2.28,0.045,80.0,1758,0.0085
2026-01-04 19:35:44.074609,30.25,6.52,0.054,80.0,1198,0.0001
2026-01-04 19:36:44.074609,31.71,2.12,0.003,80.0,1601,0.0034
2026-01-04 19:37:44.074609,36.24,1.4,0.052,80.0,1762,0.0015
2026-01-04 19:38:44.074609,26.82,2.5,0.042,80.0,988,0.0196
2026-01-04 19:39:44.074609,29.63,2.94,0.018,80.0,1177,0.0148
2026-01-04 19:40:44.074609,37.84,3.11,0.005,80.0,2260,0.0041
2026-01-04 19:41:44.074609,24.52,3.58,0.062,80.0,1751,0.0117
2026-01-04 19:42:44.074609,39.38,3.81,0.212,80.0,1330,0.0014
2026-01-04 19:43:44.074609,27.01,1.94,0.033,80.0,1412,0.02
2026-01-04 19:44:44.074609,42.66,7.25,0.121,80.0,1803,0.001
2026-01-04 19:45:44.074609,32.33,1.07,0.119,80.0,1583,0.0109
2026-01-04 19:46:44.074609,40.03,1.83,0.035,80.0,1558,0.0224
2026-01-04 19:47:44.074609,49.51,4.16,0.004,80.0,1379,0.0115
2026-01-04 19:48:44.074609,23.58,1.81,0.066,80.0,1581,0.0033
2026-01-04 19:49:44.074609,36.51,2.19,0.027,80.0,1804,0.0058
2026-01-04 19:50:44.074609,41.06,1.86,0.072,80.0,1491,0.0055
2026-01-04 19:51:44.074609,30.58,1.75,0.007,80.0,1795,0.0011
2026-01-04 19:52:44.074609,30.65,11.79,0.0,80.0,1756,0.0272
2026-01-04 19:53:44.074609,36.04,1.34,0.022,80.0,1349,0.0038
2026-01-04 19:54:44.074609,41.57,1.37,0.003,80.0,2109,0.0131
2026-01-04 19:55:44.074609,29.15,2.45,0.142,80.0,1643,0.0022
2026-01-04 19:56:44.074609,34.31,2.78,0.034,80.0,2004,0.0072
2026-01-04 19:57:44.074609,28.6,4.2,0.006,80.0,1690,0.0045
2026-01-04 19:58:44.074609,38.36,5.65,0.049,80.0,2395,0.0001
2026-01-04 19:59:44.074609,29.85,4.26,0.014,80.0,958,0.0015
2026-01-04 20:00:44.074609,28.51,10.54,0.135,80.0,1603,0.0016
2026-01-04 20:01:44.074609,32.59,7.12,0.055,80.0,1446,0.0015
2026-01-04 20:02:44.074609,26.41,5.46,0.211,80.0,1821,0.0137
2026-01-04 20:03:44.074609,28.61,2.59,0.045,80.0,1477,0.0064
2026-01-04 20:04:44.074609,37.4,5.18,0.005,80.0,1638,0.0077
2026-01-04 20:05:44.074609,28.15,6.68,0.02,80.0,1575,0.0209
2026-01-04 20:06:44.074609,24.06,1.21,0.02,80.0,2069,0.0007
2026-01-04 20:07:44.074609,39.79,11.33,0.002,80.0,1323,0.0114
2026-01-04 20:08:44.074609,34.2,1.02,0.001,80.0,1607,0.0422
2026-01-04 20:09:44.074609,34.56,3.46,0.03,80.0,1658,0.0145
2026-01-04 20:10:44.074609,34.28,1.94,0.028,80.0,1586,0.001
2026-01-04 20:11:44.074609,32.0,1.68,0.014,80.0,1528,0.0071
2026-01-04 20:12:44.074609,22.22,2.11,0.119,80.0,1711,0.0258
2026-01-04 20:13:44.074609,31.43,2.7,0.022,80.0,1762,0.0017
2026-01-04 20:14:44.074609,42.67,3.17,0.015,80.0,1453,0.0048
2026-01-04 20:15:44.074609,41.07,1.28,0.045,80.0,1069,0.0177
2026-01-04 20:16:44.074609,44.97,9.59,0.031,80.0,612,0.0128
2026-01-04 20:17:44.074609,25.67,1.2,0.149,80.0,1876,0.0176
2026-01-04 20:18:44.074609,24.3,2.07,0.05,80.0,1407,0.0077
2026-01-04 20:19:44.074609,30.86,2.74,0.018,80.0,1964,0.0001
2026-01-04 20:20:44.074609,28.46,5.15,0.083,80.0,1882,0.0041
2026-01-04 20:21:44.074609,36.07,7.39,0.031,80.0,1720,0.0195
2026-01-04 20:22:44.074609,37.4,7.67,0.005,80.0,1691,0.0058
2026-01-04 20:23:44.074609,37.25,7.71,0.026,80.0,1516,0.0062
2026-01-04 20:24:44.074609,32.52,4.86,0.018,80.0,1560,0.0148
2026-01-04 20:25:44.074609,34.1,2.43,0.002,80.0,1611,0.0091
2026-01-04 20:26:44.074609,40.92,4.95,0.053,80.0,1882,0.0089
2026-01-04 20:27:44.074609,24.46,8.0,0.175,80.0,1358,0.0025
2026-01-04 20:28:44.074609,31.13,4.33,0.009,80.0,1367,0.012
2026-01-04 20:29:44.074609,32.59,11.34,0.178,80.0,1390,0.0239
2026-01-04 20:30:44.074609,25.92,4.98,0.179,80.0,1715,0.0143
2026-01-04 20:31:44.074609,36.49,10.66,0.003,80.0,1606,0.0212
2026-01-04 20:32:44.074609,24.9,6.05,0.167,80.0,1847,0.0003
2026-01-04 20:33:44.074609,37.73,8.82,0.019,80.0,1537,0.0037
2026-01-04 20:34:44.074609,39.48,3.13,0.029,80.0,1904,0.0032
2026-01-04 20:35:44.074609,24.72,1.82,0.003,80.0,1613,0.012
2026-01-04 20:36:44.074609,27.01,6.7,0.009,80.0,1495,0.003
2026-01-04 20:37:44.074609,38.07,1.05,0.026,80.0,1961,0.0022
2026-01-04 20:38:44.074609,34.67,5.98,0.027,80.0,1406,0.0144
2026-01-04 20:39:44.074609,30.27,2.8,0.007,80.0,1669,0.0289
2026-01-04 20:40:44.074609,42.88,3.67,0.037,80.0,1511,0.0099
2026-01-04 20:41:44.074609,18.12,3.34,0.016,80.0,2390,0.0008
2026-01-04 20:42:44.074609,32.84,5.08,0.061,80.0,1946,0.0006
2026-01-04 20:43:44.074609,25.72,4.13,0.002,80.0,1394,0.0
2026-01-04 20:44:44.074609,31.7,10.7,0.278,80.0,1732,0.0242
2026-01-04 20:45:44.074609,27.91,1.28,0.113,80.0,1566,0.004
2026-01-04 20:46:44.074609,39.91,4.1,0.082,80.0,2096,0.0026
2026-01-04 20:47:44.074609,39.06,5.87,0.006,80.0,1810,0.0049
2026-01-04 20:48:44.074609,26.58,3.49,0.048,80.0,1816,0.0033
2026-01-04 20:49:44.074609,26.18,6.54,0.093,80.0,1352,0.0007
2026-01-04 20:50:44.074609,29.84,3.57,0.005,80.0,2006,0.0095
2026-01-04 20:51:44.074609,31.15,7.98,0.002,80.0,1556,0.009
2026-01-04 20:52:44.074609,26.92,1.1,0.042,80.0,1514,0.0076
2026-01-04 20:53:44.074609,37.15,5.33,0.029,80.0,2330,0.0022
2026-01-04 20:54:44.074609,30.88,1.28,0.019,80.0,1894,0.0014
2026-01-04 20:55:44.074609,37.66,3.86,0.058,80.0,1839,0.006
2026-01-04 20:56:44.074609,31.18,3.16,0.149,80.0,1842,0.0037
2026-01-04 20:57:44.074609,37.04,3.79,0.029,80.0,1564,0.0032
2026-01-04 20:58:44.074609,39.59,1.02,0.176,80.0,1999,0.0178
2026-01-04 20:59:44.074609,39.86,1.31,0.168,77.58,1550,0.0057
2026-01-04 21:00:44.074609,10.84,2.04,0.038,68.13,632,0.0129
2026-01-04 21:01:44.074609,22.83,17.33,0.074,49.08,645,0.0119
2026-01-04 21:02:44.074609,28.13,2.08,0.013,69.94,799,0.0066
2026-01-04 21:03:44.074609,29.16,7.72,0.011,63.64,570,0.0036
2026-01-04 21:04:44.074609,26.48,11.7,0.165,60.19,858,0.0152
2026-01-04 21:05:44.074609,27.85,3.09,0.046,58.6,542,0.0032
2026-01-04 21:06:44.074609,24.55,3.93,0.008,50.99,864,0.0044
2026-01-04 21:07:44.074609,28.41,2.43,0.105,76.64,776,0.007
2026-01-04 21:08:44.074609,26.23,1.7,0.047,48.79,590,0.0009
2026-01-04 21:09:44.074609,32.8,6.46,0.099,47.06,763,0.0026
2026-01-04 21:10:44.074609,21.22,3.92,0.109,65.33,735,0.0118
2026-01-04 21:11:44.074609,24.47,3.86,0.021,74.35,836,0.024
2026-01-04 21:12:44.074609,30.2,1.84,0.043,78.73,636,0.0048
2026-01-04 21:13:44.074609,24.06,1.35,0.006,79.26,911,0.0014
2026-01-04 21:14:44.074609,30.43,3.84,0.046,54.69,509,0.0141
2026-01-04 21:15:44.074609,40.72,6.62,0.092,50.57,636,0.0102
2026-01-04 21:16:44.074609,16.7,1.22,0.146,32.89,516,0.0238
2026-01-04 21:17:44.074609,22.81,5.34,0.004,78.63,473,0.0135
2026-01-04 21:18:44.074609,24.89,1.77,0.031,51.63,866,0.0085
2026-01-04 21:19:44.074609,32.45,7.58,0.134,63.39,601,0.0138
2026-01-04 21:20:44.074609,30.09,6.06,0.105,58.73,754,0.0106
2026-01-04 21:21:44.074609,28.4,2.92,0.164,56.14,651,0.0006
2026-01-04 21:22:44.074609,28.35,2.54,0.06,59.9,572,0.0293
2026-01-04 21:23:44.074609,26.07,9.79,0.028,78.84,559,0.0168
2026-01-04 21:24:44.074609,16.81,8.49,0.022,70.72,638,0.0005
2026-01-04 21:25:44.074609,26.91,2.42,0.03,77.59,845,0.0263
2026-01-04 21:26:44.074609,25.56,3.03,0.089,47.08,806,0.0089
2026-01-04 21:27:44.074609,20.26,1.86,0.012,73.73,485,0.0015
2026-01-04 21:28:44.074609,25.96,2.36,0.047,60.74,473,0.0061
2026-01-04 21:29:44.074609,33.57,3.11,0.005,52.07,647,0.0066
2026-01-04 21:30:44.074609,21.04,2.58,0.038,53.1,612,0.0085
2026-01-04 21:31:44.074609,25.23,2.04,0.096,80.0,947,0.0059
2026-01-04 21:32:44.074609,21.49,1.25,0.045,47.93,629,0.0091
2026-01-04 21:33:44.074609,30.78,1.56,0.027,60.4,463,0.0097
2026-01-04 21:34:44.074609,40.61,2.55,0.008,61.31,602,0.0027
2026-01-04 21:35:44.074609,30.88,1.15,0.011,67.15,745,0.0166
2026-01-04 21:36:44.074609,19.14,1.19,0.014,43.46,591,0.0079
2026-01-04 21:37:44.074609,17.06,3.18,0.022,55.41,486,0.0078
2026-01-04 21:38:44.074609,23.5,2.76,0.011,57.42,577,0.0026
2026-01-04 21:39:44.074609,18.13,3.32,0.064,47.64,555,0.0002
2026-01-04 21:40:44.074609,28.06,1.72,0.028,56.98,609,0.0218
2026-01-04 21:41:44.074609,29.49,6.98,0.004,61.57,607,0.0177
2026-01-04 21:42:44.074609,24.09,1.87,0.014,49.96,687,0.0045
2026-01-04 21:43:44.074609,32.77,3.17,0.052,52.37,803,0.0309
2026-01-04 21:44:44.074609,22.52,3.13,0.035,55.08,530,0.0191
2026-01-04 21:45:44.074609,23.44,3.37,0.008,80.0,557,0.0049
2026-01-04 21:46:44.074609,22.96,8.41,0.023,42.32,661,0.0133
2026-01-04 21:47:44.074609,17.63,9.82,0.111,80.0,728,0.0083
2026-01-04 21:48:44.074609,29.53,6.26,0.026,51.87,560,0.0018
2026-01-04 21:49:44.074609,21.14,3.76,0.282,45.89,766,0.0019
2026-01-04 21:50:44.074609,30.13,2.25,0.009,55.15,709,0.0059
2026-01-04 21:51:44.074609,28.97,9.1,0.13,70.79,957,0.0026
2026-01-04 21:52:44.074609,22.02,14.98,0.016,49.59,785,0.0038
2026-01-04 21:53:44.074609,29.05,1.84,0.008,46.4,553,0.007
2026-01-04 21:54:44.074609,23.66,2.46,0.004,77.54,673,0.0085
2026-01-04 21:55:44.074609,28.38,3.21,0.037,75.79,495,0.01
2026-01-04 21:56:44.074609,21.57,1.14,0.044,47.39,823,0.0025
2026-01-04 21:57:44.074609,28.01,1.48,0.035,39.14,435,0.0173
2026-01-04 21:58:44.074609,22.9,6.28,0.221,63.1,617,0.0077
2026-01-04 21:59:44.074609,33.25,9.57,0.065,61.16,630,0.0095
2026-01-04 22:00:44.074609,15.96,6.29,0.054,43.95,411,0.0005
2026-01-04 22:01:44.074609,34.03,2.64,0.081,61.36,869,0.0055
2026-01-04 22:02:44.074609,23.86,3.36,0.045,54.85,505,0.0003
2026-01-04 22:03:44.074609,28.49,3.56,0.008,43.02,563,0.0253
2026-01-04 22:04:44.074609,35.83,2.47,0.008,63.74,849,0.0049
2026-01-04 22:05:44.074609,22.72,2.25,0.001,53.25,775,0.0159
2026-01-04 22:06:44.074609,28.28,1.09,0.107,40.9,622,0.014
2026-01-04 22:07:44.074609,21.77,1.53,0.033,47.79,661,0.0064
2026-01-04 22:08:44.074609,27.52,2.78,0.0,58.11,824,0.0058
2026-01-04 22:09:44.074609,34.32,2.85,0.01,33.92,511,0.0482
2026-01-04 22:10:44.074609,22.21,2.18,0.011,54.55,811,0.0059
2026-01-04 22:11:44.074609,40.73,3.68,0.002,73.17,586,0.0035
2026-01-04 22:12:44.074609,31.13,1.57,0.073,77.97,713,0.0106
2026-01-04 22:13:44.074609,26.48,3.12,0.018,50.4,699,0.0138
2026-01-04 22:14:44.074609,26.55,2.27,0.072,39.23,539,0.0025
2026-01-04 22:15:44.074609,35.05,1.72,0.01,57.88,648,0.0226
2026-01-04 22:16:44.074609,33.92,1.2,0.124,43.71,613,0.0115
2026-01-04 22:17:44.074609,23.28,2.5,0.012,52.65,846,0.0108
2026-01-04 22:18:44.074609,28.07,2.72,0.006,69.83,476,0.0147
2026-01-04 22:19:44.074609,27.52,1.55,0.044,69.31,338,0.0046
2026-01-04 22:20:44.074609,25.04,6.33,0.056,57.34,742,0.0032
2026-01-04 22:21:44.074609,30.28,6.53,0.01,48.27,659,0.0016
2026-01-04 22:22:44.074609,34.17,4.09,0.037,57.47,601,0.0154
2026-01-04 22:23:44.074609,18.46,8.92,0.014,64.23,551,0.0225
2026-01-04 22:24:44.074609,20.99,3.13,0.057,64.84,577,0.0138
2026-01-04 22:25:44.074609,24.11,4.71,0.014,43.93,736,0.0213
2026-01-04 22:26:44.074609,22.84,1.23,0.03,79.4,777,0.0557
2026-01-04 22:27:44.074609,33.9,14.74,0.003,78.26,664,0.0044
2026-01-04 22:28:44.074609,23.9,1.31,0.018,68.46,695,0.001
2026-01-04 22:29:44.074609,17.86,4.3,0.04,63.21,470,0.0077
2026-01-04 22:30:44.074609,27.49,6.76,0.121,74.55,597,0.0033
2026-01-04 22:31:44.074609,21.17,1.24,0.084,38.75,614,0.0031
2026-01-04 22:32:44.074609,13.77,3.15,0.073,60.95,646,0.0035
2026-01-04 22:33:44.074609,29.4,6.57,0.118,54.69,888,0.0144
2026-01-04 22:34:44.074609,30.47,4.5,0.052,42.82,1008,0.0555
2026-01-04 22:35:44.074609,24.58,5.34,0.012,55.17,531,0.0097
2026-01-04 22:36:44.074609,28.67,9.65,0.064,50.8,415,0.0069
2026-01-04 22:37:44.074609,22.69,1.24,0.137,76.71,842,0.0027
2026-01-04 22:38:44.074609,31.22,5.3,0.088,80.0,421,0.0357
2026-01-04 22:39:44.074609,27.19,4.28,0.077,73.77,658,0.0417
2026-01-04 22:40:44.074609,26.23,9.82,0.089,41.1,718,0.0112
2026-01-04 22:41:44.074609,23.2,2.29,0.071,39.64,702,0.053
2026-01-04 22:42:44.074609,27.54,2.14,0.036,80.0,845,0.0047
2026-01-04 22:43:44.074609,26.06,3.93,0.004,55.89,673,0.009
2026-01-04 22:44:44.074609,24.6,1.13,0.031,79.24,364,0.0134
2026-01-04 22:45:44.074609,25.28,5.72,0.128,36.45,642,0.0074
2026-01-04 22:46:44.074609,33.82,3.26,0.102,52.17,764,0.0018
2026-01-04 22:47:44.074609,19.94,10.03,0.015,47.56,622,0.0058
2026-01-04 22:48:44.074609,26.18,3.71,0.02,39.99,647,0.0085
2026-01-04 22:49:44.074609,34.48,2.61,0.029,54.72,522,0.0017
2026-01-04 22:50:44.074609,29.6,5.69,0.016,50.27,687,0.0173
2026-01-04 22:51:44.074609,11.71,7.74,0.0,62.17,817,0.0048
2026-01-04 22:52:44.074609,35.59,1.74,0.014,35.09,727,0.0031
2026-01-04 22:53:44.074609,33.65,3.89,0.078,58.68,858,0.0057
2026-01-04 22:54:44.074609,32.87,8.81,0.035,75.11,994,0.0038
2026-01-04 22:55:44.074609,22.7,2.48,0.126,71.72,534,0.0161
2026-01-04 22:56:44.074609,29.08,1.89,0.04,37.62,657,0.0012
2026-01-04 22:57:44.074609,27.38,1.97,0.296,57.06,783,0.008
2026-01-04 22:58:44.074609,26.69,4.3,0.009,59.57,418,0.0213
2026-01-04 22:59:44.074609,28.3,1.16,0.031,50.72,827,0.0015
2026-01-04 23:00:44.074609,32.3,1.55,0.032,35.94,408,0.0008
2026-01-04 23:01:44.074609,24.08,4.65,0.032,69.15,577,0.0221
2026-01-04 23:02:44.074609,29.05,1.84,0.055,60.97,833,0.0041
2026-01-04 23:03:44.074609,22.54,1.01,0.015,54.47,739,0.0051
2026-01-04 23:04:44.074609,21.92,6.35,0.035,72.47,871,0.0102
2026-01-04 23:05:44.074609,24.8,1.16,0.044,41.58,855,0.0023
2026-01-04 23:06:44.074609,26.86,2.72,0.01,72.29,695,0.0145
2026-01-04 23:07:44.074609,24.01,1.74,0.03,70.94,850,0.0155
2026-01-04 23:08:44.074609,23.03,6.56,0.086,64.7,774,0.0052
2026-01-04 23:09:44.074609,33.65,2.3,0.018,64.68,735,0.0005
2026-01-04 23:10:44.074609,16.93,5.53,0.007,54.81,605,0.0086
2026-01-04 23:11:44.074609,23.35,9.05,0.094,40.16,681,0.0201
2026-01-04 23:12:44.074609,34.56,5.52,0.153,41.14,898,0.0072
2026-01-04 23:13:44.074609,33.37,2.16,0.031,68.91,681,0.0115
2026-01-04 23:14:44.074609,30.1,1.2,0.002,61.45,515,0.0077
2026-01-04 23:15:44.074609,29.08,2.04,0.009,62.84,632,0.0106
2026-01-04 23:16:44.074609,34.9,3.5,0.006,56.48,577,0.0045
2026-01-04 23:17:44.074609,34.48,11.42,0.098,77.34,654,0.0112
2026-01-04 23:18:44.074609,10.0,1.36,0.456,70.05,655,0.0342
2026-01-04 23:19:44.074609,23.17,3.56,0.046,60.91,755,0.0474
2026-01-04 23:20:44.074609,27.89,1.64,0.102,60.87,625,0.0032
2026-01-04 23:21:44.074609,28.39,2.53,0.016,59.28,747,0.0226
2026-01-04 23:22:44.074609,22.03,5.22,0.09,48.71,737,0.0157
2026-01-04 23:23:44.074609,19.96,1.82,0.054,47.14,514,0.0005
2026-01-04 23:24:44.074609,22.34,1.85,0.027,40.36,545,0.0004
2026-01-04 23:25:44.074609,33.9,2.73,0.017,49.18,716,0.0036
2026-01-04 23:26:44.074609,17.91,3.99,0.228,55.73,481,0.0004
2026-01-04 23:27:44.074609,32.65,1.03,0.023,57.97,571,0.0008
2026-01-04 23:28:44.074609,30.83,3.99,0.001,80.0,672,0.0028
2026-01-04 23:29:44.074609,30.78,1.66,0.063,68.51,780,0.0059
2026-01-04 23:30:44.074609,26.57,7.84,0.005,62.6,611,0.0171
2026-01-04 23:31:44.074609,32.84,2.45,0.001,37.25,445,0.0016
2026-01-04 23:32:44.074609,32.05,9.5,0.006,67.68,690,0.0018
2026-01-04 23:33:44.074609,30.31,3.13,0.037,40.2,730,0.0006
2026-01-04 23:34:44.074609,28.68,5.29,0.013,48.83,620,0.0059
2026-01-04 23:35:44.074609,23.72,1.33,0.072,40.08,719,0.0088
2026-01-04 23:36:44.074609,30.83,3.12,0.015,49.28,907,0.0353
2026-01-04 23:37:44.074609,20.67,6.75,0.065,40.02,513,0.0179
2026-01-04 23:38:44.074609,33.73,3.6,0.03,54.72,780,0.0106
2026-01-04 23:39:44.074609,41.76,1.12,0.031,47.08,601,0.0188
2026-01-04 23:40:44.074609,44.77,2.12,0.108,79.77,544,0.0009
2026-01-04 23:41:44.074609,31.8,1.04,0.173,49.12,1008,0.0009
2026-01-04 23:42:44.074609,32.1,2.36,0.008,80.0,824,0.0124
2026-01-04 23:43:44.074609,27.75,1.8,0.02,72.1,633,0.0099
2026-01-04 23:44:44.074609,28.97,1.04,0.014,44.36,946,0.0068
2026-01-04 23:45:44.074609,21.57,1.99,0.058,67.8,607,0.0111
2026-01-04 23:46:44.074609,28.39,3.9,0.004,60.43,866,0.0023
2026-01-04 23:47:44.074609,39.97,8.58,0.068,75.27,560,0.0192
2026-01-04 23:48:44.074609,26.23,6.61,0.01,60.38,611,0.0128
2026-01-04 23:49:44.074609,31.19,1.98,0.015,45.51,680,0.0163
2026-01-04 23:50:44.074609,16.8,3.07,0.018,66.45,733,0.0029
2026-01-04 23:51:44.074609,29.98,3.46,0.002,55.3,610,0.0042
2026-01-04 23:52:44.074609,32.68,4.09,0.054,46.25,599,0.008
2026-01-04 23:53:44.074609,33.81,2.99,0.052,62.94,794,0.0248
2026-01-04 23:54:44.074609,20.06,5.99,0.051,64.56,679,0.0167
2026-01-04 23:55:44.074609,37.31,1.48,0.032,72.94,571,0.0109
2026-01-04 23:56:44.074609,18.3,1.48,0.001,37.29,527,0.0055
2026-01-04 23:57:44.074609,29.28,2.19,0.01,63.43,850,0.0066
2026-01-04 23:58:44.074609,34.8,1.72,0.001,54.48,429,0.0155
2026-01-04 23:59:44.074609,26.73,5.77,0.251,72.71,778,0.024
2026-01-05 00:00:44.074609,32.64,2.24,0.001,44.94,532,0.0154
2026-01-05 00:01:44.074609,25.28,3.34,0.039,57.3,462,0.0078
2026-01-05 00:02:44.074609,25.99,1.38,0.021,50.88,410,0.0206
2026-01-05 00:03:44.074609,17.54,18.09,0.001,60.7,391,0.0044
2026-01-05 00:04:44.074609,22.21,1.79,0.015,45.4,329,0.005
2026-01-05 00:05:44.074609,28.78,1.61,0.083,67.44,379,0.0018
2026-01-05 00:06:44.074609,26.97,5.78,0.061,25.55,506,0.0062
2026-01-05 00:07:44.074609,32.3,3.43,0.016,48.14,400,0.0066
2026-01-05 00:08:44.074609,29.93,4.6,0.018,53.56,678,0.0058
2026-01-05 00:09:44.074609,29.19,2.34,0.082,51.37,582,0.0102
2026-01-05 00:10:44.074609,31.2,2.43,0.021,36.28,536,0.0171
2026-01-05 00:11:44.074609,35.3,3.07,0.037,30.89,573,0.0029
2026-01-05 00:12:44.074609,35.13,1.23,0.092,33.87,402,0.0277
2026-01-05 00:13:44.074609,24.7,1.6,0.065,40.49,475,0.0015
2026-01-05 00:14:44.074609,32.44,3.64,0.012,26.4,476,0.0147
2026-01-05 00:15:44.074609,24.43,1.89,0.151,38.05,435,0.001
2026-01-05 00:16:44.074609,29.73,6.55,0.081,34.54,558,0.0065
2026-01-05 00:17:44.074609,31.18,1.56,0.036,46.59,480,0.0022
2026-01-05 00:18:44.074609,20.93,6.43,0.015,27.44,342,0.0201
2026-01-05 00:19:44.074609,27.98,2.67,0.016,37.65,462,0.0365
2026-01-05 00:20:44.074609,29.11,1.07,0.006,45.96,302,0.0024
2026-01-05 00:21:44.074609,23.12,1.12,0.105,58.21,515,0.0164
2026-01-05 00:22:44.074609,30.59,1.39,0.016,47.25,491,0.0072
2026-01-05 00:23:44.074609,16.8,1.1,0.006,40.01,684,0.0052
2026-01-05 00:24:44.074609,30.14,4.94,0.009,37.03,310,0.0295
2026-01-05 00:25:44.074609,20.56,2.91,0.04,56.57,640,0.0267
2026-01-05 00:26:44.074609,24.92,1.27,0.081,44.86,560,0.0017
2026-01-05 00:27:44.074609,18.64,2.87,0.049,49.76,483,0.001
2026-01-05 00:28:44.074609,26.84,9.74,0.138,52.41,629,0.0188
2026-01-05 00:29:44.074609,32.56,2.92,0.035,39.94,566,0.0219
2026-01-05 00:30:44.074609,20.8,2.2,0.048,55.87,437,0.0064
2026-01-05 00:31:44.074609,22.53,1.29,0.101,26.87,497,0.0025
2026-01-05 00:32:44.074609,30.73,4.28,0.03,46.74,522,0.0177
2026-01-05 00:33:44.074609,36.15,3.61,0.023,41.27,519,0.0138
2026-01-05 00:34:44.074609,29.05,4.15,0.096,31.56,497,0.0146
2026-01-05 00:35:44.074609,26.22,5.58,0.016,51.17,515,0.0084
2026-01-05 00:36:44.074609,29.6,5.54,0.084,34.8,345,0.0143
2026-01-05 00:37:44.074609,23.72,4.26,0.004,57.85,440,0.0195
2026-01-05 00:38:44.074609,18.26,3.49,0.002,37.11,497,0.0082
2026-01-05 00:39:44.074609,13.09,1.11,0.106,44.19,551,0.0085
2026-01-05 00:40:44.074609,33.98,4.56,0.008,43.36,533,0.0107
2026-01-05 00:41:44.074609,36.42,7.33,0.018,57.67,558,0.0008
2026-01-05 00:42:44.074609,35.59,2.6,0.091,43.1,301,0.0067
2026-01-05 00:43:44.074609,32.42,1.57,0.035,47.75,329,0.0252
2026-01-05 00:44:44.074609,24.01,1.02,0.007,35.9,589,0.0128
2026-01-05 00:45:44.074609,24.64,1.64,0.008,52.03,435,0.0203
2026-01-05 00:46:44.074609,22.94,5.41,0.0,35.5,542,0.0006
2026-01-05 00:47:44.074609,26.39,3.74,0.028,60.96,509,0.0172
2026-01-05 00:48:44.074609,26.51,1.13,0.024,65.99,614,0.0086
2026-01-05 00:49:44.074609,33.48,4.6,0.045,23.98,654,0.0105
2026-01-05 00:50:44.074609,19.76,3.64,0.011,55.25,501,0.0203
2026-01-05 00:51:44.074609,32.06,1.5,0.031,55.54,598,0.0169
2026-01-05 00:52:44.074609,23.27,7.69,0.07,65.09,632,0.0039
2026-01-05 00:53:44.074609,26.36,1.6,0.136,43.19,551,0.002
2026-01-05 00:54:44.074609,23.26,12.1,0.023,27.91,342,0.017
2026-01-05 00:55:44.074609,30.63,4.21,0.012,40.15,532,0.0014
2026-01-05 00:56:44.074609,26.2,3.87,0.059,32.08,610,0.0208
2026-01-05 00:57:44.074609,27.83,3.77,0.042,60.69,421,0.0399
2026-01-05 00:58:44.074609,22.71,1.81,0.153,40.63,514,0.0041
2026-01-05 00:59:44.074609,34.47,2.2,0.019,44.09,524,0.0006
2026-01-05 01:00:44.074609,44.01,1.28,0.024,44.33,388,0.0094
2026-01-05 01:01:44.074609,30.01,2.43,0.007,63.76,451,0.0258
2026-01-05 01:02:44.074609,19.15,1.68,0.027,54.16,603,0.0337
2026-01-05 01:03:44.074609,22.68,3.39,0.115,40.56,420,0.0012
2026-01-05 01:04:44.074609,29.75,8.27,0.033,46.7,530,0.0501
2026-01-05 01:05:44.074609,26.21,5.26,0.032,55.16,424,0.0051
2026-01-05 01:06:44.074609,23.2,1.35,0.01,51.22,500,0.0086
2026-01-05 01:07:44.074609,19.44,1.65,0.054,39.79,468,0.008
2026-01-05 01:08:44.074609,33.49,4.68,0.003,58.02,415,0.0115
2026-01-05 01:09:44.074609,21.14,6.05,0.001,54.1,439,0.0259
2026-01-05 01:10:44.074609,22.77,5.77,0.108,57.77,476,0.0192
2026-01-05 01:11:44.074609,29.44,9.64,0.027,49.68,434,0.0132
2026-01-05 01:12:44.074609,31.08,5.62,0.063,42.25,611,0.0079
2026-01-05 01:13:44.074609,32.2,1.66,0.014,64.75,628,0.0094
2026-01-05 01:14:44.074609,22.4,1.22,0.071,53.57,381,0.0013
2026-01-05 01:15:44.074609,29.06,1.27,0.001,61.64,616,0.0004
2026-01-05 01:16:44.074609,24.59,4.66,0.053,41.77,482,0.0247
2026-01-05 01:17:44.074609,23.91,4.43,0.012,41.64,435,0.0496
2026-01-05 01:18:44.074609,27.31,2.78,0.351,29.29,381,0.0246
2026-01-05 01:19:44.074609,23.42,1.24,0.156,26.4,510,0.0077
2026-01-05 01:20:44.074609,26.64,1.19,0.0,45.56,510,0.0116
2026-01-05 01:21:44.074609,19.06,4.42,0.047,41.39,418,0.0434
2026-01-05 01:22:44.074609,35.08,1.21,0.004,47.34,566,0.004
2026-01-05 01:23:44.074609,25.95,1.06,0.053,60.63,453,0.0026
2026-01-05 01:24:44.074609,25.8,2.94,0.003,46.56,599,0.0035
2026-01-05 01:25:44.074609,32.94,3.86,0.011,51.08,400,0.0471
2026-01-05 01:26:44.074609,29.74,7.11,0.047,43.89,625,0.0155
2026-01-05 01:27:44.074609,26.31,9.91,0.099,45.67,365,0.002
2026-01-05 01:28:44.074609,25.28,1.47,0.012,63.94,552,0.0038
2026-01-05 01:29:44.074609,16.46,4.58,0.223,51.16,462,0.0065
2026-01-05 01:30:44.074609,28.38,5.41,0.039,35.39,428,0.0146
2026-01-05 01:31:44.074609,21.27,2.01,0.037,45.74,498,0.0037
2026-01-05 01:32:44.074609,20.75,3.5,0.031,50.55,525,0.0022
2026-01-05 01:33:44.074609,22.74,6.18,0.06,42.17,472,0.0086
2026-01-05 01:34:44.074609,19.59,1.56,0.063,51.91,533,0.0084
2026-01-05 01:35:44.074609,38.02,1.96,0.071,56.9,596,0.0146
2026-01-05 01:36:44.074609,30.04,4.05,0.009,42.83,568,0.0333
2026-01-05 01:37:44.074609,21.62,7.48,0.079,42.03,524,0.0064
2026-01-05 01:38:44.074609,32.78,8.33,0.055,45.59,389,0.0101
2026-01-05 01:39:44.074609,25.87,5.74,0.08,50.36,637,0.0081
2026-01-05 01:40:44.074609,29.62,6.04,0.049,43.32,505,0.0009
2026-01-05 01:41:44.074609,32.57,3.34,0.045,52.89,415,0.011
2026-01-05 01:42:44.074609,28.85,2.95,0.046,60.24,536,0.0038
2026-01-05 01:43:44.074609,20.0,5.31,0.028,29.08,400,0.0111
2026-01-05 01:44:44.074609,27.41,5.03,0.035,34.47,547,0.0046
2026-01-05 01:45:44.074609,25.48,3.48,0.029,33.96,504,0.0038
2026-01-05 01:46:44.074609,41.75,1.46,0.015,51.42,407,0.0171
2026-01-05 01:47:44.074609,32.31,2.1,0.062,58.42,447,0.0238
2026-01-05 01:48:44.074609,28.17,1.25,0.035,57.54,504,0.0244
2026-01-05 01:49:44.074609,28.09,4.41,0.005,51.73,595,0.0061
2026-01-05 01:50:44.074609,27.34,1.22,0.011,29.92,459,0.005
2026-01-05 01:51:44.074609,20.7,1.29,0.107,33.59,595,0.0093
2026-01-05 01:52:44.074609,35.69,2.52,0.087,47.34,443,0.0027
2026-01-05 01:53:44.074609,28.92,2.38,0.027,51.36,419,0.0215
2026-01-05 01:54:44.074609,29.85,1.01,0.193,50.21,428,0.0004
2026-01-05 01:55:44.074609,38.26,1.22,0.029,34.7,498,0.007
2026-01-05 01:56:44.074609,16.88,5.61,0.007,43.2,423,0.0218
2026-01-05 01:57:44.074609,28.55,7.59,0.082,56.29,420,0.0036
2026-01-05 01:58:44.074609,24.56,1.77,0.049,62.58,651,0.0021
2026-01-05 01:59:44.074609,25.75,2.92,0.29,58.97,425,0.0113
2026-01-05 02:00:44.074609,19.08,7.37,0.007,48.54,519,0.0055
2026-01-05 02:01:44.074609,32.9,1.85,0.024,33.22,520,0.001
2026-01-05 02:02:44.074609,32.36,2.2,0.049,66.13,475,0.0143
2026-01-05 02:03:44.074609,29.26,8.38,0.003,44.87,409,0.002
2026-01-05 02:04:44.074609,21.66,2.12,0.028,24.2,476,0.0274
2026-01-05 02:05:44.074609,28.68,1.85,0.088,37.55,660,0.0302
2026-01-05 02:06:44.074609,26.26,2.68,0.071,50.15,664,0.0117
2026-01-05 02:07:44.074609,27.13,5.62,0.032,39.7,361,0.0004
2026-01-05 02:08:44.074609,23.0,1.91,0.005,49.08,490,0.012
2026-01-05 02:09:44.074609,25.25,6.0,0.119,63.06,470,0.0051
2026-01-05 02:10:44.074609,29.76,2.27,0.056,35.99,522,0.0153
2026-01-05 02:11:44.074609,30.23,1.21,0.008,19.03,522,0.0048
2026-01-05 02:12:44.074609,21.75,3.35,0.032,43.83,471,0.0013
2026-01-05 02:13:44.074609,32.47,17.23,0.144,44.76,406,0.0201
2026-01-05 02:14:44.074609,32.67,6.04,0.028,27.8,480,0.0034
2026-01-05 02:15:44.074609,24.13,1.35,0.225,36.58,511,0.0118
2026-01-05 02:16:44.074609,32.34,5.13,0.011,45.46,574,0.001
2026-01-05 02:17:44.074609,36.11,2.31,0.06,29.15,529,0.0103
2026-01-05 02:18:44.074609,29.77,3.15,0.015,26.89,460,0.0272
2026-01-05 02:19:44.074609,30.55,12.09,0.031,53.82,514,0.0007
2026-01-05 02:20:44.074609,37.36,1.14,0.007,34.64,412,0.013
2026-01-05 02:21:44.074609,29.66,3.85,0.034,43.3,623,0.0019
2026-01-05 02:22:44.074609,33.12,5.18,0.065,56.44,599,0.0292
2026-01-05 02:23:44.074609,25.31,6.32,0.015,47.73,298,0.0042
2026-01-05 02:24:44.074609,34.97,2.11,0.097,46.36,656,0.0109
2026-01-05 02:25:44.074609,27.28,3.4,0.038,46.91,481,0.0429
2026-01-05 02:26:44.074609,30.49,2.09,0.006,41.86,368,0.0105
2026-01-05 02:27:44.074609,14.66,3.48,0.091,48.17,550,0.0305
2026-01-05 02:28:44.074609,31.64,3.68,0.0,35.05,378,0.0079
2026-01-05 02:29:44.074609,28.13,4.23,0.219,29.27,496,0.0443
2026-01-05 02:30:44.074609,24.78,12.34,0.02,41.08,581,0.0272
2026-01-05 02:31:44.074609,33.29,4.84,0.021,29.03,456,0.018
2026-01-05 02:32:44.074609,15.7,1.32,0.05,51.16,688,0.0275
2026-01-05 02:33:44.074609,36.63,3.75,0.064,57.59,512,0.0096
2026-01-05 02:34:44.074609,25.3,1.7,0.002,40.76,432,0.0214
2026-01-05 02:35:44.074609,30.88,1.81,0.276,41.68,586,0.0054
2026-01-05 02:36:44.074609,22.65,1.44,0.015,33.3,625,0.0093
2026-01-05 02:37:44.074609,26.14,3.15,0.027,30.87,482,0.0118
2026-01-05 02:38:44.074609,19.82,11.05,0.078,39.97,425,0.0008
2026-01-05 02:39:44.074609,25.31,1.67,0.012,39.18,424,0.0013
2026-01-05 02:40:44.074609,21.9,1.98,0.058,38.53,448,0.0007
2026-01-05 02:41:44.074609,34.28,1.18,0.039,45.0,606,0.021
2026-01-05 02:42:44.074609,37.06,7.04,0.003,59.04,385,0.0305
2026-01-05 02:43:44.074609,24.75,1.98,0.072,49.71,754,0.0094
2026-01-05 02:44:44.074609,19.07,1.33,0.097,44.02,612,0.0099
2026-01-05 02:45:44.074609,21.64,1.36,0.001,50.49,475,0.0009
2026-01-05 02:46:44.074609,31.16,2.88,0.004,44.77,413,0.0071
2026-01-05 02:47:44.074609,37.51,4.31,0.028,54.33,362,0.0058
2026-01-05 02:48:44.074609,33.04,2.5,0.02,43.48,490,0.0071
2026-01-05 02:49:44.074609,16.3,12.17,0.041,49.63,517,0.0021
2026-01-05 02:50:44.074609,32.75,12.02,0.108,28.86,481,0.0025
2026-01-05 02:51:44.074609,35.07,1.6,0.061,58.56,403,0.0066
2026-01-05 02:52:44.074609,34.8,6.37,0.037,31.85,678,0.0016
2026-01-05 02:53:44.074609,27.53,2.23,0.063,45.86,366,0.0209
2026-01-05 02:54:44.074609,30.81,1.22,0.047,25.1,475,0.0175
2026-01-05 02:55:44.074609,34.17,2.61,0.143,52.3,542,0.0271
2026-01-05 02:56:44.074609,15.93,1.26,0.006,44.09,655,0.0071
2026-01-05 02:57:44.074609,25.07,2.69,0.002,29.04,380,0.011
2026-01-05 02:58:44.074609,12.24,3.18,0.099,32.98,323,0.0085
2026-01-05 02:59:44.074609,24.98,4.48,0.027,32.24,522,0.0017
2026-01-05 03:00:44.074609,31.84,3.01,0.072,53.3,530,0.0139
2026-01-05 03:01:44.074609,20.71,3.66,0.079,52.07,320,0.0104
2026-01-05 03:02:44.074609,36.5,1.47,0.064,46.41,692,0.0033
2026-01-05 03:03:44.074609,27.78,1.18,0.125,59.39,545,0.0057
2026-01-05 03:04:44.074609,35.46,10.65,0.075,65.98,547,0.0033
2026-01-05 03:05:44.074609,24.05,2.04,0.067,36.58,537,0.0074
2026-01-05 03:06:44.074609,24.81,2.46,0.018,25.0,514,0.0056
2026-01-05 03:07:44.074609,31.52,5.13,0.062,58.88,448,0.0532
2026-01-05 03:08:44.074609,30.51,2.94,0.063,51.87,684,0.0548
2026-01-05 03:09:44.074609,25.36,1.41,0.01,30.92,528,0.0058
2026-01-05 03:10:44.074609,32.08,2.21,0.007,47.16,542,0.0041
2026-01-05 03:11:44.074609,26.35,1.61,0.077,39.87,498,0.0217
2026-01-05 03:12:44.074609,37.48,1.6,0.03,41.44,517,0.0047
2026-01-05 03:13:44.074609,16.91,2.96,0.047,55.36,418,0.0015
2026-01-05 03:14:44.074609,26.0,3.25,0.01,55.26,453,0.0076
2026-01-05 03:15:44.074609,29.51,4.41,0.004,34.11,387,0.0099
2026-01-05 03:16:44.074609,20.61,1.67,0.002,54.37,446,0.0051
2026-01-05 03:17:44.074609,22.57,5.18,0.033,20.43,503,0.0003
2026-01-05 03:18:44.074609,19.95,2.0,0.047,58.5,405,0.005
2026-01-05 03:19:44.074609,31.1,2.16,0.065,37.3,355,0.0319
2026-01-05 03:20:44.074609,22.73,1.71,0.071,33.02,606,0.0061
2026-01-05 03:21:44.074609,18.94,3.5,0.01,34.32,693,0.0014
2026-01-05 03:22:44.074609,31.88,1.42,0.002,37.5,615,0.0026
2026-01-05 03:23:44.074609,24.75,2.67,0.068,48.89,653,0.0017
2026-01-05 03:24:44.074609,39.07,1.6,0.044,34.92,319,0.003
2026-01-05 03:25:44.074609,29.31,2.79,0.044,53.7,434,0.0044
2026-01-05 03:26:44.074609,15.03,2.59,0.019,39.59,429,0.0221
2026-01-05 03:27:44.074609,30.08,2.24,0.026,46.14,558,0.0075
2026-01-05 03:28:44.074609,36.56,3.57,0.044,52.28,615,0.0315
2026-01-05 03:29:44.074609,26.92,1.11,0.001,51.07,447,0.0098
2026-01-05 03:30:44.074609,26.69,1.63,0.036,39.67,631,0.0241
2026-01-05 03:31:44.074609,30.17,3.37,0.02,40.13,529,0.0027
2026-01-05 03:32:44.074609,33.07,3.05,0.006,23.7,435,0.0298
2026-01-05 03:33:44.074609,18.35,1.96,0.042,34.74,468,0.0106
2026-01-05 03:34:44.074609,27.71,5.66,0.048,41.05,565,0.0021
2026-01-05 03:35:44.074609,22.37,1.29,0.005,50.91,430,0.0141
2026-01-05 03:36:44.074609,25.33,3.1,0.012,53.31,583,0.0074
2026-01-05 03:37:44.074609,30.88,9.13,0.003,29.02,408,0.01
2026-01-05 03:38:44.074609,22.04,4.16,0.012,41.52,617,0.0013
2026-01-05 03:39:44.074609,19.51,2.66,0.028,57.72,543,0.0215
2026-01-05 03:40:44.074609,20.7,8.5,0.041,44.02,466,0.0251
2026-01-05 03:41:44.074609,37.29,1.94,0.001,45.0,619,0.0463
2026-01-05 03:42:44.074609,29.03,6.62,0.04,56.69,539,0.0002
2026-01-05 03:43:44.074609,27.74,10.11,0.072,51.29,473,0.0044
2026-01-05 03:44:44.074609,26.01,1.92,0.029,32.61,702,0.0006
2026-01-05 03:45:44.074609,27.17,6.71,0.004,48.84,453,0.0114
2026-01-05 03:46:44.074609,29.95,4.25,0.12,37.95,467,0.02
2026-01-05 03:47:44.074609,21.2,3.0,0.008,37.78,414,0.0032
2026-01-05 03:48:44.074609,19.14,2.79,0.024,46.96,545,0.0563
2026-01-05 03:49:44.074609,32.92,4.36,0.02,40.08,508,0.0021
2026-01-05 03:50:44.074609,37.88,1.57,0.062,47.65,682,0.007
2026-01-05 03:51:44.074609,25.96,7.15,0.096,32.31,399,0.0063
2026-01-05 03:52:44.074609,25.99,5.49,0.008,46.81,599,0.0138
2026-01-05 03:53:44.074609,33.46,7.21,0.058,48.87,443,0.0213
2026-01-05 03:54:44.074609,24.44,1.36,0.058,20.54,604,0.0058
2026-01-05 03:55:44.074609,26.05,1.34,0.307,55.31,505,0.0031
2026-01-05 03:56:44.074609,21.07,3.14,0.018,37.95,485,0.0109
2026-01-05 03:57:44.074609,33.18,2.91,0.016,52.97,391,0.0026
2026-01-05 03:58:44.074609,20.53,6.7,0.003,59.95,444,0.0
2026-01-05 03:59:44.074609,29.54,1.23,0.113,51.78,717,0.0214
2026-01-05 04:00:44.074609,26.5,7.39,0.026,37.13,414,0.0145
2026-01-05 04:01:44.074609,19.35,1.63,0.021,37.48,521,0.0036
2026-01-05 04:02:44.074609,27.07,6.78,0.012,40.27,605,0.0022
2026-01-05 04:03:44.074609,18.6,1.26,0.043,62.88,462,0.01
2026-01-05 04:04:44.074609,14.02,4.06,0.162,32.08,624,0.004
2026-01-05 04:05:44.074609,18.16,2.42,0.092,43.39,534,0.0087
2026-01-05 04:06:44.074609,32.88,2.67,0.051,51.19,579,0.0004
2026-01-05 04:07:44.074609,32.58,1.31,0.008,54.71,529,0.0172
2026-01-05 04:08:44.074609,35.36,1.61,0.002,43.28,377,0.0074
2026-01-05 04:09:44.074609,29.91,14.94,0.004,52.25,329,0.0115
2026-01-05 04:10:44.074609,29.05,1.43,0.005,22.92,429,0.0177
2026-01-05 04:11:44.074609,28.98,3.1,0.005,58.14,450,0.0076
2026-01-05 04:12:44.074609,26.0,4.11,0.111,37.11,601,0.0079
2026-01-05 04:13:44.074609,40.13,3.55,0.061,30.36,518,0.0016
2026-01-05 04:14:44.074609,25.82,1.08,0.037,40.29,508,0.0072
2026-01-05 04:15:44.074609,23.9,4.73,0.012,45.51,435,0.0065
2026-01-05 04:16:44.074609,33.03,7.67,0.082,39.56,545,0.0005
2026-01-05 04:17:44.074609,19.46,8.19,0.022,62.32,572,0.0159
2026-01-05 04:18:44.074609,13.81,1.94,0.142,57.18,514,0.0075
2026-01-05 04:19:44.074609,28.13,2.79,0.006,59.24,440,0.0021
2026-01-05 04:20:44.074609,29.64,1.41,0.0,32.58,587,0.0016
2026-01-05 04:21:44.074609,27.44,3.1,0.023,24.79,223,0.0173
2026-01-05 04:22:44.074609,26.44,1.09,0.101,53.17,405,0.0052
2026-01-05 04:23:44.074609,32.16,5.39,0.03,29.88,430,0.0258
2026-01-05 04:24:44.074609,27.21,6.63,0.025,37.41,607,0.0131
2026-01-05 04:25:44.074609,11.62,1.17,0.168,57.29,543,0.0036
2026-01-05 04:26:44.074609,30.28,2.03,0.043,51.92,351,0.0129
2026-01-05 04:27:44.074609,24.89,1.62,0.06,30.97,381,0.0108
2026-01-05 04:28:44.074609,34.74,6.99,0.049,52.68,484,0.018
2026-01-05 04:29:44.074609,33.16,3.53,0.002,41.96,452,0.0032
2026-01-05 04:30:44.074609,39.67,11.56,0.003,32.69,317,0.0131
2026-01-05 04:31:44.074609,31.83,1.34,0.032,51.75,495,0.0266
2026-01-05 04:32:44.074609,21.07,3.0,0.026,50.32,518,0.0005
2026-01-05 04:33:44.074609,26.12,1.78,0.04,39.75,407,0.0284
2026-01-05 04:34:44.074609,18.19,1.51,0.025,48.32,335,0.0133
2026-01-05 04:35:44.074609,27.86,6.79,0.077,58.47,452,0.0111
2026-01-05 04:36:44.074609,23.99,12.04,0.024,49.81,464,0.0022
2026-01-05 04:37:44.074609,27.3,4.21,0.008,41.35,450,0.0076
2026-01-05 04:38:44.074609,29.45,2.11,0.07,45.82,493,0.0054
2026-01-05 04:39:44.074609,20.5,16.83,0.128,44.11,480,0.0057
2026-01-05 04:40:44.074609,33.2,2.43,0.001,42.85,644,0.0076
2026-01-05 04:41:44.074609,31.98,5.74,0.04,38.0,529,0.0026
2026-01-05 04:42:44.074609,35.39,1.43,0.018,48.72,546,0.0104
2026-01-05 04:43:44.074609,32.28,5.88,0.007,29.21,475,0.0011
2026-01-05 04:44:44.074609,27.94,4.85,0.008,29.12,464,0.0055
2026-01-05 04:45:44.074609,28.14,1.25,0.091,43.07,408,0.0201
2026-01-05 04:46:44.074609,37.32,1.62,0.015,41.78,401,0.0432
2026-01-05 04:47:44.074609,29.28,4.17,0.001,41.68,500,0.0025
2026-01-05 04:48:44.074609,31.94,2.49,0.048,59.77,414,0.0159
2026-01-05 04:49:44.074609,25.1,10.49,0.014,31.67,471,0.004
2026-01-05 04:50:44.074609,26.99,2.39,0.005,47.51,606,0.0019
2026-01-05 04:51:44.074609,25.31,1.77,0.113,50.9,513,0.0162
2026-01-05 04:52:44.074609,26.89,2.11,0.002,42.78,590,0.0003
2026-01-05 04:53:44.074609,19.72,1.8,0.009,47.74,416,0.008
2026-01-05 04:54:44.074609,26.82,2.27,0.001,68.64,369,0.0028
2026-01-05 04:55:44.074609,24.01,5.15,0.043,58.06,513,0.0021
2026-01-05 04:56:44.074609,33.43,6.19,0.076,42.63,759,0.0111
2026-01-05 04:57:44.074609,27.64,4.47,0.021,48.9,397,0.0004
2026-01-05 04:58:44.074609,20.62,2.01,0.009,25.11,283,0.0145
2026-01-05 04:59:44.074609,10.0,1.79,0.096,47.0,364,0.0044
2026-01-05 05:00:44.074609,26.93,1.05,0.009,51.46,304,0.0014
2026-01-05 05:01:44.074609,32.47,3.55,0.018,49.62,577,0.0065
2026-01-05 05:02:44.074609,35.17,1.32,0.012,44.14,635,0.0329
2026-01-05 05:03:44.074609,22.84,1.88,0.216,37.39,624,0.0319
2026-01-05 05:04:44.074609,22.02,6.14,0.046,41.17,460,0.0068
2026-01-05 05:05:44.074609,24.64,3.67,0.032,36.83,469,0.0309
2026-01-05 05:06:44.074609,22.65,10.08,0.041,32.53,560,0.0135
2026-01-05 05:07:44.074609,34.05,1.91,0.037,53.16,498,0.0009
2026-01-05 05:08:44.074609,37.01,5.05,0.012,44.49,407,0.0008
2026-01-05 05:09:44.074609,35.44,1.89,0.167,58.29,424,0.0139
2026-01-05 05:10:44.074609,34.52,5.84,0.008,53.76,539,0.0039
2026-01-05 05:11:44.074609,20.86,1.35,0.053,34.59,582,0.0276
2026-01-05 05:12:44.074609,23.35,8.11,0.108,38.1,595,0.0009
2026-01-05 05:13:44.074609,23.76,20.0,0.022,44.81,403,0.0027
2026-01-05 05:14:44.074609,26.27,4.35,0.089,52.54,443,0.0022
2026-01-05 05:15:44.074609,16.07,2.18,0.048,63.56,289,0.0117
2026-01-05 05:16:44.074609,27.66,1.99,0.052,60.33,449,0.0166
2026-01-05 05:17:44.074609,34.1,2.71,0.085,34.81,533,0.0086
2026-01-05 05:18:44.074609,26.64,2.31,0.027,35.61,459,0.0007
2026-01-05 05:19:44.074609,25.01,2.35,0.001,25.46,389,0.0024
2026-01-05 05:20:44.074609,28.85,1.39,0.037,42.55,459,0.006
2026-01-05 05:21:44.074609,26.39,2.26,0.099,32.58,752,0.0293
2026-01-05 05:22:44.074609,32.82,2.53,0.041,53.25,282,0.0008
2026-01-05 05:23:44.074609,23.5,4.55,0.002,38.79,497,0.0081
2026-01-05 05:24:44.074609,27.49,2.86,0.124,38.52,538,0.0044
2026-01-05 05:25:44.074609,28.33,3.71,0.041,47.89,647,0.0148
2026-01-05 05:26:44.074609,17.78,1.41,0.175,41.87,344,0.0002
2026-01-05 05:27:44.074609,15.7,1.86,0.212,54.14,312,0.0062
2026-01-05 05:28:44.074609,18.85,1.37,0.025,40.64,295,0.0194
2026-01-05 05:29:44.074609,29.88,1.12,0.019,32.64,420,0.0079
2026-01-05 05:30:44.074609,27.22,2.11,0.247,31.75,567,0.0011
2026-01-05 05:31:44.074609,32.18,1.51,0.026,49.32,632,0.002
2026-01-05 05:32:44.074609,20.13,10.19,0.065,60.65,559,0.0124
2026-01-05 05:33:44.074609,16.98,7.33,0.06,49.49,536,0.0137
2026-01-05 05:34:44.074609,22.21,2.89,0.046,40.31,411,0.0125
2026-01-05 05:35:44.074609,19.71,1.65,0.045,32.34,486,0.0012
2026-01-05 05:36:44.074609,35.04,6.47,0.004,28.01,479,0.0275
2026-01-05 05:37:44.074609,29.99,4.31,0.038,61.19,545,0.0068
2026-01-05 05:38:44.074609,23.28,4.02,0.002,47.67,393,0.0062
2026-01-05 05:39:44.074609,23.47,4.0,0.003,37.28,593,0.0037
2026-01-05 05:40:44.074609,12.93,6.15,0.003,49.09,567,0.0059
2026-01-05 05:41:44.074609,28.67,9.02,0.032,49.48,661,0.0007
2026-01-05 05:42:44.074609,13.89,8.17,0.055,51.75,518,0.0506
2026-01-05 05:43:44.074609,30.26,3.6,0.031,38.23,409,0.011
2026-01-05 05:44:44.074609,35.85,3.28,0.014,30.55,475,0.0069
2026-01-05 05:45:44.074609,42.22,5.3,0.072,51.29,430,0.0118
2026-01-05 05:46:44.074609,26.77,3.15,0.02,40.49,468,0.0035
2026-01-05 05:47:44.074609,19.48,3.62,0.023,17.95,499,0.0055
2026-01-05 05:48:44.074609,32.1,1.15,0.046,59.51,679,0.0219
2026-01-05 05:49:44.074609,30.35,1.18,0.019,48.71,612,0.006
2026-01-05 05:50:44.074609,20.37,5.51,0.024,37.77,403,0.002
2026-01-05 05:51:44.074609,24.23,1.05,0.063,38.66,469,0.0046
2026-01-05 05:52:44.074609,27.14,8.07,0.036,45.25,530,0.0329
2026-01-05 05:53:44.074609,23.94,4.61,0.216,35.82,521,0.0009
2026-01-05 05:54:44.074609,34.5,2.36,0.005,33.97,413,0.0049
2026-01-05 05:55:44.074609,26.16,2.1,0.015,47.36,405,0.0028
2026-01-05 05:56:44.074609,19.87,9.57,0.027,44.16,399,0.002
2026-01-05 05:57:44.074609,23.63,1.4,0.064,35.71,452,0.0117
2026-01-05 05:58:44.074609,34.64,2.48,0.009,56.66,289,0.0004
2026-01-05 05:59:44.074609,34.4,6.9,0.005,52.99,506,0.0075
2026-01-05 06:00:44.074609,34.43,2.06,0.092,41.24,614,0.004
2026-01-05 06:01:44.074609,26.58,2.75,0.055,56.15,369,0.0287
2026-01-05 06:02:44.074609,31.99,13.88,0.037,62.82,701,0.0067
2026-01-05 06:03:44.074609,31.28,1.68,0.161,37.09,693,0.0162
2026-01-05 06:04:44.074609,22.72,1.83,0.123,49.57,465,0.0072
2026-01-05 06:05:44.074609,14.72,1.33,0.021,47.85,424,0.0134
2026-01-05 06:06:44.074609,13.0,2.3,0.026,47.23,535,0.0002
2026-01-05 06:07:44.074609,19.74,4.19,0.059,53.22,403,0.0051
2026-01-05 06:08:44.074609,22.74,4.07,0.017,54.19,512,0.0035
2026-01-05 06:09:44.074609,27.34,1.32,0.003,50.24,377,0.0186
2026-01-05 06:10:44.074609,22.99,5.01,0.108,30.59,699,0.0032
2026-01-05 06:11:44.074609,37.52,2.5,0.138,57.83,603,0.0097
2026-01-05 06:12:44.074609,29.86,2.14,0.067,50.03,359,0.0051
2026-01-05 06:13:44.074609,25.99,2.11,0.006,33.91,499,0.0043
2026-01-05 06:14:44.074609,34.75,3.11,0.07,45.35,464,0.0065
2026-01-05 06:15:44.074609,28.24,1.44,0.025,54.51,451,0.0216
2026-01-05 06:16:44.074609,28.21,1.21,0.002,35.59,489,0.0194
2026-01-05 06:17:44.074609,24.11,1.59,0.131,34.45,580,0.0004
2026-01-05 06:18:44.074609,32.63,3.22,0.043,29.59,398,0.0191
2026-01-05 06:19:44.074609,27.83,2.5,0.055,42.73,437,0.0088
2026-01-05 06:20:44.074609,23.56,12.73,0.184,40.81,473,0.0089
2026-01-05 06:21:44.074609,35.67,3.25,0.036,40.46,412,0.0113
2026-01-05 06:22:44.074609,29.38,3.01,0.086,40.77,423,0.03
2026-01-05 06:23:44.074609,31.66,4.5,0.13,45.93,439,0.0162
2026-01-05 06:24:44.074609,26.02,5.9,0.048,53.06,515,0.0019
2026-01-05 06:25:44.074609,24.63,1.46,0.029,46.35,556,0.0365
2026-01-05 06:26:44.074609,31.78,1.14,0.024,36.13,418,0.0054
2026-01-05 06:27:44.074609,27.3,8.58,0.069,33.55,539,0.0049
2026-01-05 06:28:44.074609,29.93,4.7,0.07,49.16,466,0.0061
2026-01-05 06:29:44.074609,30.59,1.72,0.033,64.18,534,0.0174
2026-01-05 06:30:44.074609,27.11,5.31,0.01,34.12,347,0.0068
2026-01-05 06:31:44.074609,27.94,2.33,0.041,40.93,500,0.0156
2026-01-05 06:32:44.074609,36.17,4.6,0.097,51.87,507,0.0114
2026-01-05 06:33:44.074609,21.57,3.04,0.029,43.73,456,0.0038
2026-01-05 06:34:44.074609,35.21,1.28,0.002,25.42,422,0.0081
2026-01-05 06:35:44.074609,33.75,2.82,0.037,44.88,256,0.0012
2026-01-05 06:36:44.074609,25.89,1.41,0.01,38.28,587,0.0296
2026-01-05 06:37:44.074609,30.71,4.82,0.002,54.81,566,0.0004
2026-01-05 06:38:44.074609,28.07,2.03,0.003,35.2,517,0.0065
2026-01-05 06:39:44.074609,23.18,5.22,0.003,50.14,453,0.0159
2026-01-05 06:40:44.074609,23.44,6.69,0.012,35.09,543,0.0082
2026-01-05 06:41:44.074609,26.28,4.17,0.01,40.93,557,0.0082
2026-01-05 06:42:44.074609,31.49,1.37,0.222,15.15,437,0.0542
2026-01-05 06:43:44.074609,26.77,2.63,0.005,56.07,608,0.0144
2026-01-05 06:44:44.074609,23.04,1.78,0.048,53.02,432,0.0017
2026-01-05 06:45:44.074609,20.79,1.11,0.007,56.85,378,0.01
2026-01-05 06:46:44.074609,31.49,2.61,0.059,25.42,492,0.0016
2026-01-05 06:47:44.074609,34.16,5.05,0.009,30.74,398,0.0025
2026-01-05 06:48:44.074609,30.37,3.27,0.017,48.45,512,0.0016
2026-01-05 06:49:44.074609,31.74,1.58,0.023,46.28,532,0.0111
2026-01-05 06:50:44.074609,22.7,4.27,0.039,50.1,563,0.0011
2026-01-05 06:51:44.074609,29.9,4.95,0.191,57.32,502,0.014
2026-01-05 06:52:44.074609,19.78,2.71,0.003,47.38,409,0.0034
2026-01-05 06:53:44.074609,25.35,1.67,0.001,36.17,539,0.0023
2026-01-05 06:54:44.074609,36.09,7.31,0.032,42.31,376,0.0022
2026-01-05 06:55:44.074609,27.15,2.34,0.054,21.39,481,0.0044
2026-01-05 06:56:44.074609,30.44,5.02,0.038,57.95,470,0.0222
2026-01-05 06:57:44.074609,20.63,2.88,0.035,48.59,338,0.0064
2026-01-05 06:58:44.074609,24.97,2.77,0.012,39.54,643,0.0046
2026-01-05 06:59:44.074609,31.69,3.75,0.007,60.24,580,0.0009
2026-01-05 07:00:44.074609,28.81,2.24,0.036,39.12,526,0.0206
2026-01-05 07:01:44.074609,29.64,13.1,0.006,48.24,418,0.0017
2026-01-05 07:02:44.074609,27.78,1.58,0.003,59.08,644,0.0022
2026-01-05 07:03:44.074609,24.58,3.53,0.022,41.55,552,0.0032
2026-01-05 07:04:44.074609,31.39,1.05,0.014,37.11,512,0.0107
2026-01-05 07:05:44.074609,22.2,3.72,0.047,50.0,562,0.0011
2026-01-05 07:06:44.074609,27.33,2.57,0.107,32.41,310,0.011
2026-01-05 07:07:44.074609,16.53,3.96,0.041,39.69,631,0.0029
2026-01-05 07:08:44.074609,34.57,1.85,0.023,52.83,389,0.0092
2026-01-05 07:09:44.074609,29.4,2.85,0.007,42.45,520,0.0041
2026-01-05 07:10:44.074609,19.45,6.72,0.034,52.6,533,0.0035
2026-01-05 07:11:44.074609,26.78,10.76,0.05,33.95,637,0.0004
2026-01-05 07:12:44.074609,33.84,2.77,0.004,54.5,445,0.0107
2026-01-05 07:13:44.074609,34.32,1.73,0.008,40.88,306,0.0392
2026-01-05 07:14:44.074609,20.88,2.83,0.099,35.05,596,0.001
2026-01-05 07:15:44.074609,25.4,2.27,0.02,51.88,470,0.0056
2026-01-05 07:16:44.074609,19.99,2.58,0.124,43.35,494,0.002
2026-01-05 07:17:44.074609,31.08,10.09,0.059,60.88,474,0.0074
2026-01-05 07:18:44.074609,26.39,4.28,0.009,55.14,528,0.013
2026-01-05 07:19:44.074609,33.61,1.33,0.011,51.3,492,0.0108
2026-01-05 07:20:44.074609,28.09,4.53,0.052,37.62,786,0.0054
2026-01-05 07:21:44.074609,27.44,2.2,0.026,38.28,468,0.0027
2026-01-05 07:22:44.074609,32.42,5.38,0.082,54.42,511,0.0342
2026-01-05 07:23:44.074609,19.14,3.18,0.228,43.41,585,0.0118
2026-01-05 07:24:44.074609,19.26,1.72,0.044,53.38,456,0.0125
2026-01-05 07:25:44.074609,24.92,1.11,0.095,50.1,382,0.001
2026-01-05 07:26:44.074609,25.22,3.18,0.008,61.59,548,0.0077
2026-01-05 07:27:44.074609,20.59,7.26,0.135,44.77,338,0.0033
2026-01-05 07:28:44.074609,22.92,6.89,0.057,65.15,472,0.0227
2026-01-05 07:29:44.074609,19.1,8.32,0.002,35.35,223,0.0016
2026-01-05 07:30:44.074609,19.99,2.51,0.064,30.65,399,0.0152
2026-01-05 07:31:44.074609,31.86,4.55,0.115,57.15,609,0.0024
2026-01-05 07:32:44.074609,31.73,8.31,0.03,49.19,452,0.0044
2026-01-05 07:33:44.074609,24.31,1.11,0.005,37.48,602,0.006
2026-01-05 07:34:44.074609,28.93,3.95,0.083,58.63,373,0.0043
2026-01-05 07:35:44.074609,20.86,12.43,0.004,51.1,315,0.0092
2026-01-05 07:36:44.074609,27.75,2.68,0.018,37.75,442,0.0153
2026-01-05 07:37:44.074609,31.35,2.99,0.004,37.89,378,0.0122
2026-01-05 07:38:44.074609,29.68,6.2,0.02,27.24,548,0.0008
2026-01-05 07:39:44.074609,35.5,2.84,0.026,39.19,433,0.0038
2026-01-05 07:40:44.074609,15.64,3.84,0.003,40.21,545,0.01
2026-01-05 07:41:44.074609,35.79,6.25,0.011,42.24,399,0.0013
2026-01-05 07:42:44.074609,30.67,8.99,0.009,40.28,465,0.0064
2026-01-05 07:43:44.074609,26.45,3.34,0.027,48.39,581,0.0082
2026-01-05 07:44:44.074609,17.3,2.34,0.095,49.27,626,0.0054
2026-01-05 07:45:44.074609,23.35,5.25,0.039,47.39,512,0.0016
2026-01-05 07:46:44.074609,29.79,2.95,0.003,45.13,668,0.0046
2026-01-05 07:47:44.074609,19.73,6.11,0.106,48.5,394,0.0021
2026-01-05 07:48:44.074609,33.2,3.94,0.033,37.52,532,0.0015
2026-01-05 07:49:44.074609,20.16,3.9,0.023,37.42,608,0.0021
2026-01-05 07:50:44.074609,31.57,8.57,0.077,52.53,523,0.0031
2026-01-05 07:51:44.074609,23.03,2.83,0.035,43.47,438,0.0003
2026-01-05 07:52:44.074609,28.41,2.63,0.01,52.58,616,0.0039
2026-01-05 07:53:44.074609,33.23,7.05,0.002,39.01,493,0.0333
2026-01-05 07:54:44.074609,32.15,3.32,0.013,36.24,672,0.0358
2026-01-05 07:55:44.074609,25.52,4.06,0.19,32.53,416,0.0062
2026-01-05 07:56:44.074609,18.72,1.87,0.085,47.71,446,0.0076
2026-01-05 07:57:44.074609,27.25,6.31,0.029,28.75,431,0.0268
2026-01-05 07:58:44.074609,33.65,3.88,0.029,29.87,727,0.0236
2026-01-05 07:59:44.074609,22.28,3.73,0.049,43.99,299,0.0067
2026-01-05 08:00:44.074609,23.27,7.91,0.196,27.89,497,0.0046
2026-01-05 08:01:44.074609,18.41,1.98,0.013,32.42,415,0.0123
2026-01-05 08:02:44.074609,33.11,2.38,0.081,41.92,470,0.0114
2026-01-05 08:03:44.074609,25.7,8.96,0.081,39.97,537,0.0084
2026-01-05 08:04:44.074609,26.79,1.22,0.061,68.95,623,0.0513
2026-01-05 08:05:44.074609,29.86,2.84,0.016,35.51,607,0.0194
2026-01-05 08:06:44.074609,34.28,7.33,0.041,48.41,299,0.0045
2026-01-05 08:07:44.074609,29.7,4.22,0.045,27.76,493,0.0047
2026-01-05 08:08:44.074609,28.28,4.3,0.046,51.78,450,0.0201
2026-01-05 08:09:44.074609,24.46,1.69,0.01,42.0,423,0.0065
2026-01-05 08:10:44.074609,23.32,2.16,0.041,55.65,447,0.0301
2026-01-05 08:11:44.074609,24.42,1.82,0.005,43.81,626,0.0073
2026-01-05 08:12:44.074609,20.07,1.83,0.073,41.48,452,0.0113
2026-01-05 08:13:44.074609,30.82,12.31,0.089,34.78,507,0.0055
2026-01-05 08:14:44.074609,20.7,15.36,0.167,39.08,399,0.0044
2026-01-05 08:15:44.074609,31.63,2.2,0.085,40.47,630,0.0076
2026-01-05 08:16:44.074609,22.28,5.63,0.008,57.49,563,0.0143
2026-01-05 08:17:44.074609,25.72,2.11,0.019,23.66,544,0.0239
2026-01-05 08:18:44.074609,24.94,1.26,0.008,45.52,343,0.0157
2026-01-05 08:19:44.074609,28.59,1.49,0.178,38.81,497,0.0018
2026-01-05 08:20:44.074609,22.13,3.75,0.013,51.57,623,0.0085
2026-01-05 08:21:44.074609,27.51,1.94,0.048,58.12,511,0.0099
2026-01-05 08:22:44.074609,30.26,9.19,0.036,30.34,518,0.006
2026-01-05 08:23:44.074609,24.76,1.71,0.019,39.09,526,0.0025
2026-01-05 08:24:44.074609,25.75,2.62,0.001,47.91,528,0.0053
2026-01-05 08:25:44.074609,33.88,7.91,0.017,48.74,433,0.0149
2026-01-05 08:26:44.074609,25.85,1.97,0.033,45.71,512,0.0005
2026-01-05 08:27:44.074609,37.02,1.51,0.103,49.13,535,0.0042
2026-01-05 08:28:44.074609,28.87,1.97,0.008,43.15,477,0.0148
2026-01-05 08:29:44.074609,27.89,3.49,0.255,45.89,359,0.0014
2026-01-05 08:30:44.074609,15.06,1.1,0.019,44.33,369,0.0016
2026-01-05 08:31:44.074609,33.5,6.42,0.054,52.26,407,0.0027
2026-01-05 08:32:44.074609,24.99,6.51,0.06,40.28,495,0.0031
2026-01-05 08:33:44.074609,28.02,2.72,0.019,62.64,540,0.0231
2026-01-05 08:34:44.074609,28.02,1.09,0.033,46.29,293,0.0093
2026-01-05 08:35:44.074609,30.82,2.93,0.241,38.56,611,0.0087
2026-01-05 08:36:44.074609,33.48,11.72,0.027,53.25,483,0.0077
2026-01-05 08:37:44.074609,34.82,3.9,0.018,36.1,418,0.0007
2026-01-05 08:38:44.074609,18.83,9.57,0.01,50.38,387,0.0129
2026-01-05 08:39:44.074609,23.44,7.2,0.039,58.98,632,0.0028
2026-01-05 08:40:44.074609,26.06,6.9,0.039,44.49,506,0.0275
2026-01-05 08:41:44.074609,32.78,2.64,0.157,60.25,492,0.0152
2026-01-05 08:42:44.074609,11.24,2.01,0.017,40.5,533,0.0173
2026-01-05 08:43:44.074609,31.29,1.78,0.077,67.09,492,0.0049
2026-01-05 08:44:44.074609,35.21,1.85,0.07,33.14,556,0.0158
2026-01-05 08:45:44.074609,30.45,15.31,0.014,49.14,535,0.001
2026-01-05 08:46:44.074609,26.97,3.23,0.035,28.8,602,0.026
2026-01-05 08:47:44.074609,32.15,3.06,0.016,32.02,705,0.0153
2026-01-05 08:48:44.074609,34.15,1.25,0.063,50.12,428,0.0015
2026-01-05 08:49:44.074609,30.27,2.46,0.022,54.26,492,0.0027
2026-01-05 08:50:44.074609,21.82,17.82,0.044,49.34,409,0.0478
2026-01-05 08:51:44.074609,22.46,2.04,0.005,67.58,529,0.014
2026-01-05 08:52:44.074609,19.21,7.31,0.079,48.24,455,0.0087
2026-01-05 08:53:44.074609,41.25,1.02,0.004,34.38,370,0.0079
2026-01-05 08:54:44.074609,28.07,2.31,0.119,56.28,551,0.0014
2026-01-05 08:55:44.074609,30.1,3.33,0.01,47.0,685,0.0147
2026-01-05 08:56:44.074609,28.82,3.23,0.012,53.15,440,0.0043
2026-01-05 08:57:44.074609,31.89,7.2,0.025,40.88,314,0.0036
2026-01-05 08:58:44.074609,25.07,7.82,0.02,62.54,508,0.0024
2026-01-05 08:59:44.074609,23.37,4.19,0.085,31.98,391,0.0059
2026-01-05 09:00:44.074609,28.26,1.41,0.005,50.29,510,0.0182
2026-01-05 09:01:44.074609,31.58,7.82,0.07,53.97,354,0.0011
2026-01-05 09:02:44.074609,34.99,2.85,0.129,32.36,533,0.0105
2026-01-05 09:03:44.074609,31.67,1.53,0.062,44.39,604,0.0003
2026-01-05 09:04:44.074609,28.5,1.39,0.021,35.88,713,0.0023
2026-01-05 09:05:44.074609,35.57,3.23,0.005,64.63,515,0.0031
2026-01-05 09:06:44.074609,31.45,4.49,0.019,23.61,507,0.0212
2026-01-05 09:07:44.074609,20.87,6.01,0.026,48.33,410,0.0234
2026-01-05 09:08:44.074609,39.73,1.11,0.065,57.94,631,0.0053
2026-01-05 09:09:44.074609,20.83,3.83,0.077,42.9,376,0.0015
2026-01-05 09:10:44.074609,33.74,5.74,0.02,45.55,463,0.0028
2026-01-05 09:11:44.074609,26.6,2.71,0.015,46.56,548,0.0157
2026-01-05 09:12:44.074609,37.82,2.84,0.0,62.1,365,0.0235
2026-01-05 09:13:44.074609,21.93,1.76,0.087,35.3,438,0.001
2026-01-05 09:14:44.074609,26.51,1.48,0.115,53.1,485,0.017
2026-01-05 09:15:44.074609,24.72,1.95,0.041,53.01,529,0.0005
2026-01-05 09:16:44.074609,12.83,11.68,0.003,50.39,402,0.0017
2026-01-05 09:17:44.074609,27.44,2.73,0.032,27.32,365,0.0014
2026-01-05 09:18:44.074609,30.68,7.33,0.05,36.66,546,0.0348
2026-01-05 09:19:44.074609,33.13,2.62,0.038,42.97,611,0.0038
2026-01-05 09:20:44.074609,20.4,1.76,0.004,43.51,465,0.0133
2026-01-05 09:21:44.074609,23.89,8.07,0.051,35.38,670,0.0125
2026-01-05 09:22:44.074609,40.7,7.34,0.048,35.48,481,0.0156
2026-01-05 09:23:44.074609,29.63,3.25,0.024,38.64,634,0.0283
2026-01-05 09:24:44.074609,30.56,1.92,0.147,48.57,570,0.0004
2026-01-05 09:25:44.074609,36.05,9.53,0.042,49.72,565,0.0033
2026-01-05 09:26:44.074609,32.7,1.5,0.069,37.37,420,0.0103
2026-01-05 09:27:44.074609,29.65,7.49,0.012,58.72,573,0.0177
2026-01-05 09:28:44.074609,20.24,3.33,0.001,54.98,556,0.0032
2026-01-05 09:29:44.074609,27.65,1.13,0.027,38.25,411,0.0012
2026-01-05 09:30:44.074609,26.1,6.26,0.002,54.54,557,0.0014
2026-01-05 09:31:44.074609,30.42,2.14,0.032,33.56,483,0.0097
2026-01-05 09:32:44.074609,28.33,9.56,0.003,45.86,431,0.0322
2026-01-05 09:33:44.074609,23.78,1.31,0.022,33.84,488,0.0081
2026-01-05 09:34:44.074609,24.79,12.07,0.085,39.67,563,0.0009
2026-01-05 09:35:44.074609,30.26,3.18,0.006,69.46,380,0.0055
2026-01-05 09:36:44.074609,27.38,1.19,0.097,49.01,557,0.0405
2026-01-05 09:37:44.074609,28.35,6.68,0.007,40.11,321,0.0057
2026-01-05 09:38:44.074609,35.34,8.31,0.039,56.52,583,0.012
2026-01-05 09:39:44.074609,17.93,2.01,0.066,41.95,621,0.0106
2026-01-05 09:40:44.074609,37.46,5.47,0.069,42.22,419,0.0031
2026-01-05 09:41:44.074609,23.59,5.31,0.006,45.62,587,0.0005
2026-01-05 09:42:44.074609,23.6,4.24,0.129,59.86,582,0.0157
2026-01-05 09:43:44.074609,29.78,2.11,0.014,30.8,535,0.0158
2026-01-05 09:44:44.074609,20.4,7.26,0.028,59.73,400,0.0152
2026-01-05 09:45:44.074609,22.82,3.29,0.029,34.65,504,0.0012
2026-01-05 09:46:44.074609,37.86,1.54,0.116,54.02,613,0.0092
2026-01-05 09:47:44.074609,30.26,1.38,0.036,45.02,461,0.0053
2026-01-05 09:48:44.074609,27.78,5.58,0.032,48.36,587,0.0145
2026-01-05 09:49:44.074609,30.85,5.15,0.059,54.79,713,0.0021
2026-01-05 09:50:44.074609,36.39,6.27,0.019,28.66,523,0.0119
2026-01-05 09:51:44.074609,33.67,3.02,0.011,64.8,393,0.0289
2026-01-05 09:52:44.074609,17.99,2.66,0.044,45.36,581,0.0029
2026-01-05 09:53:44.074609,19.29,4.76,0.018,30.73,554,0.0041
2026-01-05 09:54:44.074609,29.27,1.44,0.051,50.31,282,0.0101
2026-01-05 09:55:44.074609,31.52,2.53,0.018,43.41,453,0.0077
2026-01-05 09:56:44.074609,25.38,1.14,0.048,65.92,429,0.0033
2026-01-05 09:57:44.074609,26.06,4.04,0.145,49.63,386,0.0007
2026-01-05 09:58:44.074609,25.67,10.89,0.072,47.35,549,0.0042
2026-01-05 09:59:44.074609,13.79,3.59,0.006,42.5,601,0.0011
2026-01-05 10:00:44.074609,22.46,1.44,0.036,80.0,1365,0.0003
2026-01-05 10:01:44.074609,33.64,7.74,0.033,76.51,1302,0.0021
2026-01-05 10:02:44.074609,32.13,3.01,0.051,80.0,1040,0.0122
2026-01-05 10:03:44.074609,26.11,1.03,0.023,80.0,1557,0.0043
2026-01-05 10:04:44.074609,23.57,5.77,0.11,80.0,1562,0.0009
2026-01-05 10:05:44.074609,24.27,10.68,0.042,65.08,1553,0.0084
2026-01-05 10:06:44.074609,35.04,3.74,0.014,80.0,1199,0.0189
2026-01-05 10:07:44.074609,38.94,2.1,0.03,57.17,1415,0.0068
2026-01-05 10:08:44.074609,26.61,3.38,0.002,80.0,1376,0.0048
2026-01-05 10:09:44.074609,23.25,1.77,0.095,58.01,1733,0.0095
2026-01-05 10:10:44.074609,23.47,3.8,0.041,80.0,1367,0.0054
2026-01-05 10:11:44.074609,26.3,1.29,0.033,80.0,1319,0.0111
2026-01-05 10:12:44.074609,35.89,1.51,0.03,80.0,1131,0.0015
2026-01-05 10:13:44.074609,36.68,7.69,0.096,80.0,1391,0.0164
2026-01-05 10:14:44.074609,30.25,6.71,0.135,80.0,1062,0.0083
2026-01-05 10:15:44.074609,38.79,1.19,0.002,80.0,968,0.0127
2026-01-05 10:16:44.074609,27.9,9.87,0.054,80.0,1263,0.0106
2026-01-05 10:17:44.074609,34.7,11.0,0.016,80.0,1096,0.0007
2026-01-05 10:18:44.074609,24.31,7.2,0.132,80.0,1412,0.011
2026-01-05 10:19:44.074609,40.5,6.43,0.083,78.13,1231,0.0051
2026-01-05 10:20:44.074609,26.07,5.18,0.035,80.0,1008,0.0064
2026-01-05 10:21:44.074609,34.31,1.36,0.001,80.0,1200,0.0077
2026-01-05 10:22:44.074609,29.95,3.94,0.03,80.0,1174,0.0068
2026-01-05 10:23:44.074609,20.11,1.75,0.004,80.0,1048,0.0003
2026-01-05 10:24:44.074609,39.05,3.13,0.038,80.0,1206,0.0141
2026-01-05 10:25:44.074609,25.69,2.44,0.008,80.0,1392,0.0009
2026-01-05 10:26:44.074609,40.32,2.42,0.117,63.92,1117,0.0103
2026-01-05 10:27:44.074609,31.97,4.32,0.097,76.64,1019,0.0146
2026-01-05 10:28:44.074609,40.84,7.86,0.032,80.0,872,0.0161
2026-01-05 10:29:44.074609,27.96,4.03,0.056,80.0,1151,0.0009
2026-01-05 10:30:44.074609,38.92,3.42,0.006,80.0,635,0.0109
2026-01-05 10:31:44.074609,27.71,1.87,0.011,80.0,1071,0.0012
2026-01-05 10:32:44.074609,30.75,6.03,0.145,80.0,1117,0.0011
2026-01-05 10:33:44.074609,30.15,6.36,0.013,80.0,1062,0.0009
2026-01-05 10:34:44.074609,33.44,1.43,0.083,80.0,1366,0.0049
2026-01-05 10:35:44.074609,26.35,8.62,0.123,80.0,1770,0.0106
2026-01-05 10:36:44.074609,36.47,1.9,0.023,62.22,1408,0.0169
2026-01-05 10:37:44.074609,39.09,1.54,0.041,78.52,1041,0.0097
2026-01-05 10:38:44.074609,28.04,4.05,0.205,80.0,1767,0.0244
2026-01-05 10:39:44.074609,32.43,3.15,0.142,80.0,1621,0.0009
2026-01-05 10:40:44.074609,36.34,4.8,0.015,80.0,1666,0.0056
2026-01-05 10:41:44.074609,25.3,2.64,0.09,80.0,1313,0.0005
2026-01-05 10:42:44.074609,33.86,1.25,0.058,80.0,1046,0.0052
2026-01-05 10:43:44.074609,30.46,3.49,0.008,80.0,1813,0.001
2026-01-05 10:44:44.074609,33.83,4.28,0.048,80.0,537,0.0033
2026-01-05 10:45:44.074609,23.77,4.34,0.001,80.0,1068,0.0278
2026-01-05 10:46:44.074609,27.15,1.47,0.111,80.0,1036,0.0039
2026-01-05 10:47:44.074609,27.01,3.67,0.067,80.0,741,0.009
2026-01-05 10:48:44.074609,39.91,3.76,0.012,80.0,1404,0.0067
2026-01-05 10:49:44.074609,25.84,3.85,0.003,80.0,1138,0.0149
2026-01-05 10:50:44.074609,28.2,2.78,0.032,80.0,1458,0.0
2026-01-05 10:51:44.074609,33.35,1.01,0.003,80.0,1441,0.0106
2026-01-05 10:52:44.074609,28.27,2.77,0.029,64.35,1163,0.021
2026-01-05 10:53:44.074609,27.21,2.88,0.137,80.0,1073,0.0057
2026-01-05 10:54:44.074609,34.04,2.02,0.217,80.0,1215,0.0053
2026-01-05 10:55:44.074609,37.0,1.77,0.002,71.21,1180,0.0043
2026-01-05 10:56:44.074609,28.01,6.4,0.016,80.0,1525,0.0034
2026-01-05 10:57:44.074609,20.36,1.1,0.432,80.0,1067,0.0002
2026-01-05 10:58:44.074609,38.67,4.06,0.217,80.0,1310,0.0051
2026-01-05 10:59:44.074609,38.75,1.27,0.007,80.0,1473,0.0022
2026-01-05 11:00:44.074609,34.17,2.63,0.048,80.0,1553,0.001
2026-01-05 11:01:44.074609,37.54,7.08,0.044,80.0,1634,0.0015
2026-01-05 11:02:44.074609,30.5,11.81,0.022,80.0,1097,0.0034
2026-01-05 11:03:44.074609,20.73,1.64,0.083,80.0,1241,0.0048
2026-01-05 11:04:44.074609,20.09,3.54,0.079,74.16,1856,0.0684
2026-01-05 11:05:44.074609,28.66,2.94,0.014,80.0,1406,0.0335
2026-01-05 11:06:44.074609,34.15,3.5,0.056,80.0,986,0.0043
2026-01-05 11:07:44.074609,32.43,4.89,0.087,80.0,1047,0.027
2026-01-05 11:08:44.074609,29.46,9.37,0.029,80.0,1196,0.0123
2026-01-05 11:09:44.074609,33.7,1.61,0.013,68.62,922,0.0163
2026-01-05 11:10:44.074609,26.03,3.08,0.016,80.0,1234,0.0005
2026-01-05 11:11:44.074609,27.5,2.94,0.092,80.0,888,0.0206
2026-01-05 11:12:44.074609,23.54,7.0,0.106,80.0,1273,0.0171
2026-01-05 11:13:44.074609,42.6,1.39,0.04,80.0,1025,0.0013
2026-01-05 11:14:44.074609,25.1,2.33,0.033,72.15,1457,0.0157
2026-01-05 11:15:44.074609,45.21,1.98,0.084,80.0,1494,0.0017
2026-01-05 11:16:44.074609,33.34,2.44,0.006,80.0,918,0.0225
2026-01-05 11:17:44.074609,19.24,5.12,0.001,80.0,1573,0.0088
2026-01-05 11:18:44.074609,20.84,3.81,0.012,80.0,1199,0.0365
2026-01-05 11:19:44.074609,37.83,1.83,0.023,78.26,1251,0.0189
2026-01-05 11:20:44.074609,40.41,3.97,0.05,80.0,1354,0.0017
2026-01-05 11:21:44.074609,26.59,1.35,0.012,80.0,1776,0.0093
2026-01-05 11:22:44.074609,42.3,3.63,0.034,80.0,1151,0.0055
2026-01-05 11:23:44.074609,33.1,1.37,0.04,73.35,1229,0.003
2026-01-05 11:24:44.074609,32.45,2.78,0.048,80.0,1115,0.0022
2026-01-05 11:25:44.074609,31.31,1.37,0.06,80.0,1350,0.0064
2026-01-05 11:26:44.074609,28.63,3.51,0.01,80.0,1000,0.0029
2026-01-05 11:27:44.074609,28.57,1.78,0.079,53.01,1223,0.025
2026-01-05 11:28:44.074609,35.48,7.43,0.009,80.0,925,0.0075
2026-01-05 11:29:44.074609,23.21,2.69,0.059,80.0,1310,0.0261
2026-01-05 11:30:44.074609,28.29,5.33,0.011,80.0,1030,0.0313
2026-01-05 11:31:44.074609,32.83,1.46,0.063,80.0,1328,0.0097
2026-01-05 11:32:44.074609,46.37,9.61,0.049,80.0,916,0.0212
2026-01-05 11:33:44.074609,31.96,4.97,0.054,80.0,1266,0.0052
2026-01-05 11:34:44.074609,30.43,9.49,0.177,80.0,1236,0.0037
2026-01-05 11:35:44.074609,28.04,1.47,0.1,80.0,1270,0.0042
2026-01-05 11:36:44.074609,37.29,2.8,0.102,80.0,1010,0.0154
2026-01-05 11:37:44.074609,34.64,1.79,0.07,80.0,1079,0.007
2026-01-05 11:38:44.074609,33.97,5.26,0.011,80.0,1224,0.0037
2026-01-05 11:39:44.074609,31.42,1.46,0.024,74.68,1485,0.012
2026-01-05 11:40:44.074609,25.88,1.3,0.153,80.0,1603,0.0065
2026-01-05 11:41:44.074609,37.07,2.44,0.037,80.0,1557,0.0315
2026-01-05 11:42:44.074609,34.45,2.74,0.016,76.97,1445,0.0239
2026-01-05 11:43:44.074609,33.1,1.85,0.056,80.0,1396,0.0033
2026-01-05 11:44:44.074609,34.09,1.08,0.036,80.0,1360,0.0055
2026-01-05 11:45:44.074609,26.91,1.98,0.142,80.0,1573,0.0143
2026-01-05 11:46:44.074609,38.06,2.25,0.041,80.0,1120,0.0091
2026-01-05 11:47:44.074609,33.63,3.61,0.034,80.0,1270,0.0058
2026-01-05 11:48:44.074609,34.98,2.34,0.016,80.0,1301,0.0252
2026-01-05 11:49:44.074609,34.68,2.1,0.013,80.0,1631,0.013
2026-01-05 11:50:44.074609,33.33,1.8,0.02,80.0,1414,0.0125
2026-01-05 11:51:44.074609,36.57,2.33,0.026,80.0,1086,0.0055
2026-01-05 11:52:44.074609,28.95,1.05,0.03,80.0,1149,0.0068
2026-01-05 11:53:44.074609,45.17,6.15,0.306,79.6,1073,0.0138
2026-01-05 11:54:44.074609,35.6,3.31,0.03,80.0,1340,0.0114
2026-01-05 11:55:44.074609,27.12,2.04,0.003,80.0,1285,0.0021
2026-01-05 11:56:44.074609,28.87,8.71,0.092,80.0,867,0.004
2026-01-05 11:57:44.074609,35.47,8.48,0.083,80.0,1497,0.0072
2026-01-05 11:58:44.074609,33.49,1.6,0.058,80.0,1025,0.001
2026-01-05 11:59:44.074609,27.75,9.43,0.098,79.37,884,0.0002
2026-01-05 12:00:44.074609,33.69,1.27,0.062,80.0,1088,0.0047
2026-01-05 12:01:44.074609,28.7,9.68,0.028,80.0,1292,0.006
2026-01-05 12:02:44.074609,22.47,5.64,0.137,80.0,1528,0.0024
2026-01-05 12:03:44.074609,29.96,5.41,0.228,80.0,1079,0.012
2026-01-05 12:04:44.074609,47.63,1.65,0.033,80.0,1125,0.0094
2026-01-05 12:05:44.074609,40.62,7.19,0.012,80.0,1101,0.0099
2026-01-05 12:06:44.074609,39.07,6.7,0.015,80.0,1867,0.0156
2026-01-05 12:07:44.074609,37.66,2.02,0.061,80.0,1019,0.0048
2026-01-05 12:08:44.074609,45.3,2.21,0.0,80.0,1341,0.0025
2026-01-05 12:09:44.074609,36.89,5.28,0.0,80.0,1182,0.0033
2026-01-05 12:10:44.074609,31.11,2.72,0.112,80.0,1600,0.0067
2026-01-05 12:11:44.074609,27.68,3.86,0.015,80.0,1138,0.0191
2026-01-05 12:12:44.074609,31.13,1.15,0.013,80.0,876,0.0127
2026-01-05 12:13:44.074609,35.28,6.34,0.056,80.0,1084,0.0089
2026-01-05 12:14:44.074609,39.86,5.91,0.009,80.0,1123,0.0076
2026-01-05 12:15:44.074609,23.99,1.1,0.001,80.0,1132,0.0002
2026-01-05 12:16:44.074609,28.84,1.79,0.02,80.0,1089,0.0138
2026-01-05 12:17:44.074609,32.72,3.21,0.007,80.0,1158,0.0019
2026-01-05 12:18:44.074609,32.57,1.48,0.14,80.0,1666,0.0173
2026-01-05 12:19:44.074609,34.66,5.75,0.052,80.0,1094,0.0007
2026-01-05 12:20:44.074609,26.75,1.75,0.021,80.0,1366,0.0001
2026-01-05 12:21:44.074609,30.7,13.21,0.109,80.0,1303,0.0016
2026-01-05 12:22:44.074609,31.18,3.56,0.021,80.0,1187,0.0089
2026-01-05 12:23:44.074609,36.03,3.26,0.078,80.0,1233,0.0018
2026-01-05 12:24:44.074609,40.47,1.14,0.013,80.0,1158,0.0025
2026-01-05 12:25:44.074609,31.55,1.41,0.068,80.0,1557,0.0214
2026-01-05 12:26:44.074609,23.78,1.27,0.225,80.0,1288,0.0038
2026-01-05 12:27:44.074609,32.69,2.02,0.141,80.0,1422,0.0219
2026-01-05 12:28:44.074609,36.52,5.41,0.017,80.0,1320,0.002
2026-01-05 12:29:44.074609,29.43,1.65,0.005,80.0,1343,0.0016
2026-01-05 12:30:44.074609,33.74,4.67,0.049,80.0,1062,0.0029
2026-01-05 12:31:44.074609,25.61,1.98,0.001,80.0,1303,0.0064
2026-01-05 12:32:44.074609,33.39,9.59,0.017,80.0,1518,0.0038
2026-01-05 12:33:44.074609,33.89,2.04,0.004,80.0,1567,0.0011
2026-01-05 12:34:44.074609,26.91,4.35,0.11,80.0,1189,0.0005
2026-01-05 12:35:44.074609,38.1,2.77,0.011,80.0,730,0.0062
2026-01-05 12:36:44.074609,36.88,3.31,0.038,80.0,991,0.0002
2026-01-05 12:37:44.074609,31.13,3.34,0.016,80.0,1471,0.0043
2026-01-05 12:38:44.074609,49.04,4.16,0.158,80.0,1237,0.0028
2026-01-05 12:39:44.074609,35.65,4.06,0.112,80.0,1090,0.0009
2026-01-05 12:40:44.074609,23.17,4.89,0.093,69.27,965,0.0107
2026-01-05 12:41:44.074609,29.93,2.37,0.037,80.0,884,0.0078
2026-01-05 12:42:44.074609,30.52,8.81,0.001,80.0,1623,0.0258
2026-01-05 12:43:44.074609,39.23,5.41,0.016,80.0,1377,0.0058
2026-01-05 12:44:44.074609,46.9,1.25,0.017,80.0,1011,0.0253
2026-01-05 12:45:44.074609,34.63,1.49,0.009,80.0,1007,0.0371
2026-01-05 12:46:44.074609,26.87,2.35,0.072,80.0,1556,0.0115
2026-01-05 12:47:44.074609,29.8,11.26,0.009,80.0,1569,0.0109
2026-01-05 12:48:44.074609,28.11,4.0,0.096,63.1,1442,0.0005
2026-01-05 12:49:44.074609,42.65,8.54,0.048,80.0,1178,0.0097
2026-01-05 12:50:44.074609,33.85,2.35,0.032,80.0,1411,0.0027
2026-01-05 12:51:44.074609,24.07,5.55,0.034,80.0,1410,0.0071
2026-01-05 12:52:44.074609,27.21,1.88,0.023,80.0,1369,0.0127
2026-01-05 12:53:44.074609,16.99,5.78,0.094,80.0,1205,0.0071
2026-01-05 12:54:44.074609,29.11,2.14,0.077,80.0,1185,0.0096
2026-01-05 12:55:44.074609,25.28,1.61,0.015,80.0,1043,0.0116
2026-01-05 12:56:44.074609,40.28,3.17,0.008,80.0,1248,0.0035
2026-01-05 12:57:44.074609,24.16,1.44,0.022,80.0,1596,0.0062
2026-01-05 12:58:44.074609,27.57,1.25,0.05,61.57,1156,0.0162
2026-01-05 12:59:44.074609,28.28,8.95,0.072,62.01,1284,0.0037
2026-01-05 13:00:44.074609,26.58,3.13,0.068,80.0,1248,0.0075
2026-01-05 13:01:44.074609,31.12,2.95,0.052,80.0,949,0.0269
2026-01-05 13:02:44.074609,31.38,4.15,0.019,80.0,1020,0.0082
2026-01-05 13:03:44.074609,27.53,3.49,0.019,80.0,1028,0.0126
2026-01-05 13:04:44.074609,36.82,2.73,0.05,80.0,1125,0.0004
2026-01-05 13:05:44.074609,36.9,4.12,0.011,80.0,1281,0.004
2026-01-05 13:06:44.074609,19.81,1.01,0.002,80.0,1277,0.0263
2026-01-05 13:07:44.074609,40.99,1.4,0.131,80.0,1620,0.0034
2026-01-05 13:08:44.074609,30.83,5.11,0.074,80.0,689,0.0062
2026-01-05 13:09:44.074609,35.63,2.24,0.023,77.62,1302,0.0107
2026-01-05 13:10:44.074609,25.67,5.26,0.117,80.0,1440,0.0027
2026-01-05 13:11:44.074609,35.69,1.93,0.094,80.0,1152,0.0043
2026-01-05 13:12:44.074609,25.43,3.46,0.031,80.0,824,0.0054
2026-01-05 13:13:44.074609,36.17,5.69,0.033,80.0,1375,0.0006
2026-01-05 13:14:44.074609,44.46,2.65,0.0,80.0,1780,0.0014
2026-01-05 13:15:44.074609,37.1,2.25,0.202,80.0,1160,0.0052
2026-01-05 13:16:44.074609,39.1,10.26,0.023,80.0,1623,0.0022
2026-01-05 13:17:44.074609,30.94,3.52,0.008,80.0,1180,0.0072
2026-01-05 13:18:44.074609,29.83,5.48,0.066,80.0,1136,0.0011
2026-01-05 13:19:44.074609,36.35,1.03,0.005,80.0,951,0.0003
2026-01-05 13:20:44.074609,33.82,2.89,0.02,80.0,1373,0.0095
2026-01-05 13:21:44.074609,29.13,4.63,0.004,66.77,1500,0.0052
2026-01-05 13:22:44.074609,27.99,3.94,0.005,80.0,1297,0.0198
2026-01-05 13:23:44.074609,39.67,6.62,0.001,75.66,1356,0.0049
2026-01-05 13:24:44.074609,29.72,4.68,0.008,80.0,1303,0.0126
2026-01-05 13:25:44.074609,28.84,1.55,0.049,62.81,970,0.0106
2026-01-05 13:26:44.074609,21.53,1.59,0.096,80.0,1644,0.0014
2026-01-05 13:27:44.074609,27.4,1.37,0.009,80.0,1356,0.0107
2026-01-05 13:28:44.074609,27.15,6.17,0.024,80.0,918,0.0051
2026-01-05 13:29:44.074609,24.9,2.08,0.019,80.0,1469,0.0171
2026-01-05 13:30:44.074609,37.03,5.31,0.071,80.0,1183,0.0143
2026-01-05 13:31:44.074609,31.84,2.3,0.037,80.0,1472,0.0008
2026-01-05 13:32:44.074609,36.34,5.9,0.051,80.0,1208,0.0071
2026-01-05 13:33:44.074609,28.74,1.04,0.121,80.0,1210,0.0023
2026-01-05 13:34:44.074609,27.96,5.05,0.061,80.0,1553,0.009
2026-01-05 13:35:44.074609,42.13,1.37,0.058,80.0,2070,0.0088
2026-01-05 13:36:44.074609,35.09,5.49,0.033,70.07,1104,0.0014
2026-01-05 13:37:44.074609,33.5,1.74,0.0,80.0,593,0.015
2026-01-05 13:38:44.074609,29.77,2.55,0.1,80.0,1059,0.0272
2026-01-05 13:39:44.074609,32.65,1.98,0.102,70.32,1048,0.001
2026-01-05 13:40:44.074609,39.46,4.3,0.065,80.0,991,0.0435
2026-01-05 13:41:44.074609,23.73,8.01,0.006,80.0,1062,0.0002
2026-01-05 13:42:44.074609,30.02,2.41,0.061,80.0,1227,0.0111
2026-01-05 13:43:44.074609,34.15,4.91,0.123,80.0,1451,0.0091
2026-01-05 13:44:44.074609,25.16,8.74,0.036,80.0,879,0.0025
2026-01-05 13:45:44.074609,30.26,7.69,0.011,74.82,1438,0.0041
2026-01-05 13:46:44.074609,28.41,10.84,0.016,80.0,1218,0.0485
2026-01-05 13:47:44.074609,30.55,4.43,0.244,80.0,1016,0.0202
2026-01-05 13:48:44.074609,29.89,2.94,0.217,80.0,1262,0.0068
2026-01-05 13:49:44.074609,24.16,4.09,0.158,80.0,1619,0.0051
2026-01-05 13:50:44.074609,37.16,3.48,0.039,80.0,1353,0.0109
2026-01-05 13:51:44.074609,31.38,8.01,0.144,80.0,1611,0.0053
2026-01-05 13:52:44.074609,26.45,1.4,0.108,80.0,1441,0.0002
2026-01-05 13:53:44.074609,30.64,1.23,0.01,80.0,1364,0.0036
2026-01-05 13:54:44.074609,25.89,1.41,0.125,80.0,895,0.0016
2026-01-05 13:55:44.074609,28.4,9.94,0.164,80.0,1371,0.0128
2026-01-05 13:56:44.074609,36.55,2.9,0.038,80.0,1448,0.001
2026-01-05 13:57:44.074609,23.6,2.64,0.017,80.0,941,0.0104
2026-01-05 13:58:44.074609,35.15,1.32,0.002,80.0,1388,0.011
2026-01-05 13:59:44.074609,29.04,6.03,0.044,80.0,1445,0.0054
2026-01-05 14:00:44.074609,39.4,2.04,0.056,74.34,943,0.0082
2026-01-05 14:01:44.074609,36.2,6.09,0.011,80.0,1153,0.0272
2026-01-05 14:02:44.074609,31.43,2.92,0.018,80.0,1266,0.0012
2026-01-05 14:03:44.074609,22.55,6.49,0.075,80.0,1667,0.005
2026-01-05 14:04:44.074609,24.91,3.54,0.237,80.0,1255,0.0138
2026-01-05 14:05:44.074609,32.76,1.53,0.038,80.0,1466,0.0024
2026-01-05 14:06:44.074609,32.81,7.26,0.136,80.0,1204,0.0318
2026-01-05 14:07:44.074609,41.19,3.41,0.012,77.66,1166,0.0023
2026-01-05 14:08:44.074609,32.03,9.68,0.153,80.0,1233,0.0055
2026-01-05 14:09:44.074609,26.31,1.45,0.107,80.0,936,0.0224
2026-01-05 14:10:44.074609,31.02,6.6,0.001,74.88,1369,0.0076
2026-01-05 14:11:44.074609,25.29,3.76,0.039,80.0,1029,0.0349
2026-01-05 14:12:44.074609,29.78,1.58,0.05,80.0,1114,0.001
2026-01-05 14:13:44.074609,35.41,2.0,0.038,80.0,1185,0.0132
2026-01-05 14:14:44.074609,29.23,1.11,0.006,80.0,1122,0.001
2026-01-05 14:15:44.074609,32.74,1.32,0.001,80.0,1278,0.0111
2026-01-05 14:16:44.074609,27.67,3.91,0.039,80.0,1166,0.004
2026-01-05 14:17:44.074609,31.17,1.92,0.112,80.0,1669,0.0052
2026-01-05 14:18:44.074609,34.44,7.54,0.125,74.01,1156,0.0104
2026-01-05 14:19:44.074609,32.05,10.25,0.021,80.0,1228,0.0106
2026-01-05 14:20:44.074609,17.21,2.05,0.129,80.0,1247,0.0013
2026-01-05 14:21:44.074609,33.94,4.88,0.029,80.0,1034,0.0024
2026-01-05 14:22:44.074609,34.3,8.01,0.02,61.29,1237,0.0551
2026-01-05 14:23:44.074609,36.9,7.61,0.054,80.0,1596,0.0021
2026-01-05 14:24:44.074609,37.32,5.51,0.144,80.0,1349,0.0039
2026-01-05 14:25:44.074609,23.54,10.23,0.009,80.0,1068,0.0085
2026-01-05 14:26:44.074609,38.75,1.14,0.011,80.0,1101,0.015
2026-01-05 14:27:44.074609,36.32,1.81,0.013,80.0,1362,0.0281
2026-01-05 14:28:44.074609,40.89,5.8,0.096,80.0,1376,0.0043
2026-01-05 14:29:44.074609,28.63,7.05,0.021,80.0,1475,0.0084
2026-01-05 14:30:44.074609,22.02,3.32,0.015,80.0,1502,0.0183
2026-01-05 14:31:44.074609,31.23,2.36,0.015,80.0,1354,0.0018
2026-01-05 14:32:44.074609,21.13,1.58,0.001,80.0,1407,0.0154
2026-01-05 14:33:44.074609,20.73,2.38,0.004,80.0,975,0.0144
2026-01-05 14:34:44.074609,34.07,1.63,0.013,80.0,1249,0.0009
2026-01-05 14:35:44.074609,39.93,1.64,0.103,80.0,985,0.0029
2026-01-05 14:36:44.074609,37.94,5.21,0.066,80.0,1011,0.0024
2026-01-05 14:37:44.074609,24.75,12.19,0.069,80.0,1069,0.0
2026-01-05 14:38:44.074609,36.91,1.18,0.04,80.0,1096,0.0005
2026-01-05 14:39:44.074609,32.86,1.34,0.073,80.0,1046,0.0021
2026-01-05 14:40:44.074609,37.44,6.05,0.02,79.15,1249,0.0111
2026-01-05 14:41:44.074609,29.38,7.66,0.073,80.0,973,0.0085
2026-01-05 14:42:44.074609,33.79,2.8,0.086,80.0,1162,0.0167
2026-01-05 14:43:44.074609,23.96,11.55,0.04,80.0,1227,0.041
2026-01-05 14:44:44.074609,32.06,6.08,0.149,80.0,897,0.001
2026-01-05 14:45:44.074609,28.63,10.09,0.055,80.0,1312,0.0135
2026-01-05 14:46:44.074609,30.61,8.12,0.131,80.0,1451,0.0568
2026-01-05 14:47:44.074609,38.64,6.59,0.01,80.0,854,0.0028
2026-01-05 14:48:44.074609,39.89,1.04,0.103,80.0,1593,0.0176
2026-01-05 14:49:44.074609,17.3,1.45,0.042,80.0,802,0.0092
2026-01-05 14:50:44.074609,34.14,2.74,0.082,80.0,1274,0.0073
2026-01-05 14:51:44.074609,31.58,3.45,0.023,80.0,1417,0.0025
2026-01-05 14:52:44.074609,30.29,1.39,0.089,70.85,1398,0.0057
2026-01-05 14:53:44.074609,46.78,6.16,0.025,80.0,1483,0.0186
2026-01-05 14:54:44.074609,34.33,1.88,0.022,80.0,1307,0.0156
2026-01-05 14:55:44.074609,32.91,2.73,0.092,80.0,1249,0.0022
2026-01-05 14:56:44.074609,33.22,2.85,0.096,80.0,1492,0.0005
2026-01-05 14:57:44.074609,11.38,1.27,0.079,80.0,1475,0.0011
2026-01-05 14:58:44.074609,22.89,6.91,0.067,80.0,911,0.0021
2026-01-05 14:59:44.074609,28.17,1.05,0.044,80.0,1347,0.0054
2026-01-05 15:00:44.074609,24.79,2.24,0.004,41.2,416,0.005
2026-01-05 15:01:44.074609,29.53,4.83,0.156,43.27,535,0.0119
2026-01-05 15:02:44.074609,30.36,7.03,0.058,50.24,389,0.0072
2026-01-05 15:03:44.074609,27.54,1.12,0.015,48.83,490,0.0002
2026-01-05 15:04:44.074609,27.77,2.96,0.401,54.92,534,0.0039
2026-01-05 15:05:44.074609,31.43,4.23,0.009,36.2,441,0.0141
2026-01-05 15:06:44.074609,21.75,1.12,0.026,35.09,549,0.0013
2026-01-05 15:07:44.074609,19.12,4.14,0.175,37.16,688,0.019
2026-01-05 15:08:44.074609,23.27,3.56,0.005,48.56,455,0.0026
2026-01-05 15:09:44.074609,17.42,2.09,0.077,62.59,582,0.0047
2026-01-05 15:10:44.074609,34.72,1.77,0.036,48.04,627,0.0351
2026-01-05 15:11:44.074609,32.4,2.22,0.035,50.13,564,0.0041
2026-01-05 15:12:44.074609,31.51,2.18,0.054,43.98,572,0.0044
2026-01-05 15:13:44.074609,29.23,2.47,0.003,51.77,412,0.0007
2026-01-05 15:14:44.074609,34.78,3.84,0.02,42.29,289,0.0126
2026-01-05 15:15:44.074609,25.3,2.66,0.003,42.87,503,0.0108
2026-01-05 15:16:44.074609,27.58,1.97,0.01,37.66,429,0.0038
2026-01-05 15:17:44.074609,28.97,1.19,0.081,53.95,427,0.0044
2026-01-05 15:18:44.074609,17.36,1.54,0.006,41.35,595,0.0025
2026-01-05 15:19:44.074609,24.47,3.75,0.014,44.85,666,0.0166
2026-01-05 15:20:44.074609,35.36,1.78,0.031,30.39,568,0.0141
2026-01-05 15:21:44.074609,31.61,4.59,0.048,61.66,241,0.0005
2026-01-05 15:22:44.074609,30.78,7.02,0.1,29.59,562,0.0003
2026-01-05 15:23:44.074609,21.31,1.92,0.06,39.94,524,0.0268
2026-01-05 15:24:44.074609,27.41,2.3,0.019,38.8,453,0.0062
2026-01-05 15:25:44.074609,34.27,1.81,0.067,37.01,570,0.0102
2026-01-05 15:26:44.074609,18.65,4.34,0.01,35.35,417,0.0086
2026-01-05 15:27:44.074609,27.69,1.27,0.021,36.92,420,0.0033
2026-01-05 15:28:44.074609,36.88,3.87,0.067,36.45,395,0.0102
2026-01-05 15:29:44.074609,31.34,2.86,0.019,47.65,486,0.0045
2026-01-05 15:30:44.074609,27.77,1.9,0.013,50.67,423,0.031
2026-01-05 15:31:44.074609,24.65,4.81,0.039,43.67,587,0.0236
2026-01-05 15:32:44.074609,34.74,1.45,0.009,43.84,286,0.026
2026-01-05 15:33:44.074609,31.52,2.45,0.134,36.18,453,0.0185
2026-01-05 15:34:44.074609,25.48,4.79,0.086,56.33,632,0.0087
2026-01-05 15:35:44.074609,24.94,1.43,0.039,59.6,434,0.0025
2026-01-05 15:36:44.074609,30.06,4.58,0.016,40.48,401,0.0056
2026-01-05 15:37:44.074609,15.29,8.31,0.054,41.18,363,0.007
2026-01-05 15:38:44.074609,20.1,1.1,0.131,52.22,398,0.015
2026-01-05 15:39:44.074609,25.48,3.31,0.004,48.6,493,0.0017
2026-01-05 15:40:44.074609,35.22,4.8,0.02,43.99,399,0.0027
2026-01-05 15:41:44.074609,26.71,3.55,0.148,49.67,337,0.0018
2026-01-05 15:42:44.074609,20.78,9.36,0.081,38.26,387,0.0246
2026-01-05 15:43:44.074609,40.48,4.13,0.072,60.62,545,0.0054
2026-01-05 15:44:44.074609,29.62,2.31,0.011,54.53,434,0.0006
2026-01-05 15:45:44.074609,15.93,1.09,0.053,50.06,592,0.0205
2026-01-05 15:46:44.074609,21.75,1.64,0.004,43.0,439,0.0058
2026-01-05 15:47:44.074609,21.16,2.87,0.0,44.35,434,0.0013
2026-01-05 15:48:44.074609,20.28,6.05,0.011,43.33,662,0.0065
2026-01-05 15:49:44.074609,25.29,1.25,0.02,46.28,340,0.0113
2026-01-05 15:50:44.074609,17.11,1.0,0.16,39.6,430,0.0236
2026-01-05 15:51:44.074609,25.5,3.19,0.006,29.58,528,0.0049
2026-01-05 15:52:44.074609,26.6,5.33,0.011,45.9,428,0.0173
2026-01-05 15:53:44.074609,28.09,2.04,0.006,54.33,377,0.0186
2026-01-05 15:54:44.074609,32.64,3.79,0.098,59.8,536,0.0035
2026-01-05 15:55:44.074609,25.31,3.81,0.038,45.03,582,0.0099
2026-01-05 15:56:44.074609,32.53,1.18,0.117,58.4,491,0.0063
2026-01-05 15:57:44.074609,20.34,5.08,0.015,58.99,413,0.0128
2026-01-05 15:58:44.074609,30.9,2.04,0.016,49.98,549,0.0118
2026-01-05 15:59:44.074609,22.42,2.09,0.02,34.66,392,0.0034
2026-01-05 16:00:44.074609,32.59,3.53,0.011,39.64,483,0.0305
2026-01-05 16:01:44.074609,32.24,3.26,0.013,40.5,560,0.0335
2026-01-05 16:02:44.074609,22.25,1.61,0.006,30.17,342,0.0164
2026-01-05 16:03:44.074609,23.53,8.6,0.023,44.49,621,0.0006
2026-01-05 16:04:44.074609,34.23,1.01,0.005,48.04,402,0.0095
2026-01-05 16:05:44.074609,22.68,6.71,0.054,50.92,624,0.0155
2026-01-05 16:06:44.074609,21.77,1.99,0.022,71.6,530,0.0035
2026-01-05 16:07:44.074609,32.12,2.71,0.098,31.51,397,0.0005
2026-01-05 16:08:44.074609,24.42,13.46,0.022,44.55,347,0.0034
2026-01-05 16:09:44.074609,30.73,1.23,0.036,31.53,566,0.0039
2026-01-05 16:10:44.074609,14.77,3.53,0.004,31.66,437,0.0058
2026-01-05 16:11:44.074609,36.63,3.97,0.027,32.13,532,0.034
2026-01-05 16:12:44.074609,20.6,1.62,0.004,39.24,344,0.0037
2026-01-05 16:13:44.074609,27.35,1.85,0.15,57.66,481,0.0139
2026-01-05 16:14:44.074609,26.87,2.13,0.065,37.29,577,0.0073
2026-01-05 16:15:44.074609,33.48,1.08,0.019,45.57,469,0.0015
2026-01-05 16:16:44.074609,29.97,3.58,0.018,58.21,486,0.0074
2026-01-05 16:17:44.074609,17.62,5.72,0.067,46.29,425,0.0155
2026-01-05 16:18:44.074609,21.44,2.33,0.026,34.56,458,0.0042
2026-01-05 16:19:44.074609,27.27,2.84,0.009,59.15,499,0.0053
2026-01-05 16:20:44.074609,25.66,1.97,0.23,58.2,453,0.0024
2026-01-05 16:21:44.074609,29.81,1.01,0.001,29.48,461,0.0075
2026-01-05 16:22:44.074609,24.75,4.48,0.019,51.71,445,0.0018
2026-01-05 16:23:44.074609,30.17,1.79,0.005,47.0,487,0.0026
2026-01-05 16:24:44.074609,17.69,15.83,0.002,64.9,300,0.0063
2026-01-05 16:25:44.074609,29.21,7.28,0.018,45.13,383,0.0124
2026-01-05 16:26:44.074609,25.78,1.75,0.069,49.93,478,0.0059
2026-01-05 16:27:44.074609,29.7,12.37,0.068,55.59,406,0.007
2026-01-05 16:28:44.074609,32.48,2.03,0.001,35.21,578,0.0051
2026-01-05 16:29:44.074609,22.59,1.21,0.021,38.59,508,0.0002
2026-01-05 16:30:44.074609,22.93,9.44,0.17,34.25,412,0.0011
2026-01-05 16:31:44.074609,28.5,3.83,0.113,53.49,543,0.0209
2026-01-05 16:32:44.074609,29.22,2.38,0.181,36.12,643,0.0058
2026-01-05 16:33:44.074609,21.77,6.26,0.008,59.03,472,0.0017
2026-01-05 16:34:44.074609,30.59,6.86,0.014,40.16,581,0.0272
2026-01-05 16:35:44.074609,26.91,1.23,0.02,36.81,612,0.0373
2026-01-05 16:36:44.074609,18.24,1.56,0.02,32.99,531,0.0124
2026-01-05 16:37:44.074609,30.61,3.98,0.023,43.79,577,0.0161
2026-01-05 16:38:44.074609,30.27,1.91,0.027,23.13,406,0.0037
2026-01-05 16:39:44.074609,23.35,1.41,0.016,40.65,288,0.0177
2026-01-05 16:40:44.074609,28.56,1.21,0.005,38.3,299,0.016
2026-01-05 16:41:44.074609,27.82,3.05,0.012,52.96,579,0.005
2026-01-05 16:42:44.074609,27.0,1.71,0.021,70.13,537,0.0057
2026-01-05 16:43:44.074609,30.17,4.28,0.099,59.83,469,0.0098
2026-01-05 16:44:44.074609,29.6,4.78,0.008,41.53,537,0.0161
2026-01-05 16:45:44.074609,30.24,1.48,0.024,38.02,456,0.0417
2026-01-05 16:46:44.074609,23.74,1.34,0.026,38.58,528,0.0012
2026-01-05 16:47:44.074609,29.62,8.2,0.087,35.53,504,0.0326
2026-01-05 16:48:44.074609,29.09,2.09,0.027,39.7,487,0.0177
2026-01-05 16:49:44.074609,22.25,11.03,0.054,31.97,393,0.005
2026-01-05 16:50:44.074609,28.18,1.11,0.072,48.22,385,0.012
2026-01-05 16:51:44.074609,35.16,5.33,0.01,30.97,650,0.0044
2026-01-05 16:52:44.074609,31.08,1.53,0.017,43.1,557,0.0011
2026-01-05 16:53:44.074609,27.42,2.28,0.092,34.15,492,0.0219
2026-01-05 16:54:44.074609,33.19,2.8,0.051,40.1,432,0.0139
2026-01-05 16:55:44.074609,26.52,8.88,0.058,43.42,408,0.0191
2026-01-05 16:56:44.074609,27.17,1.34,0.047,35.07,666,0.0242
2026-01-05 16:57:44.074609,39.21,13.99,0.044,55.3,454,0.0166
2026-01-05 16:58:44.074609,29.66,5.29,0.172,53.71,492,0.0102
2026-01-05 16:59:44.074609,22.12,2.3,0.055,44.09,471,0.0006
2026-01-05 17:00:44.074609,40.54,4.01,0.127,80.0,1248,0.0044
2026-01-05 17:01:44.074609,32.72,10.79,0.078,80.0,1415,0.0111
2026-01-05 17:02:44.074609,29.41,1.53,0.002,80.0,1106,0.0096
2026-01-05 17:03:44.074609,30.28,2.72,0.009,80.0,1305,0.0212
2026-01-05 17:04:44.074609,31.12,2.12,0.045,80.0,1251,0.0459
2026-01-05 17:05:44.074609,32.55,4.13,0.011,43.84,1089,0.0049
2026-01-05 17:06:44.074609,27.62,1.67,0.13,80.0,1325,0.0189
2026-01-05 17:07:44.074609,24.88,3.87,0.01,80.0,1334,0.0098
2026-01-05 17:08:44.074609,25.41,1.51,0.022,80.0,1170,0.0438
2026-01-05 17:09:44.074609,35.55,2.94,0.005,80.0,1016,0.0049
2026-01-05 17:10:44.074609,36.69,4.64,0.118,80.0,1245,0.0073
2026-01-05 17:11:44.074609,31.57,6.91,0.039,80.0,1328,0.0079
2026-01-05 17:12:44.074609,41.4,2.01,0.011,80.0,823,0.0166
2026-01-05 17:13:44.074609,29.05,3.41,0.027,80.0,1726,0.0033
2026-01-05 17:14:44.074609,36.97,8.55,0.137,80.0,1096,0.0003
2026-01-05 17:15:44.074609,24.53,4.32,0.093,80.0,1333,0.0091
2026-01-05 17:16:44.074609,33.13,2.96,0.006,80.0,846,0.02
2026-01-05 17:17:44.074609,31.13,5.62,0.073,80.0,895,0.0043
2026-01-05 17:18:44.074609,33.75,1.54,0.0,80.0,1200,0.0003
2026-01-05 17:19:44.074609,32.35,5.76,0.069,80.0,1461,0.0069
2026-01-05 17:20:44.074609,22.85,3.93,0.029,80.0,1254,0.004
2026-01-05 17:21:44.074609,29.59,3.23,0.004,75.98,1166,0.0053
2026-01-05 17:22:44.074609,39.46,4.23,0.074,80.0,1132,0.0213
2026-01-05 17:23:44.074609,38.47,13.64,0.04,80.0,1172,0.0004
2026-01-05 17:24:44.074609,25.9,6.68,0.001,80.0,1302,0.0001
2026-01-05 17:25:44.074609,33.42,1.23,0.048,71.7,1287,0.0158
2026-01-05 17:26:44.074609,36.91,2.36,0.044,70.14,998,0.013
2026-01-05 17:27:44.074609,25.76,2.37,0.102,75.13,1149,0.0219
2026-01-05 17:28:44.074609,24.23,1.05,0.148,80.0,1471,0.0106
2026-01-05 17:29:44.074609,31.4,1.31,0.096,80.0,1150,0.0207
2026-01-05 17:30:44.074609,27.49,1.89,0.068,80.0,1171,0.0026
2026-01-05 17:31:44.074609,20.27,1.86,0.019,80.0,1320,0.0076
2026-01-05 17:32:44.074609,30.56,2.86,0.035,80.0,1534,0.0064
2026-01-05 17:33:44.074609,34.78,2.27,0.069,80.0,1137,0.0064
2026-01-05 17:34:44.074609,22.86,1.55,0.004,80.0,770,0.0106
2026-01-05 17:35:44.074609,31.31,3.35,0.036,43.57,1203,0.0023
2026-01-05 17:36:44.074609,26.18,3.29,0.071,76.94,1351,0.0023
2026-01-05 17:37:44.074609,30.75,2.7,0.013,80.0,1103,0.0111
2026-01-05 17:38:44.074609,39.79,4.07,0.046,80.0,1174,0.0044
2026-01-05 17:39:44.074609,33.42,1.98,0.021,80.0,736,0.0042
2026-01-05 17:40:44.074609,33.68,1.85,0.007,80.0,1417,0.0007
2026-01-05 17:41:44.074609,31.49,4.86,0.025,80.0,868,0.0017
2026-01-05 17:42:44.074609,21.98,5.21,0.012,80.0,947,0.0
2026-01-05 17:43:44.074609,33.36,1.16,0.045,80.0,1062,0.0115
2026-01-05 17:44:44.074609,30.23,3.84,0.051,80.0,1467,0.0113
2026-01-05 17:45:44.074609,26.79,10.44,0.021,80.0,1494,0.007
2026-01-05 17:46:44.074609,36.4,1.41,0.016,80.0,854,0.003
2026-01-05 17:47:44.074609,20.1,1.0,0.023,80.0,1589,0.0003
2026-01-05 17:48:44.074609,34.56,1.9,0.212,80.0,1067,0.0071
2026-01-05 17:49:44.074609,33.3,11.17,0.109,80.0,1281,0.0038
2026-01-05 17:50:44.074609,43.5,2.32,0.021,80.0,756,0.0053
2026-01-05 17:51:44.074609,41.34,3.53,0.024,80.0,1558,0.0028
2026-01-05 17:52:44.074609,38.93,1.33,0.081,79.8,1280,0.003
2026-01-05 17:53:44.074609,35.6,9.71,0.031,80.0,1278,0.0029
2026-01-05 17:54:44.074609,29.68,2.17,0.011,80.0,1119,0.0086
2026-01-05 17:55:44.074609,32.53,4.01,0.108,80.0,1373,0.0116
2026-01-05 17:56:44.074609,28.0,4.48,0.128,80.0,1336,0.0374
2026-01-05 17:57:44.074609,38.13,6.68,0.008,80.0,975,0.0059
2026-01-05 17:58:44.074609,34.01,7.34,0.078,80.0,1325,0.0017
2026-01-05 17:59:44.074609,27.69,5.49,0.111,80.0,1388,0.013
2026-01-05 18:00:44.074609,31.73,3.49,0.047,80.0,1063,0.0225
2026-01-05 18:01:44.074609,30.26,8.73,0.04,80.0,1566,0.0079
2026-01-05 18:02:44.074609,30.61,2.82,0.001,80.0,1181,0.0097
2026-01-05 18:03:44.074609,42.54,15.92,0.014,80.0,1547,0.0002
2026-01-05 18:04:44.074609,32.49,1.68,0.037,80.0,1276,0.0052
2026-01-05 18:05:44.074609,14.83,4.62,0.074,80.0,661,0.0122
2026-01-05 18:06:44.074609,23.39,3.43,0.102,80.0,1081,0.0014
2026-01-05 18:07:44.074609,29.53,4.81,0.028,80.0,1173,0.0039
2026-01-05 18:08:44.074609,24.56,1.68,0.007,80.0,1455,0.0031
2026-01-05 18:09:44.074609,11.18,2.32,0.016,80.0,1310,0.0179
2026-01-05 18:10:44.074609,29.97,2.62,0.064,80.0,1249,0.0173
2026-01-05 18:11:44.074609,35.7,3.25,0.059,80.0,1717,0.0003
2026-01-05 18:12:44.074609,29.59,1.13,0.113,80.0,1382,0.0061
2026-01-05 18:13:44.074609,43.33,1.84,0.066,55.16,601,0.0178
2026-01-05 18:14:44.074609,34.48,5.19,0.101,80.0,1331,0.0009
2026-01-05 18:15:44.074609,27.48,5.15,0.05,80.0,1260,0.0016
2026-01-05 18:16:44.074609,29.91,1.46,0.008,80.0,1239,0.0013
2026-01-05 18:17:44.074609,36.06,3.76,0.175,76.07,862,0.0043
2026-01-05 18:18:44.074609,21.91,1.4,0.033,80.0,1321,0.0329
2026-01-05 18:19:44.074609,34.67,3.06,0.104,80.0,1073,0.0115
2026-01-05 18:20:44.074609,34.37,2.69,0.045,80.0,1436,0.0279
2026-01-05 18:21:44.074609,28.95,4.53,0.032,80.0,1076,0.0027
2026-01-05 18:22:44.074609,34.43,1.83,0.04,80.0,1100,0.0043
2026-01-05 18:23:44.074609,33.83,3.8,0.014,80.0,1084,0.0022
2026-01-05 18:24:44.074609,22.29,3.78,0.041,71.93,1065,0.0057
2026-01-05 18:25:44.074609,25.23,2.3,0.046,80.0,915,0.0295
2026-01-05 18:26:44.074609,37.38,1.91,0.062,80.0,1098,0.0062
2026-01-05 18:27:44.074609,23.19,2.71,0.073,80.0,1061,0.0043
2026-01-05 18:28:44.074609,36.04,1.01,0.005,80.0,1075,0.0142
2026-01-05 18:29:44.074609,40.39,5.22,0.044,80.0,1442,0.0084
2026-01-05 18:30:44.074609,31.25,2.98,0.102,80.0,1107,0.0012
2026-01-05 18:31:44.074609,34.44,3.1,0.054,80.0,1226,0.0236
2026-01-05 18:32:44.074609,40.95,2.72,0.111,71.66,1708,0.0
2026-01-05 18:33:44.074609,35.78,2.68,0.027,80.0,789,0.0068
2026-01-05 18:34:44.074609,30.68,2.41,0.12,80.0,1308,0.0116
2026-01-05 18:35:44.074609,33.84,1.27,0.03,80.0,1307,0.0036
2026-01-05 18:36:44.074609,21.35,4.85,0.138,80.0,1588,0.0092
2026-01-05 18:37:44.074609,29.22,1.38,0.007,80.0,1687,0.0107
2026-01-05 18:38:44.074609,31.01,2.81,0.065,80.0,1609,0.0023
2026-01-05 18:39:44.074609,24.48,5.95,0.075,79.87,1129,0.0025
2026-01-05 18:40:44.074609,40.2,1.37,0.001,65.9,1039,0.0119
2026-01-05 18:41:44.074609,26.54,2.88,0.06,80.0,1057,0.0131
2026-01-05 18:42:44.074609,29.45,5.75,0.014,80.0,969,0.0023
2026-01-05 18:43:44.074609,39.26,1.74,0.082,80.0,976,0.0075
2026-01-05 18:44:44.074609,35.5,3.86,0.011,80.0,960,0.0118
2026-01-05 18:45:44.074609,26.46,8.78,0.059,80.0,1628,0.0051
2026-01-05 18:46:44.074609,39.22,13.48,0.007,80.0,1643,0.0213
2026-01-05 18:47:44.074609,34.32,9.33,0.122,80.0,1388,0.0056
2026-01-05 18:48:44.074609,32.69,1.12,0.052,80.0,908,0.0049
2026-01-05 18:49:44.074609,35.82,3.0,0.002,80.0,806,0.0151
2026-01-05 18:50:44.074609,36.4,2.9,0.068,80.0,1432,0.0454
2026-01-05 18:51:44.074609,33.76,1.11,0.012,80.0,1137,0.0011
2026-01-05 18:52:44.074609,32.08,2.03,0.043,80.0,1160,0.0098
2026-01-05 18:53:44.074609,27.02,3.83,0.047,80.0,1737,0.0023
2026-01-05 18:54:44.074609,31.63,4.4,0.009,80.0,1209,0.0171
2026-01-05 18:55:44.074609,34.21,9.56,0.327,80.0,1306,0.0052
2026-01-05 18:56:44.074609,25.96,3.28,0.018,80.0,1217,0.0338
2026-01-05 18:57:44.074609,18.61,9.36,0.023,80.0,1749,0.0121
2026-01-05 18:58:44.074609,33.28,4.07,0.009,80.0,1691,0.003
2026-01-05 18:59:44.074609,28.75,3.0,0.001,80.0,960,0.0032
2026-01-05 19:00:44.074609,29.1,1.87,0.002,80.0,578,0.0085
2026-01-05 19:01:44.074609,38.03,1.12,0.048,80.0,1906,0.0021
2026-01-05 19:02:44.074609,30.57,1.87,0.077,67.08,1416,0.0145
2026-01-05 19:03:44.074609,26.37,3.01,0.055,80.0,1551,0.0029
2026-01-05 19:04:44.074609,22.09,2.04,0.019,80.0,1715,0.0006
2026-01-05 19:05:44.074609,22.89,3.84,0.092,80.0,1279,0.0083
2026-01-05 19:06:44.074609,28.07,1.69,0.052,80.0,1328,0.0012
2026-01-05 19:07:44.074609,38.22,2.15,0.005,80.0,1118,0.0072
2026-01-05 19:08:44.074609,25.61,5.69,0.177,80.0,1248,0.0096
2026-01-05 19:09:44.074609,26.49,1.61,0.018,80.0,1229,0.0136
2026-01-05 19:10:44.074609,44.73,1.74,0.092,80.0,1019,0.0089
2026-01-05 19:11:44.074609,25.65,9.88,0.061,80.0,1427,0.0119
2026-01-05 19:12:44.074609,25.69,5.19,0.124,80.0,1582,0.0156
2026-01-05 19:13:44.074609,35.38,2.31,0.127,80.0,1829,0.0054
2026-01-05 19:14:44.074609,32.69,5.55,0.021,80.0,1712,0.012
2026-01-05 19:15:44.074609,24.33,2.94,0.167,80.0,1046,0.0288
2026-01-05 19:16:44.074609,37.73,5.53,0.023,78.67,1727,0.001
2026-01-05 19:17:44.074609,27.93,2.84,0.061,80.0,1644,0.0151
2026-01-05 19:18:44.074609,22.07,8.61,0.0,80.0,1349,0.0225
2026-01-05 19:19:44.074609,34.1,2.02,0.041,80.0,928,0.0035
2026-01-05 19:20:44.074609,34.22,1.34,0.0,80.0,847,0.0125
2026-01-05 19:21:44.074609,36.88,2.97,0.01,80.0,877,0.0005
2026-01-05 19:22:44.074609,26.88,5.33,0.017,80.0,1549,0.0033
2026-01-05 19:23:44.074609,17.63,7.94,0.007,80.0,1434,0.0164
2026-01-05 19:24:44.074609,40.57,3.35,0.05,80.0,1033,0.0064
2026-01-05 19:25:44.074609,38.89,2.34,0.061,80.0,1857,0.0046
2026-01-05 19:26:44.074609,29.7,1.25,0.147,80.0,1472,0.0319
2026-01-05 19:27:44.074609,28.03,5.22,0.018,67.41,1030,0.0063
2026-01-05 19:28:44.074609,20.52,1.4,0.001,80.0,1412,0.0011
2026-01-05 19:29:44.074609,26.26,1.6,0.164,80.0,1372,0.0025
2026-01-05 19:30:44.074609,45.11,1.39,0.047,80.0,1483,0.002
2026-01-05 19:31:44.074609,33.73,3.94,0.004,67.66,1611,0.002
2026-01-05 19:32:44.074609,35.61,1.85,0.015,80.0,1409,0.0076
2026-01-05 19:33:44.074609,26.2,1.33,0.053,80.0,949,0.0004
2026-01-05 19:34:44.074609,36.5,4.28,0.061,80.0,1301,0.0026
2026-01-05 19:35:44.074609,34.74,6.05,0.015,80.0,1157,0.0031
2026-01-05 19:36:44.074609,39.38,1.55,0.12,80.0,1196,0.0017
2026-01-05 19:37:44.074609,28.8,1.05,0.265,80.0,1232,0.0211
2026-01-05 19:38:44.074609,26.35,6.13,0.032,80.0,1586,0.0012
2026-01-05 19:39:44.074609,25.04,2.43,0.016,80.0,1062,0.0048
2026-01-05 19:40:44.074609,23.23,3.0,0.01,80.0,1338,0.0029
2026-01-05 19:41:44.074609,33.57,8.74,0.002,80.0,1362,0.0121
2026-01-05 19:42:44.074609,40.93,1.79,0.058,80.0,1075,0.0027
2026-01-05 19:43:44.074609,38.43,3.62,0.003,80.0,1072,0.0008
2026-01-05 19:44:44.074609,21.3,4.87,0.062,80.0,764,0.0011
2026-01-05 19:45:44.074609,38.0,4.24,0.005,80.0,1363,0.006
2026-01-05 19:46:44.074609,36.73,4.53,0.009,80.0,1479,0.0263
2026-01-05 19:47:44.074609,30.13,9.29,0.012,80.0,1162,0.0048
2026-01-05 19:48:44.074609,32.73,1.42,0.013,62.09,1258,0.0024
2026-01-05 19:49:44.074609,41.05,1.38,0.033,80.0,1055,0.0172
2026-01-05 19:50:44.074609,22.24,8.97,0.014,80.0,1518,0.0185
2026-01-05 19:51:44.074609,30.78,13.15,0.177,80.0,2025,0.011
2026-01-05 19:52:44.074609,34.23,2.4,0.054,80.0,1254,0.0192
2026-01-05 19:53:44.074609,28.09,3.64,0.035,80.0,1179,0.0192
2026-01-05 19:54:44.074609,50.01,4.45,0.027,80.0,1068,0.0204
2026-01-05 19:55:44.074609,32.19,1.12,0.099,80.0,1393,0.0091
2026-01-05 19:56:44.074609,34.56,1.16,0.039,80.0,633,0.0135
2026-01-05 19:57:44.074609,21.21,3.75,0.004,80.0,1421,0.008
2026-01-05 19:58:44.074609,34.67,7.08,0.007,80.0,1284,0.0061
2026-01-05 19:59:44.074609,34.08,1.63,0.033,80.0,1111,0.0028
2026-01-05 20:00:44.074609,28.04,1.09,0.063,80.0,981,0.0106
2026-01-05 20:01:44.074609,30.08,3.51,0.125,80.0,1280,0.0139
2026-01-05 20:02:44.074609,15.35,5.88,0.128,77.49,1246,0.0145
2026-01-05 20:03:44.074609,29.88,3.97,0.059,80.0,1046,0.04
2026-01-05 20:04:44.074609,35.12,1.59,0.005,80.0,1315,0.0082
2026-01-05 20:05:44.074609,37.12,1.13,0.057,80.0,1390,0.0021
2026-01-05 20:06:44.074609,30.11,2.08,0.035,51.07,1110,0.0038
2026-01-05 20:07:44.074609,33.08,2.79,0.043,80.0,1809,0.0122
2026-01-05 20:08:44.074609,39.88,3.98,0.016,73.06,1332,0.0089
2026-01-05 20:09:44.074609,27.95,4.97,0.016,80.0,1196,0.0569
2026-01-05 20:10:44.074609,33.81,2.86,0.001,80.0,1167,0.0058
2026-01-05 20:11:44.074609,39.96,1.65,0.123,78.09,1834,0.0004
2026-01-05 20:12:44.074609,33.14,3.46,0.023,80.0,1412,0.0103
2026-01-05 20:13:44.074609,34.61,1.03,0.019,80.0,730,0.0118
2026-01-05 20:14:44.074609,32.57,3.22,0.161,80.0,1034,0.0181
2026-01-05 20:15:44.074609,36.52,2.5,0.007,80.0,706,0.0118
2026-01-05 20:16:44.074609,31.0,1.34,0.007,80.0,625,0.0174
2026-01-05 20:17:44.074609,36.64,1.74,0.045,80.0,1569,0.0448
2026-01-05 20:18:44.074609,36.74,2.89,0.023,80.0,1328,0.0004
2026-01-05 20:19:44.074609,21.36,2.52,0.214,80.0,1579,0.0029
2026-01-05 20:20:44.074609,25.25,2.08,0.014,76.05,1346,0.0127
2026-01-05 20:21:44.074609,26.42,1.08,0.001,80.0,1558,0.0091
2026-01-05 20:22:44.074609,32.0,2.72,0.107,80.0,961,0.0083
2026-01-05 20:23:44.074609,27.25,1.58,0.038,80.0,1331,0.0092
2026-01-05 20:24:44.074609,31.46,4.3,0.012,80.0,1029,0.02
2026-01-05 20:25:44.074609,22.68,3.59,0.032,80.0,1356,0.0076
2026-01-05 20:26:44.074609,27.28,2.53,0.041,80.0,870,0.0097
2026-01-05 20:27:44.074609,35.86,3.21,0.099,80.0,1245,0.0022
2026-01-05 20:28:44.074609,38.8,5.0,0.027,80.0,1304,0.01
2026-01-05 20:29:44.074609,21.95,12.72,0.028,80.0,1514,0.0011
2026-01-05 20:30:44.074609,40.48,5.13,0.02,80.0,1566,0.0038
2026-01-05 20:31:44.074609,39.52,3.4,0.055,80.0,1358,0.0039
2026-01-05 20:32:44.074609,28.02,3.9,0.006,80.0,913,0.0032
2026-01-05 20:33:44.074609,33.38,7.13,0.025,80.0,1269,0.0041
2026-01-05 20:34:44.074609,28.3,2.78,0.057,80.0,1643,0.0081
2026-01-05 20:35:44.074609,27.08,4.72,0.075,69.96,1637,0.003
2026-01-05 20:36:44.074609,25.52,6.35,0.047,80.0,1633,0.0026
2026-01-05 20:37:44.074609,19.07,2.21,0.012,80.0,1184,0.0219
2026-01-05 20:38:44.074609,32.28,1.58,0.195,80.0,1272,0.0441
2026-01-05 20:39:44.074609,33.33,1.25,0.009,80.0,1268,0.0231
2026-01-05 20:40:44.074609,40.22,1.36,0.143,80.0,1155,0.011
2026-01-05 20:41:44.074609,33.04,6.37,0.071,80.0,1360,0.0016
2026-01-05 20:42:44.074609,24.96,7.11,0.003,80.0,1287,0.0019
2026-01-05 20:43:44.074609,40.95,2.14,0.038,80.0,1298,0.0011
2026-01-05 20:44:44.074609,31.79,1.51,0.036,68.52,848,0.0035
2026-01-05 20:45:44.074609,37.47,1.53,0.012,80.0,1145,0.0112
2026-01-05 20:46:44.074609,32.26,2.13,0.022,69.42,979,0.0184
2026-01-05 20:47:44.074609,31.69,3.62,0.004,80.0,1412,0.0005
2026-01-05 20:48:44.074609,41.52,1.66,0.011,80.0,997,0.0264
2026-01-05 20:49:44.074609,30.39,2.55,0.024,80.0,832,0.0026
2026-01-05 20:50:44.074609,38.76,3.77,0.025,80.0,805,0.0044
2026-01-05 20:51:44.074609,23.89,3.51,0.008,80.0,1573,0.0055
2026-01-05 20:52:44.074609,37.34,10.82,0.028,80.0,1173,0.0023
2026-01-05 20:53:44.074609,21.67,4.19,0.024,80.0,1287,0.0097
2026-01-05 20:54:44.074609,37.37,3.44,0.108,80.0,1440,0.0057
2026-01-05 20:55:44.074609,23.0,1.8,0.121,80.0,1491,0.0155
2026-01-05 20:56:44.074609,22.88,1.07,0.002,80.0,985,0.003
2026-01-05 20:57:44.074609,30.68,2.22,0.007,80.0,994,0.0108
2026-01-05 20:58:44.074609,36.65,3.74,0.114,80.0,1310,0.0021
2026-01-05 20:59:44.074609,32.51,10.74,0.012,80.0,1184,0.0155
2026-01-05 21:00:44.074609,33.94,2.57,0.004,37.34,546,0.0262
2026-01-05 21:01:44.074609,23.18,1.78,0.099,43.45,585,0.0019
2026-01-05 21:02:44.074609,25.15,2.89,0.105,44.0,476,0.0241
2026-01-05 21:03:44.074609,36.18,6.54,0.037,52.05,540,0.0116
2026-01-05 21:04:44.074609,33.05,1.5,0.14,38.46,578,0.0087
2026-01-05 21:05:44.074609,35.79,16.22,0.002,33.4,370,0.0031
2026-01-05 21:06:44.074609,11.83,3.51,0.09,41.04,481,0.01
2026-01-05 21:07:44.074609,18.75,10.87,0.014,43.92,585,0.0056
2026-01-05 21:08:44.074609,31.35,4.51,0.042,50.99,429,0.0263
2026-01-05 21:09:44.074609,28.66,2.68,0.033,44.95,399,0.0232
2026-01-05 21:10:44.074609,30.56,5.85,0.103,54.13,526,0.0114
2026-01-05 21:11:44.074609,31.71,2.74,0.035,45.2,434,0.0011
2026-01-05 21:12:44.074609,24.13,2.81,0.016,36.31,608,0.0128
2026-01-05 21:13:44.074609,24.18,5.92,0.023,38.2,467,0.0044
2026-01-05 21:14:44.074609,25.84,1.3,0.008,42.04,531,0.0012
2026-01-05 21:15:44.074609,26.67,1.51,0.044,55.16,491,0.0089
2026-01-05 21:16:44.074609,24.54,10.45,0.02,39.9,536,0.0057
2026-01-05 21:17:44.074609,27.27,2.62,0.195,29.63,515,0.0019
2026-01-05 21:18:44.074609,31.83,3.44,0.079,44.26,447,0.0004
2026-01-05 21:19:44.074609,25.7,10.7,0.009,42.94,662,0.004
2026-01-05 21:20:44.074609,28.05,3.28,0.0,57.86,287,0.0072
2026-01-05 21:21:44.074609,34.9,3.09,0.051,40.6,530,0.0045
2026-01-05 21:22:44.074609,26.03,2.97,0.022,52.28,420,0.0011
2026-01-05 21:23:44.074609,34.12,1.63,0.006,49.05,520,0.0254
2026-01-05 21:24:44.074609,22.92,3.97,0.002,53.43,520,0.0039
2026-01-05 21:25:44.074609,21.45,3.11,0.014,36.84,586,0.0051
2026-01-05 21:26:44.074609,34.82,4.85,0.005,50.99,645,0.0099
2026-01-05 21:27:44.074609,28.42,3.04,0.033,38.81,314,0.0055
2026-01-05 21:28:44.074609,19.55,3.84,0.018,44.83,324,0.009
2026-01-05 21:29:44.074609,32.97,5.4,0.003,46.75,301,0.0045
2026-01-05 21:30:44.074609,35.93,10.5,0.031,42.68,490,0.0012
2026-01-05 21:31:44.074609,33.42,1.45,0.045,53.14,462,0.0042
2026-01-05 21:32:44.074609,21.71,3.86,0.004,47.36,414,0.0101
2026-01-05 21:33:44.074609,22.45,7.52,0.003,40.84,428,0.0101
2026-01-05 21:34:44.074609,29.87,4.27,0.082,42.17,493,0.0167
2026-01-05 21:35:44.074609,33.95,5.49,0.034,43.11,605,0.0073
2026-01-05 21:36:44.074609,34.24,3.64,0.08,29.9,716,0.0108
2026-01-05 21:37:44.074609,26.39,7.16,0.052,34.81,405,0.0002
2026-01-05 21:38:44.074609,33.74,6.24,0.009,38.66,386,0.0155
2026-01-05 21:39:44.074609,19.78,1.55,0.006,52.44,486,0.0039
2026-01-05 21:40:44.074609,34.09,3.63,0.047,62.04,561,0.012
2026-01-05 21:41:44.074609,26.14,7.62,0.045,40.23,589,0.0029
2026-01-05 21:42:44.074609,25.09,2.58,0.016,48.88,563,0.0062
2026-01-05 21:43:44.074609,30.79,4.81,0.049,48.23,338,0.0006
2026-01-05 21:44:44.074609,24.39,5.84,0.007,30.58,451,0.0061
2026-01-05 21:45:44.074609,32.57,12.47,0.142,39.82,520,0.0051
2026-01-05 21:46:44.074609,27.78,3.22,0.015,57.57,546,0.009
2026-01-05 21:47:44.074609,28.54,5.37,0.01,37.83,556,0.043
2026-01-05 21:48:44.074609,29.46,2.58,0.001,63.07,408,0.0222
2026-01-05 21:49:44.074609,34.6,1.01,0.023,56.17,527,0.0063
2026-01-05 21:50:44.074609,30.77,1.33,0.014,54.29,512,0.001
2026-01-05 21:51:44.074609,29.86,2.05,0.009,35.41,496,0.0088
2026-01-05 21:52:44.074609,20.2,8.04,0.038,35.68,555,0.0125
2026-01-05 21:53:44.074609,21.0,4.32,0.012,51.19,670,0.0118
2026-01-05 21:54:44.074609,32.7,8.2,0.148,47.25,518,0.0002
2026-01-05 21:55:44.074609,25.39,1.76,0.024,43.85,503,0.0105
2026-01-05 21:56:44.074609,33.59,2.35,0.046,39.23,591,0.0269
2026-01-05 21:57:44.074609,27.73,13.63,0.047,40.36,688,0.0034
2026-01-05 21:58:44.074609,30.61,1.17,0.014,40.58,585,0.0181
2026-01-05 21:59:44.074609,24.1,5.38,0.02,39.07,514,0.0457
2026-01-05 22:00:44.074609,25.95,3.5,0.015,59.73,374,0.0121
2026-01-05 22:01:44.074609,29.58,2.79,0.057,54.19,387,0.0071
2026-01-05 22:02:44.074609,31.14,1.7,0.115,55.22,440,0.0047
2026-01-05 22:03:44.074609,23.39,5.33,0.01,52.06,398,0.0075
2026-01-05 22:04:44.074609,27.37,6.16,0.07,44.89,434,0.0191
2026-01-05 22:05:44.074609,24.72,2.18,0.041,46.72,552,0.0101
2026-01-05 22:06:44.074609,22.33,1.68,0.04,40.3,617,0.0028
2026-01-05 22:07:44.074609,25.2,6.36,0.144,46.96,492,0.0098
2026-01-05 22:08:44.074609,30.22,6.84,0.013,44.21,467,0.0216
2026-01-05 22:09:44.074609,45.63,4.53,0.043,50.53,508,0.0104
2026-01-05 22:10:44.074609,23.95,4.08,0.065,54.41,504,0.0062
2026-01-05 22:11:44.074609,35.84,6.37,0.052,45.98,463,0.0002
2026-01-05 22:12:44.074609,23.02,2.05,0.042,48.65,629,0.0004
2026-01-05 22:13:44.074609,30.3,4.7,0.101,29.31,665,0.0028
2026-01-05 22:14:44.074609,26.3,1.2,0.003,44.66,619,0.0167
2026-01-05 22:15:44.074609,28.27,2.75,0.046,47.81,549,0.0319
2026-01-05 22:16:44.074609,27.73,2.95,0.052,42.14,632,0.0177
2026-01-05 22:17:44.074609,27.23,2.98,0.058,34.99,470,0.004
2026-01-05 22:18:44.074609,30.84,5.5,0.027,41.57,615,0.0143
2026-01-05 22:19:44.074609,31.54,2.19,0.023,45.43,425,0.0076
2026-01-05 22:20:44.074609,32.96,2.13,0.015,47.97,502,0.0024
2026-01-05 22:21:44.074609,23.12,5.71,0.036,37.01,607,0.0035
2026-01-05 22:22:44.074609,25.52,2.49,0.004,48.37,286,0.0
2026-01-05 22:23:44.074609,24.88,1.88,0.009,40.45,643,0.0171
2026-01-05 22:24:44.074609,30.35,4.3,0.061,59.35,627,0.0264
2026-01-05 22:25:44.074609,24.25,1.29,0.091,36.76,588,0.0053
2026-01-05 22:26:44.074609,26.89,2.75,0.03,58.64,557,0.0043
2026-01-05 22:27:44.074609,20.85,3.42,0.04,50.31,455,0.0186
2026-01-05 22:28:44.074609,27.43,1.0,0.033,31.43,644,0.0262
2026-01-05 22:29:44.074609,35.03,2.41,0.002,58.15,589,0.0076
2026-01-05 22:30:44.074609,32.91,2.61,0.039,53.54,599,0.0107
2026-01-05 22:31:44.074609,28.72,1.04,0.048,53.14,433,0.0056
2026-01-05 22:32:44.074609,28.45,4.16,0.061,47.6,408,0.0091
2026-01-05 22:33:44.074609,22.42,1.67,0.01,39.26,460,0.0031
2026-01-05 22:34:44.074609,29.41,1.74,0.062,30.27,404,0.0051
2026-01-05 22:35:44.074609,36.47,3.19,0.042,42.11,682,0.0006
2026-01-05 22:36:44.074609,32.96,3.88,0.063,56.64,624,0.0209
2026-01-05 22:37:44.074609,24.9,4.67,0.003,55.13,571,0.0032
2026-01-05 22:38:44.074609,27.18,1.15,0.044,32.38,347,0.0087
2026-01-05 22:39:44.074609,21.76,3.13,0.25,65.24,457,0.0215
2026-01-05 22:40:44.074609,21.83,2.65,0.155,56.36,496,0.0004
2026-01-05 22:41:44.074609,37.21,6.98,0.047,39.2,406,0.0062
2026-01-05 22:42:44.074609,28.48,4.6,0.03,42.87,603,0.0088
2026-01-05 22:43:44.074609,27.86,1.76,0.013,30.21,473,0.0014
2026-01-05 22:44:44.074609,20.96,1.43,0.172,25.99,356,0.0031
2026-01-05 22:45:44.074609,41.48,2.62,0.025,48.29,522,0.021
2026-01-05 22:46:44.074609,28.05,1.38,0.053,37.18,186,0.0089
2026-01-05 22:47:44.074609,32.3,1.14,0.067,54.23,605,0.0068
2026-01-05 22:48:44.074609,23.98,4.56,0.035,37.23,350,0.0056
2026-01-05 22:49:44.074609,26.33,5.47,0.094,36.2,501,0.0023
2026-01-05 22:50:44.074609,35.65,3.07,0.093,47.02,497,0.0096
2026-01-05 22:51:44.074609,17.14,1.03,0.047,44.06,557,0.0077
2026-01-05 22:52:44.074609,42.09,6.56,0.019,64.11,553,0.0024
2026-01-05 22:53:44.074609,28.39,1.16,0.1,47.89,503,0.0013
2026-01-05 22:54:44.074609,27.47,3.31,0.009,52.59,489,0.0158
2026-01-05 22:55:44.074609,24.09,9.17,0.023,56.96,511,0.0045
2026-01-05 22:56:44.074609,25.38,1.5,0.136,50.41,516,0.0087
2026-01-05 22:57:44.074609,19.14,4.49,0.017,53.67,550,0.0149
2026-01-05 22:58:44.074609,17.21,4.64,0.021,47.12,512,0.0094
2026-01-05 22:59:44.074609,31.55,6.57,0.022,49.1,599,0.0028
2026-01-05 23:00:44.074609,26.65,1.76,0.052,38.51,204,0.0032
2026-01-05 23:01:44.074609,20.95,2.17,0.062,46.59,523,0.0008
2026-01-05 23:02:44.074609,32.99,4.41,0.114,11.24,730,0.0476
2026-01-05 23:03:44.074609,33.86,4.12,0.012,50.15,594,0.0061
2026-01-05 23:04:44.074609,20.69,2.55,0.001,63.56,463,0.002
2026-01-05 23:05:44.074609,11.59,4.21,0.032,46.8,310,0.0005
2026-01-05 23:06:44.074609,27.42,8.47,0.001,40.83,326,0.0038
2026-01-05 23:07:44.074609,18.14,1.89,0.005,68.01,495,0.0187
2026-01-05 23:08:44.074609,21.27,1.32,0.057,38.27,588,0.011
2026-01-05 23:09:44.074609,33.74,7.64,0.025,55.2,527,0.0006
2026-01-05 23:10:44.074609,18.73,2.22,0.107,20.07,626,0.0031
2026-01-05 23:11:44.074609,22.98,6.3,0.21,37.21,417,0.0139
2026-01-05 23:12:44.074609,27.87,7.29,0.134,46.24,732,0.0097
2026-01-05 23:13:44.074609,33.12,3.48,0.06,54.64,415,0.0229
2026-01-05 23:14:44.074609,29.18,3.92,0.065,51.22,476,0.007
2026-01-05 23:15:44.074609,29.2,8.43,0.052,46.23,695,0.001
2026-01-05 23:16:44.074609,16.4,1.63,0.039,41.56,600,0.0067
2026-01-05 23:17:44.074609,30.69,3.21,0.004,43.75,470,0.0307
2026-01-05 23:18:44.074609,17.92,3.52,0.06,53.14,507,0.0059
2026-01-05 23:19:44.074609,25.78,1.46,0.016,64.67,489,0.0105
2026-01-05 23:20:44.074609,23.5,1.84,0.034,63.93,267,0.002
2026-01-05 23:21:44.074609,15.46,2.01,0.044,50.48,519,0.0036
2026-01-05 23:22:44.074609,30.34,3.95,0.046,29.7,421,0.0018
2026-01-05 23:23:44.074609,30.98,7.51,0.024,33.31,357,0.0039
2026-01-05 23:24:44.074609,24.75,1.83,0.055,52.08,523,0.012
2026-01-05 23:25:44.074609,30.28,1.6,0.041,38.28,404,0.0037
2026-01-05 23:26:44.074609,27.02,2.24,0.073,44.29,290,0.0148
2026-01-05 23:27:44.074609,30.7,6.35,0.225,39.37,293,0.0121
2026-01-05 23:28:44.074609,22.59,1.18,0.002,57.26,411,0.0012
2026-01-05 23:29:44.074609,20.0,4.16,0.031,53.02,468,0.0025
2026-01-05 23:30:44.074609,24.86,1.54,0.032,46.28,536,0.0181
2026-01-05 23:31:44.074609,27.67,1.82,0.131,48.73,619,0.0221
2026-01-05 23:32:44.074609,31.11,5.27,0.041,58.1,488,0.0148
2026-01-05 23:33:44.074609,27.34,4.02,0.001,22.02,417,0.0215
2026-01-05 23:34:44.074609,22.93,2.21,0.039,39.76,572,0.0013
2026-01-05 23:35:44.074609,28.05,1.58,0.086,47.18,552,0.0032
2026-01-05 23:36:44.074609,29.98,2.79,0.059,38.3,482,0.0015
2026-01-05 23:37:44.074609,18.19,1.02,0.073,58.18,327,0.0125
2026-01-05 23:38:44.074609,23.25,2.82,0.059,48.35,504,0.0032
2026-01-05 23:39:44.074609,22.36,2.12,0.004,50.22,464,0.0026
2026-01-05 23:40:44.074609,31.46,4.93,0.011,41.13,474,0.0329
2026-01-05 23:41:44.074609,28.51,2.3,0.036,54.07,575,0.0096
2026-01-05 23:42:44.074609,20.08,1.25,0.121,31.17,482,0.0037
2026-01-05 23:43:44.074609,25.79,3.48,0.148,54.77,632,0.0029
2026-01-05 23:44:44.074609,33.8,4.31,0.025,41.77,484,0.0048
2026-01-05 23:45:44.074609,28.43,8.77,0.055,43.27,470,0.0334
2026-01-05 23:46:44.074609,23.44,1.44,0.041,34.67,620,0.0107
2026-01-05 23:47:44.074609,27.81,2.41,0.038,35.36,580,0.0075
2026-01-05 23:48:44.074609,31.69,1.31,0.055,40.61,439,0.0123
2026-01-05 23:49:44.074609,20.37,5.44,0.14,55.96,694,0.0032
2026-01-05 23:50:44.074609,30.22,11.6,0.016,53.51,560,0.0061
2026-01-05 23:51:44.074609,28.47,2.19,0.002,48.06,621,0.0197
2026-01-05 23:52:44.074609,28.3,6.41,0.012,64.16,375,0.011
2026-01-05 23:53:44.074609,34.37,3.68,0.042,34.27,604,0.0018
2026-01-05 23:54:44.074609,36.56,7.22,0.014,37.7,555,0.0108
2026-01-05 23:55:44.074609,24.21,9.31,0.056,48.16,320,0.0174
2026-01-05 23:56:44.074609,26.65,5.02,0.049,49.24,469,0.0047
2026-01-05 23:57:44.074609,29.85,5.28,0.019,44.38,555,0.0012
2026-01-05 23:58:44.074609,39.07,7.56,0.086,48.13,647,0.0025
2026-01-05 23:59:44.074609,25.76,1.06,0.2,53.26,533,0.0001
2026-01-06 00:00:44.074609,32.92,1.78,0.03,59.41,588,0.0155
2026-01-06 00:01:44.074609,38.39,6.0,0.064,52.05,592,0.0039
2026-01-06 00:02:44.074609,35.5,1.43,0.007,43.04,606,0.0082
2026-01-06 00:03:44.074609,27.03,5.33,0.032,46.5,547,0.0114
2026-01-06 00:04:44.074609,25.37,1.3,0.039,58.04,464,0.0195
2026-01-06 00:05:44.074609,23.52,3.12,0.068,55.26,530,0.0127
2026-01-06 00:06:44.074609,21.42,6.69,0.006,49.86,301,0.0121
2026-01-06 00:07:44.074609,22.45,1.04,0.059,53.56,522,0.0057
2026-01-06 00:08:44.074609,27.82,3.23,0.001,46.15,561,0.005
2026-01-06 00:09:44.074609,26.79,1.01,0.02,40.73,366,0.0153
2026-01-06 00:10:44.074609,28.57,3.48,0.011,48.38,543,0.0302
2026-01-06 00:11:44.074609,29.73,4.74,0.082,56.09,527,0.0169
2026-01-06 00:12:44.074609,24.3,1.13,0.018,53.66,457,0.0152
2026-01-06 00:13:44.074609,33.52,2.81,0.104,50.62,577,0.0028
2026-01-06 00:14:44.074609,21.99,1.12,0.017,57.25,497,0.0071
2026-01-06 00:15:44.074609,27.89,1.29,0.059,52.22,481,0.0027
2026-01-06 00:16:44.074609,33.99,5.87,0.039,43.52,549,0.0007
2026-01-06 00:17:44.074609,19.5,1.21,0.111,55.41,490,0.0046
2026-01-06 00:18:44.074609,27.8,1.35,0.003,58.05,538,0.006
2026-01-06 00:19:44.074609,17.87,5.0,0.022,46.85,481,0.0007
2026-01-06 00:20:44.074609,21.74,5.93,0.119,44.05,334,0.0073
2026-01-06 00:21:44.074609,20.9,3.09,0.012,58.05,451,0.0007
2026-01-06 00:22:44.074609,23.98,1.98,0.059,52.21,700,0.0
2026-01-06 00:23:44.074609,29.84,7.23,0.008,42.64,525,0.01
2026-01-06 00:24:44.074609,31.93,6.75,0.026,53.6,620,0.0148
2026-01-06 00:25:44.074609,24.14,2.04,0.141,47.33,484,0.0044
2026-01-06 00:26:44.074609,19.11,1.27,0.01,41.9,319,0.0208
2026-01-06 00:27:44.074609,39.42,2.67,0.102,47.23,433,0.0065
2026-01-06 00:28:44.074609,28.95,6.27,0.066,43.28,525,0.0378
2026-01-06 00:29:44.074609,26.96,3.05,0.006,44.53,565,0.0254
2026-01-06 00:30:44.074609,29.13,3.8,0.038,55.99,481,0.0181
2026-01-06 00:31:44.074609,21.43,1.34,0.155,48.33,684,0.0236
2026-01-06 00:32:44.074609,22.11,7.12,0.042,62.33,491,0.0043
2026-01-06 00:33:44.074609,26.24,6.22,0.312,45.6,486,0.0076
2026-01-06 00:34:44.074609,29.84,1.81,0.018,61.37,471,0.0002
2026-01-06 00:35:44.074609,33.66,1.73,0.004,23.92,714,0.0102
2026-01-06 00:36:44.074609,30.89,2.32,0.014,49.7,453,0.0
2026-01-06 00:37:44.074609,17.59,1.59,0.006,36.36,425,0.0039
2026-01-06 00:38:44.074609,32.0,4.29,0.017,66.25,543,0.0073
2026-01-06 00:39:44.074609,17.71,5.51,0.067,34.85,405,0.0149
2026-01-06 00:40:44.074609,35.6,10.49,0.058,58.19,459,0.0094
2026-01-06 00:41:44.074609,29.54,5.41,0.055,51.57,496,0.0006
2026-01-06 00:42:44.074609,22.55,2.78,0.063,38.89,481,0.0152
2026-01-06 00:43:44.074609,30.93,1.09,0.002,50.77,607,0.0059
2026-01-06 00:44:44.074609,30.9,3.37,0.013,42.81,546,0.0025
2026-01-06 00:45:44.074609,19.93,4.48,0.036,46.13,590,0.0006
2026-01-06 00:46:44.074609,24.71,1.41,0.018,60.47,531,0.0254
2026-01-06 00:47:44.074609,22.54,1.72,0.017,42.99,567,0.0023
2026-01-06 00:48:44.074609,33.19,6.47,0.098,41.5,559,0.0014
2026-01-06 00:49:44.074609,26.29,2.68,0.101,36.28,576,0.0155
2026-01-06 00:50:44.074609,19.8,1.94,0.016,57.1,590,0.0321
2026-01-06 00:51:44.074609,29.17,4.54,0.006,48.29,341,0.0074
2026-01-06 00:52:44.074609,22.4,10.4,0.003,53.83,558,0.0155
2026-01-06 00:53:44.074609,31.85,1.43,0.014,46.26,394,0.0129
2026-01-06 00:54:44.074609,25.28,2.61,0.061,37.81,459,0.0014
2026-01-06 00:55:44.074609,26.03,1.75,0.043,42.94,420,0.0005
2026-01-06 00:56:44.074609,20.67,7.68,0.007,32.86,347,0.0148
2026-01-06 00:57:44.074609,14.42,4.57,0.045,41.66,477,0.0384
2026-01-06 00:58:44.074609,24.66,2.98,0.028,47.23,477,0.0014
2026-01-06 00:59:44.074609,26.71,2.72,0.199,35.64,495,0.0022
2026-01-06 01:00:44.074609,21.55,4.63,0.025,31.64,622,0.0083
2026-01-06 01:01:44.074609,15.08,3.31,0.024,39.45,497,0.0233
2026-01-06 01:02:44.074609,35.21,1.76,0.006,33.29,455,0.005
2026-01-06 01:03:44.074609,29.63,3.52,0.034,41.92,459,0.0195
2026-01-06 01:04:44.074609,29.23,2.98,0.007,43.38,631,0.0093
2026-01-06 01:05:44.074609,26.43,5.15,0.013,54.16,452,0.0062
2026-01-06 01:06:44.074609,33.02,7.66,0.082,43.63,545,0.0016
2026-01-06 01:07:44.074609,27.42,7.61,0.066,53.88,534,0.0167
2026-01-06 01:08:44.074609,32.15,1.38,0.173,63.23,526,0.0126
2026-01-06 01:09:44.074609,34.13,6.55,0.047,37.36,650,0.0198
2026-01-06 01:10:44.074609,19.2,7.92,0.002,16.53,466,0.0079
2026-01-06 01:11:44.074609,21.74,1.7,0.025,59.33,651,0.0039
2026-01-06 01:12:44.074609,19.63,3.86,0.039,50.33,376,0.0012
2026-01-06 01:13:44.074609,37.41,3.39,0.069,43.45,595,0.0142
2026-01-06 01:14:44.074609,14.56,6.49,0.059,27.99,473,0.0056
2026-01-06 01:15:44.074609,31.8,6.11,0.037,30.76,549,0.0168
2026-01-06 01:16:44.074609,26.14,2.6,0.003,46.51,542,0.0029
2026-01-06 01:17:44.074609,39.56,1.77,0.005,50.43,451,0.0277
2026-01-06 01:18:44.074609,23.92,3.57,0.027,43.87,501,0.0225
2026-01-06 01:19:44.074609,14.09,9.52,0.066,61.3,550,0.0191
2026-01-06 01:20:44.074609,26.47,10.27,0.005,45.56,559,0.0112
2026-01-06 01:21:44.074609,25.04,1.25,0.027,41.42,668,0.0095
2026-01-06 01:22:44.074609,28.18,1.59,0.05,33.96,576,0.0039
2026-01-06 01:23:44.074609,35.35,1.41,0.068,28.76,631,0.027
2026-01-06 01:24:44.074609,21.7,7.12,0.067,51.18,418,0.0101
2026-01-06 01:25:44.074609,30.1,2.12,0.052,48.49,412,0.0074
2026-01-06 01:26:44.074609,20.42,2.71,0.046,50.74,641,0.035
2026-01-06 01:27:44.074609,27.8,2.59,0.067,61.95,610,0.0128
2026-01-06 01:28:44.074609,34.26,7.17,0.013,65.11,626,0.0035
2026-01-06 01:29:44.074609,21.45,4.8,0.001,31.11,292,0.0192
2026-01-06 01:30:44.074609,24.88,5.7,0.02,32.95,518,0.0147
2026-01-06 01:31:44.074609,29.15,1.14,0.035,25.16,651,0.0004
2026-01-06 01:32:44.074609,22.13,3.94,0.074,48.96,426,0.0061
2026-01-06 01:33:44.074609,16.64,1.84,0.004,51.31,530,0.0406
2026-01-06 01:34:44.074609,32.99,6.7,0.102,37.46,517,0.0245
2026-01-06 01:35:44.074609,27.76,6.83,0.032,34.66,458,0.0446
2026-01-06 01:36:44.074609,21.54,20.0,0.062,36.82,360,0.0001
2026-01-06 01:37:44.074609,23.26,3.19,0.0,42.67,564,0.0024
2026-01-06 01:38:44.074609,25.27,1.2,0.014,48.21,620,0.0088
2026-01-06 01:39:44.074609,22.79,3.74,0.104,32.74,555,0.0005
2026-01-06 01:40:44.074609,23.9,2.19,0.012,33.11,527,0.0064
2026-01-06 01:41:44.074609,24.66,6.24,0.076,44.03,576,0.0045
2026-01-06 01:42:44.074609,19.34,5.4,0.059,40.73,458,0.0132
2026-01-06 01:43:44.074609,26.49,2.23,0.091,43.46,449,0.0034
2026-01-06 01:44:44.074609,21.88,2.32,0.063,59.47,447,0.0102
2026-01-06 01:45:44.074609,22.27,4.65,0.038,25.52,451,0.007
2026-01-06 01:46:44.074609,28.06,1.78,0.02,26.15,490,0.0037
2026-01-06 01:47:44.074609,18.81,1.56,0.073,37.75,614,0.0214
2026-01-06 01:48:44.074609,25.5,5.17,0.025,37.49,548,0.0108
2026-01-06 01:49:44.074609,36.97,5.22,0.041,34.6,380,0.009
2026-01-06 01:50:44.074609,30.77,2.85,0.028,28.14,420,0.0036
2026-01-06 01:51:44.074609,30.36,1.09,0.002,63.0,615,0.0004
2026-01-06 01:52:44.074609,28.79,3.12,0.095,46.71,747,0.0016
2026-01-06 01:53:44.074609,27.52,4.99,0.01,39.04,545,0.0044
2026-01-06 01:54:44.074609,37.82,4.28,0.011,66.48,312,0.0061
2026-01-06 01:55:44.074609,35.64,4.2,0.051,38.7,307,0.0151
2026-01-06 01:56:44.074609,32.18,1.46,0.036,48.59,501,0.0471
2026-01-06 01:57:44.074609,26.79,3.38,0.019,59.22,552,0.0148
2026-01-06 01:58:44.074609,31.38,1.45,0.025,34.43,510,0.0046
2026-01-06 01:59:44.074609,31.14,1.69,0.02,58.78,511,0.0172
2026-01-06 02:00:44.074609,21.16,1.06,0.005,52.56,404,0.0224
2026-01-06 02:01:44.074609,28.39,1.33,0.07,61.37,470,0.0037
2026-01-06 02:02:44.074609,23.3,2.34,0.02,38.74,551,0.0187
2026-01-06 02:03:44.074609,27.34,1.34,0.043,56.54,443,0.0182
2026-01-06 02:04:44.074609,32.23,4.39,0.218,40.21,552,0.006
2026-01-06 02:05:44.074609,30.29,11.9,0.016,47.53,527,0.0022
2026-01-06 02:06:44.074609,19.9,2.05,0.091,72.38,424,0.0147
2026-01-06 02:07:44.074609,31.19,1.05,0.08,39.58,427,0.013
2026-01-06 02:08:44.074609,33.05,1.72,0.043,55.66,599,0.0407
2026-01-06 02:09:44.074609,27.05,7.36,0.041,31.6,482,0.0159
2026-01-06 02:10:44.074609,33.12,7.12,0.094,41.77,542,0.0058
2026-01-06 02:11:44.074609,25.16,3.01,0.161,40.67,608,0.0277
2026-01-06 02:12:44.074609,29.05,1.27,0.009,53.36,350,0.0006
2026-01-06 02:13:44.074609,25.45,3.45,0.107,34.24,527,0.0058
2026-01-06 02:14:44.074609,22.98,1.4,0.04,31.38,373,0.001
2026-01-06 02:15:44.074609,29.85,9.87,0.083,42.75,383,0.0057
2026-01-06 02:16:44.074609,35.78,2.82,0.149,37.04,599,0.0098
2026-01-06 02:17:44.074609,34.39,1.3,0.06,48.77,417,0.0132
2026-01-06 02:18:44.074609,25.43,2.21,0.065,38.72,590,0.0135
2026-01-06 02:19:44.074609,29.57,1.18,0.02,36.06,430,0.0111
2026-01-06 02:20:44.074609,28.37,1.98,0.019,33.97,439,0.0284
2026-01-06 02:21:44.074609,26.11,3.84,0.176,41.27,337,0.017
2026-01-06 02:22:44.074609,32.93,1.44,0.107,46.63,384,0.0088
2026-01-06 02:23:44.074609,28.66,4.12,0.02,31.27,459,0.0314
2026-01-06 02:24:44.074609,26.57,5.88,0.071,45.55,478,0.002
2026-01-06 02:25:44.074609,33.78,6.73,0.015,60.24,490,0.0008
2026-01-06 02:26:44.074609,32.34,3.07,0.037,50.63,583,0.0007
2026-01-06 02:27:44.074609,23.45,1.28,0.025,49.15,737,0.0086
2026-01-06 02:28:44.074609,21.96,12.47,0.124,41.49,604,0.0016
2026-01-06 02:29:44.074609,20.12,1.77,0.005,65.66,694,0.0098
2026-01-06 02:30:44.074609,22.97,5.46,0.031,49.26,303,0.0369
2026-01-06 02:31:44.074609,27.71,2.2,0.006,38.93,696,0.0075
2026-01-06 02:32:44.074609,22.51,1.09,0.043,37.99,381,0.0037
2026-01-06 02:33:44.074609,21.26,3.89,0.078,28.59,592,0.0021
2026-01-06 02:34:44.074609,32.07,8.28,0.027,35.31,526,0.0322
2026-01-06 02:35:44.074609,20.58,2.52,0.012,70.2,507,0.0084
2026-01-06 02:36:44.074609,28.41,3.99,0.092,36.52,529,0.0119
2026-01-06 02:37:44.074609,30.17,4.97,0.021,45.68,494,0.0114
2026-01-06 02:38:44.074609,21.34,1.59,0.052,41.58,532,0.0122
2026-01-06 02:39:44.074609,28.01,11.88,0.074,41.7,480,0.0096
2026-01-06 02:40:44.074609,26.89,1.01,0.079,36.95,396,0.0042
2026-01-06 02:41:44.074609,23.18,2.0,0.039,53.83,559,0.0031
2026-01-06 02:42:44.074609,27.23,1.29,0.039,41.56,374,0.0021
2026-01-06 02:43:44.074609,25.58,5.47,0.148,52.7,503,0.0409
2026-01-06 02:44:44.074609,31.38,4.2,0.007,44.2,599,0.0017
2026-01-06 02:45:44.074609,30.42,7.41,0.088,57.42,386,0.0132
2026-01-06 02:46:44.074609,22.87,3.56,0.004,41.46,467,0.0089
2026-01-06 02:47:44.074609,21.5,1.86,0.119,46.35,392,0.021
2026-01-06 02:48:44.074609,33.56,1.86,0.044,58.32,430,0.0046
2026-01-06 02:49:44.074609,30.87,5.1,0.038,30.71,440,0.0159
2026-01-06 02:50:44.074609,36.62,3.64,0.011,45.74,550,0.0113
2026-01-06 02:51:44.074609,26.21,1.18,0.014,49.24,443,0.0
2026-01-06 02:52:44.074609,28.09,4.06,0.03,40.23,567,0.0033
2026-01-06 02:53:44.074609,27.9,2.37,0.021,36.92,617,0.0011
2026-01-06 02:54:44.074609,26.72,3.22,0.011,38.13,418,0.0062
2026-01-06 02:55:44.074609,33.49,7.68,0.044,44.84,583,0.0157
2026-01-06 02:56:44.074609,24.34,5.8,0.001,51.08,543,0.0093
2026-01-06 02:57:44.074609,31.9,3.12,0.084,52.27,505,0.0003
2026-01-06 02:58:44.074609,32.01,1.06,0.14,33.6,348,0.0063
2026-01-06 02:59:44.074609,30.79,5.61,0.015,29.51,583,0.0075
2026-01-06 03:00:44.074609,33.96,2.18,0.103,28.07,368,0.0103
2026-01-06 03:01:44.074609,27.59,4.85,0.031,53.33,459,0.0015
2026-01-06 03:02:44.074609,25.85,1.06,0.04,44.97,537,0.006
2026-01-06 03:03:44.074609,34.48,3.81,0.021,31.03,625,0.0081
2026-01-06 03:04:44.074609,20.04,4.8,0.142,37.91,601,0.0142
2026-01-06 03:05:44.074609,35.69,7.53,0.014,42.32,460,0.0005
2026-01-06 03:06:44.074609,19.14,4.47,0.069,40.3,290,0.0089
2026-01-06 03:07:44.074609,28.59,3.24,0.049,41.02,592,0.001
2026-01-06 03:08:44.074609,34.0,5.58,0.047,35.11,589,0.0025
2026-01-06 03:09:44.074609,25.36,3.57,0.04,56.59,429,0.0036
2026-01-06 03:10:44.074609,28.27,1.21,0.033,42.74,582,0.0153
2026-01-06 03:11:44.074609,31.58,2.63,0.022,40.57,512,0.0041
2026-01-06 03:12:44.074609,38.07,1.18,0.009,47.56,377,0.0003
2026-01-06 03:13:44.074609,25.1,4.99,0.002,27.17,434,0.0143
2026-01-06 03:14:44.074609,30.88,3.95,0.021,35.74,578,0.0025
2026-01-06 03:15:44.074609,26.66,1.31,0.027,38.77,578,0.011
2026-01-06 03:16:44.074609,22.29,1.58,0.023,47.14,537,0.0143
2026-01-06 03:17:44.074609,37.95,3.13,0.068,52.33,639,0.0007
2026-01-06 03:18:44.074609,35.31,2.58,0.115,41.29,396,0.002
2026-01-06 03:19:44.074609,34.08,7.46,0.099,51.67,264,0.008
2026-01-06 03:20:44.074609,20.17,3.72,0.015,61.93,363,0.0023
2026-01-06 03:21:44.074609,38.37,2.8,0.014,64.13,414,0.0049
2026-01-06 03:22:44.074609,28.25,1.76,0.007,47.11,544,0.0018
2026-01-06 03:23:44.074609,24.67,4.9,0.042,41.29,711,0.0173
2026-01-06 03:24:44.074609,30.01,2.95,0.056,52.05,645,0.0043
2026-01-06 03:25:44.074609,29.47,5.39,0.011,36.06,248,0.0023
2026-01-06 03:26:44.074609,26.81,1.84,0.014,26.67,364,0.0081
2026-01-06 03:27:44.074609,28.43,1.07,0.015,36.52,698,0.0148
2026-01-06 03:28:44.074609,27.62,1.11,0.039,58.6,398,0.0033
2026-01-06 03:29:44.074609,30.9,5.68,0.208,59.73,518,0.0224
2026-01-06 03:30:44.074609,32.01,1.5,0.002,49.47,503,0.0124
2026-01-06 03:31:44.074609,33.36,1.12,0.032,32.7,584,0.008
2026-01-06 03:32:44.074609,22.29,1.07,0.026,38.41,436,0.0053
2026-01-06 03:33:44.074609,22.09,8.42,0.075,49.13,674,0.0078
2026-01-06 03:34:44.074609,18.3,3.62,0.098,51.2,398,0.0011
2026-01-06 03:35:44.074609,39.32,1.04,0.006,38.54,476,0.0097
2026-01-06 03:36:44.074609,23.34,17.54,0.015,42.54,395,0.0016
2026-01-06 03:37:44.074609,27.8,7.35,0.099,40.97,270,0.0121
2026-01-06 03:38:44.074609,26.65,3.05,0.001,50.37,471,0.0072
2026-01-06 03:39:44.074609,25.16,4.39,0.009,57.98,584,0.0009
2026-01-06 03:40:44.074609,31.31,1.61,0.031,58.75,637,0.011
2026-01-06 03:41:44.074609,27.77,3.57,0.0,63.39,499,0.0137
2026-01-06 03:42:44.074609,20.5,5.97,0.065,26.87,488,0.0059
2026-01-06 03:43:44.074609,37.96,5.66,0.004,55.11,562,0.002
2026-01-06 03:44:44.074609,25.63,3.64,0.006,54.45,475,0.0094
2026-01-06 03:45:44.074609,21.74,8.68,0.049,52.25,475,0.0035
2026-01-06 03:46:44.074609,31.37,2.62,0.026,42.04,481,0.0011
2026-01-06 03:47:44.074609,18.63,7.98,0.031,60.5,578,0.007
2026-01-06 03:48:44.074609,27.54,3.09,0.023,37.11,654,0.0089
2026-01-06 03:49:44.074609,35.18,6.26,0.027,19.44,538,0.0277
2026-01-06 03:50:44.074609,19.37,4.54,0.018,44.04,528,0.0409
2026-01-06 03:51:44.074609,28.63,5.05,0.057,40.93,484,0.0006
2026-01-06 03:52:44.074609,35.86,2.33,0.051,33.72,554,0.0029
2026-01-06 03:53:44.074609,37.2,6.75,0.005,43.97,500,0.0088
2026-01-06 03:54:44.074609,26.11,3.42,0.048,26.18,503,0.001
2026-01-06 03:55:44.074609,31.2,1.83,0.089,36.83,345,0.0203
2026-01-06 03:56:44.074609,17.92,1.72,0.011,45.27,532,0.0021
2026-01-06 03:57:44.074609,28.5,3.75,0.006,43.32,485,0.0454
2026-01-06 03:58:44.074609,32.9,1.99,0.038,42.68,374,0.0019
2026-01-06 03:59:44.074609,21.48,2.0,0.175,35.83,499,0.0099
2026-01-06 04:00:44.074609,24.39,4.24,0.07,51.88,554,0.0076
2026-01-06 04:01:44.074609,25.88,1.97,0.019,66.19,360,0.0076
2026-01-06 04:02:44.074609,20.79,1.85,0.036,43.25,577,0.0025
2026-01-06 04:03:44.074609,32.13,9.53,0.109,41.58,420,0.0369
2026-01-06 04:04:44.074609,19.17,2.17,0.007,51.9,486,0.0011
2026-01-06 04:05:44.074609,25.95,1.66,0.048,46.85,688,0.0363
2026-01-06 04:06:44.074609,23.42,1.16,0.011,52.84,527,0.016
2026-01-06 04:07:44.074609,36.63,1.7,0.001,42.67,629,0.0057
2026-01-06 04:08:44.074609,29.1,3.53,0.027,55.24,503,0.0065
2026-01-06 04:09:44.074609,35.45,7.94,0.017,52.39,751,0.0042
2026-01-06 04:10:44.074609,27.91,6.61,0.06,53.09,561,0.003
2026-01-06 04:11:44.074609,32.04,6.54,0.034,52.4,406,0.0191
2026-01-06 04:12:44.074609,27.55,3.29,0.045,47.56,404,0.0004
2026-01-06 04:13:44.074609,29.66,3.77,0.081,32.22,414,0.0085
2026-01-06 04:14:44.074609,25.62,5.33,0.017,52.07,438,0.014
2026-01-06 04:15:44.074609,29.5,1.43,0.006,42.09,580,0.0119
2026-01-06 04:16:44.074609,25.78,2.51,0.009,52.31,657,0.044
2026-01-06 04:17:44.074609,25.58,4.91,0.015,47.34,499,0.0008
2026-01-06 04:18:44.074609,18.65,2.27,0.034,28.04,271,0.0211
2026-01-06 04:19:44.074609,31.39,1.48,0.016,45.08,371,0.0043
2026-01-06 04:20:44.074609,32.59,7.94,0.039,56.38,432,0.0007
2026-01-06 04:21:44.074609,22.52,1.58,0.003,46.44,345,0.0048
2026-01-06 04:22:44.074609,28.01,3.04,0.03,48.39,520,0.0036
2026-01-06 04:23:44.074609,27.22,2.83,0.008,48.64,309,0.0518
2026-01-06 04:24:44.074609,26.19,1.61,0.024,29.44,617,0.0064
2026-01-06 04:25:44.074609,27.54,8.23,0.002,49.66,538,0.0059
2026-01-06 04:26:44.074609,24.19,2.57,0.054,47.73,514,0.003
2026-01-06 04:27:44.074609,21.85,4.79,0.008,57.91,367,0.0041
2026-01-06 04:28:44.074609,26.52,4.77,0.013,44.56,699,0.001
2026-01-06 04:29:44.074609,32.84,14.61,0.023,42.02,561,0.0034
2026-01-06 04:30:44.074609,33.79,2.49,0.083,59.86,449,0.0035
2026-01-06 04:31:44.074609,26.06,3.36,0.046,62.56,335,0.0031
2026-01-06 04:32:44.074609,14.28,13.76,0.118,39.72,503,0.0018
2026-01-06 04:33:44.074609,30.26,3.93,0.018,37.76,685,0.0011
2026-01-06 04:34:44.074609,23.81,1.63,0.002,46.62,588,0.0074
2026-01-06 04:35:44.074609,26.46,2.05,0.117,43.31,633,0.0023
2026-01-06 04:36:44.074609,25.28,3.04,0.007,29.51,443,0.008
2026-01-06 04:37:44.074609,32.89,7.5,0.007,36.29,678,0.0032
2026-01-06 04:38:44.074609,35.04,1.07,0.015,31.91,536,0.0034
2026-01-06 04:39:44.074609,23.26,1.2,0.025,60.77,425,0.0032
2026-01-06 04:40:44.074609,24.57,3.57,0.167,30.53,672,0.0049
2026-01-06 04:41:44.074609,27.24,1.1,0.017,59.41,620,0.0057
2026-01-06 04:42:44.074609,24.15,5.67,0.05,39.25,418,0.0166
2026-01-06 04:43:44.074609,25.31,7.01,0.051,32.52,599,0.0167
2026-01-06 04:44:44.074609,19.98,2.55,0.042,35.77,502,0.0121
2026-01-06 04:45:44.074609,32.35,2.3,0.063,32.97,554,0.0015
2026-01-06 04:46:44.074609,26.59,1.21,0.076,36.76,263,0.0272
2026-01-06 04:47:44.074609,37.1,1.06,0.056,54.8,419,0.0165
2026-01-06 04:48:44.074609,15.07,3.23,0.217,51.56,585,0.0089
2026-01-06 04:49:44.074609,24.21,1.06,0.002,43.83,490,0.0121
2026-01-06 04:50:44.074609,28.83,3.71,0.042,27.85,568,0.0218
2026-01-06 04:51:44.074609,28.74,6.98,0.003,51.55,513,0.0187
2026-01-06 04:52:44.074609,22.47,2.14,0.04,38.43,626,0.0408
2026-01-06 04:53:44.074609,27.07,1.18,0.02,36.08,430,0.0295
2026-01-06 04:54:44.074609,21.68,2.67,0.02,58.93,606,0.0412
2026-01-06 04:55:44.074609,36.34,2.44,0.009,47.93,312,0.0055
2026-01-06 04:56:44.074609,18.58,4.57,0.026,71.74,606,0.0052
2026-01-06 04:57:44.074609,26.96,1.49,0.065,39.96,520,0.0047
2026-01-06 04:58:44.074609,26.59,8.47,0.215,50.95,631,0.0016
2026-01-06 04:59:44.074609,26.01,1.21,0.054,26.79,534,0.0111
2026-01-06 05:00:44.074609,22.8,2.18,0.148,44.82,652,0.0251
2026-01-06 05:01:44.074609,29.91,1.5,0.034,53.1,529,0.0079
2026-01-06 05:02:44.074609,33.01,10.32,0.001,44.08,474,0.0258
2026-01-06 05:03:44.074609,33.24,4.21,0.019,58.47,723,0.0036
2026-01-06 05:04:44.074609,30.39,5.76,0.019,53.25,481,0.0054
2026-01-06 05:05:44.074609,20.36,1.2,0.063,46.79,549,0.0186
2026-01-06 05:06:44.074609,29.71,2.43,0.066,41.44,506,0.0051
2026-01-06 05:07:44.074609,26.35,1.86,0.004,56.78,696,0.016
2026-01-06 05:08:44.074609,20.11,1.16,0.027,29.6,431,0.0014
2026-01-06 05:09:44.074609,30.23,2.59,0.023,53.52,554,0.0098
2026-01-06 05:10:44.074609,30.98,2.04,0.137,26.87,493,0.0046
2026-01-06 05:11:44.074609,25.8,1.1,0.013,42.36,467,0.0054
2026-01-06 05:12:44.074609,25.35,3.63,0.019,61.99,510,0.0119
2026-01-06 05:13:44.074609,30.15,3.77,0.022,27.7,608,0.0045
2026-01-06 05:14:44.074609,31.0,1.05,0.021,32.92,444,0.0273
2026-01-06 05:15:44.074609,28.92,1.03,0.005,66.55,450,0.0005
2026-01-06 05:16:44.074609,34.63,6.24,0.018,48.06,492,0.0002
2026-01-06 05:17:44.074609,32.93,2.11,0.203,42.81,627,0.0164
2026-01-06 05:18:44.074609,35.59,2.72,0.015,36.46,380,0.0096
2026-01-06 05:19:44.074609,27.49,2.55,0.079,57.5,600,0.0011
2026-01-06 05:20:44.074609,21.32,1.36,0.052,34.93,702,0.0082
2026-01-06 05:21:44.074609,27.8,3.68,0.024,46.96,425,0.0025
2026-01-06 05:22:44.074609,28.04,3.48,0.055,32.05,315,0.0069
2026-01-06 05:23:44.074609,25.84,2.15,0.037,44.67,497,0.0258
2026-01-06 05:24:44.074609,22.92,4.47,0.076,54.03,518,0.0016
2026-01-06 05:25:44.074609,39.55,7.2,0.018,33.66,487,0.018
2026-01-06 05:26:44.074609,12.52,2.78,0.04,48.13,364,0.0043
2026-01-06 05:27:44.074609,28.83,8.16,0.01,39.32,458,0.0035
2026-01-06 05:28:44.074609,19.26,5.27,0.021,41.02,461,0.0111
2026-01-06 05:29:44.074609,39.59,3.31,0.038,60.6,436,0.0067
2026-01-06 05:30:44.074609,22.64,4.4,0.016,50.27,551,0.0032
2026-01-06 05:31:44.074609,16.67,1.63,0.082,52.83,502,0.0245
2026-01-06 05:32:44.074609,28.49,4.08,0.042,29.11,488,0.0009
2026-01-06 05:33:44.074609,38.2,3.14,0.059,26.71,446,0.0054
2026-01-06 05:34:44.074609,21.34,1.62,0.118,38.86,527,0.0125
2026-01-06 05:35:44.074609,34.87,14.75,0.048,71.74,649,0.0174
2026-01-06 05:36:44.074609,25.52,5.65,0.03,53.42,596,0.0038
2026-01-06 05:37:44.074609,29.74,4.39,0.042,33.91,430,0.0123
2026-01-06 05:38:44.074609,22.6,10.86,0.145,55.11,505,0.0003
2026-01-06 05:39:44.074609,27.09,5.56,0.0,56.34,526,0.0027
2026-01-06 05:40:44.074609,33.06,2.28,0.011,26.83,419,0.0076
2026-01-06 05:41:44.074609,25.01,2.51,0.008,42.14,500,0.0097
2026-01-06 05:42:44.074609,34.48,1.49,0.069,44.83,546,0.0328
2026-01-06 05:43:44.074609,24.76,3.13,0.061,33.61,468,0.0091
2026-01-06 05:44:44.074609,39.17,3.13,0.03,43.64,355,0.0021
2026-01-06 05:45:44.074609,26.8,1.08,0.041,40.42,488,0.0392
2026-01-06 05:46:44.074609,23.34,1.03,0.023,35.77,546,0.0082
2026-01-06 05:47:44.074609,22.91,7.76,0.011,37.72,389,0.0033
2026-01-06 05:48:44.074609,25.23,2.04,0.02,58.14,576,0.0071
2026-01-06 05:49:44.074609,34.13,20.0,0.03,49.25,498,0.0152
2026-01-06 05:50:44.074609,31.55,3.55,0.108,63.4,451,0.0063
2026-01-06 05:51:44.074609,26.61,1.25,0.008,28.81,507,0.005
2026-01-06 05:52:44.074609,31.71,4.34,0.041,35.38,425,0.0089
2026-01-06 05:53:44.074609,25.69,2.15,0.099,42.15,456,0.0092
2026-01-06 05:54:44.074609,28.13,2.67,0.092,42.31,551,0.0153
2026-01-06 05:55:44.074609,21.35,1.64,0.057,34.6,475,0.0167
2026-01-06 05:56:44.074609,18.2,5.71,0.097,47.97,384,0.0246
2026-01-06 05:57:44.074609,31.79,4.79,0.13,33.32,620,0.0005
2026-01-06 05:58:44.074609,27.67,2.64,0.029,31.25,782,0.0344
2026-01-06 05:59:44.074609,26.49,11.39,0.029,41.71,420,0.0033
2026-01-06 06:00:44.074609,28.24,1.12,0.007,57.95,565,0.0204
2026-01-06 06:01:44.074609,23.11,3.53,0.004,33.12,492,0.0337
2026-01-06 06:02:44.074609,35.17,1.37,0.007,33.55,440,0.0119
2026-01-06 06:03:44.074609,23.15,3.13,0.03,37.22,593,0.0085
2026-01-06 06:04:44.074609,32.54,3.68,0.092,43.9,497,0.0024
2026-01-06 06:05:44.074609,26.96,2.33,0.005,40.74,532,0.0026
2026-01-06 06:06:44.074609,36.2,5.27,0.055,50.32,436,0.0345
2026-01-06 06:07:44.074609,32.46,8.01,0.016,57.27,585,0.0214
2026-01-06 06:08:44.074609,20.07,3.88,0.189,51.02,448,0.0262
2026-01-06 06:09:44.074609,30.31,1.68,0.153,44.19,760,0.0006
2026-01-06 06:10:44.074609,38.12,1.12,0.0,19.15,675,0.0282
2026-01-06 06:11:44.074609,34.49,1.02,0.054,32.33,475,0.0038
2026-01-06 06:12:44.074609,31.27,3.95,0.02,29.57,433,0.0042
2026-01-06 06:13:44.074609,30.47,3.62,0.001,47.29,619,0.0082
2026-01-06 06:14:44.074609,21.77,2.23,0.008,51.33,480,0.0167
2026-01-06 06:15:44.074609,30.55,2.56,0.031,25.32,525,0.002
2026-01-06 06:16:44.074609,36.16,1.94,0.042,45.82,694,0.0097
2026-01-06 06:17:44.074609,28.75,12.34,0.013,59.45,485,0.0076
2026-01-06 06:18:44.074609,28.86,2.83,0.023,55.32,559,0.0022
2026-01-06 06:19:44.074609,27.74,8.38,0.055,49.47,367,0.0147
2026-01-06 06:20:44.074609,34.53,1.09,0.041,59.75,612,0.019
2026-01-06 06:21:44.074609,24.22,3.88,0.191,48.69,553,0.0083
2026-01-06 06:22:44.074609,20.48,2.49,0.155,37.73,474,0.0328
2026-01-06 06:23:44.074609,22.73,1.99,0.132,57.62,528,0.0024
2026-01-06 06:24:44.074609,17.92,17.03,0.073,60.83,543,0.0248
2026-01-06 06:25:44.074609,25.76,2.49,0.083,55.83,535,0.0014
2026-01-06 06:26:44.074609,28.78,4.52,0.052,39.84,597,0.0116
2026-01-06 06:27:44.074609,21.69,5.11,0.162,65.59,614,0.0038
2026-01-06 06:28:44.074609,23.02,6.61,0.029,60.13,471,0.0069
2026-01-06 06:29:44.074609,35.87,4.12,0.107,57.6,615,0.0034
2026-01-06 06:30:44.074609,16.44,4.51,0.004,51.78,590,0.0024
2026-01-06 06:31:44.074609,32.61,5.45,0.084,38.9,468,0.0065
2026-01-06 06:32:44.074609,28.35,4.28,0.009,47.4,537,0.0008
2026-01-06 06:33:44.074609,26.49,2.81,0.076,52.91,414,0.003
2026-01-06 06:34:44.074609,38.36,3.18,0.043,58.08,662,0.0096
2026-01-06 06:35:44.074609,42.05,2.02,0.009,34.63,447,0.0007
2026-01-06 06:36:44.074609,28.18,1.85,0.011,30.55,358,0.0012
2026-01-06 06:37:44.074609,33.79,1.93,0.052,39.25,180,0.0021
2026-01-06 06:38:44.074609,26.77,2.01,0.002,38.58,596,0.0025
2026-01-06 06:39:44.074609,22.07,1.92,0.001,36.03,364,0.0074
2026-01-06 06:40:44.074609,15.79,2.95,0.076,31.25,494,0.0012
2026-01-06 06:41:44.074609,29.19,2.56,0.01,51.4,530,0.0107
2026-01-06 06:42:44.074609,16.87,4.53,0.03,58.09,438,0.026
2026-01-06 06:43:44.074609,28.08,1.25,0.004,53.42,652,0.0069
2026-01-06 06:44:44.074609,23.99,3.96,0.093,41.59,487,0.018
2026-01-06 06:45:44.074609,29.21,3.22,0.057,47.55,401,0.0094
2026-01-06 06:46:44.074609,22.88,4.98,0.025,50.26,488,0.0073
2026-01-06 06:47:44.074609,23.77,4.17,0.025,28.2,549,0.0043
2026-01-06 06:48:44.074609,33.0,5.6,0.018,55.79,694,0.0108
2026-01-06 06:49:44.074609,32.02,6.54,0.029,64.27,557,0.0022
2026-01-06 06:50:44.074609,30.88,2.81,0.09,41.05,356,0.0005
2026-01-06 06:51:44.074609,22.65,1.72,0.025,36.27,441,0.0087
2026-01-06 06:52:44.074609,31.43,3.45,0.085,31.48,448,0.0222
2026-01-06 06:53:44.074609,29.71,1.29,0.001,56.02,450,0.0015
2026-01-06 06:54:44.074609,24.63,1.91,0.021,53.21,599,0.0011
2026-01-06 06:55:44.074609,28.77,1.81,0.004,40.9,668,0.0036
2026-01-06 06:56:44.074609,24.03,2.98,0.011,25.81,403,0.0057
2026-01-06 06:57:44.074609,22.59,1.29,0.015,44.25,467,0.0002
2026-01-06 06:58:44.074609,24.72,2.3,0.012,42.67,310,0.0312
2026-01-06 06:59:44.074609,34.07,6.25,0.142,45.83,483,0.0011
2026-01-06 07:00:44.074609,27.12,3.54,0.038,34.66,417,0.0124
2026-01-06 07:01:44.074609,33.4,4.74,0.028,28.54,535,0.001
2026-01-06 07:02:44.074609,25.84,6.31,0.091,64.37,606,0.0044
2026-01-06 07:03:44.074609,24.8,3.46,0.0,52.08,438,0.002
2026-01-06 07:04:44.074609,36.76,3.03,0.078,51.24,738,0.0189
2026-01-06 07:05:44.074609,31.97,2.74,0.0,40.78,559,0.0066
2026-01-06 07:06:44.074609,29.5,2.82,0.082,55.54,328,0.0173
2026-01-06 07:07:44.074609,14.67,3.55,0.022,64.48,343,0.0215
2026-01-06 07:08:44.074609,35.33,1.76,0.019,45.55,546,0.0043
2026-01-06 07:09:44.074609,29.79,3.55,0.11,51.17,478,0.0166
2026-01-06 07:10:44.074609,23.04,2.46,0.131,40.63,406,0.0055
2026-01-06 07:11:44.074609,22.07,1.03,0.188,51.06,469,0.0066
2026-01-06 07:12:44.074609,30.82,3.01,0.102,56.88,535,0.0243
2026-01-06 07:13:44.074609,18.09,3.07,0.095,50.26,590,0.0226
2026-01-06 07:14:44.074609,28.55,2.4,0.03,37.81,532,0.0063
2026-01-06 07:15:44.074609,28.35,9.58,0.008,43.44,615,0.0143
2026-01-06 07:16:44.074609,35.31,4.57,0.012,36.74,448,0.0254
2026-01-06 07:17:44.074609,29.9,2.79,0.04,45.2,561,0.0026
2026-01-06 07:18:44.074609,30.82,2.02,0.005,50.64,558,0.0008
2026-01-06 07:19:44.074609,25.63,3.34,0.037,28.58,465,0.0042
2026-01-06 07:20:44.074609,23.98,2.14,0.077,43.78,274,0.0076
2026-01-06 07:21:44.074609,22.54,5.54,0.101,33.32,510,0.01
2026-01-06 07:22:44.074609,25.06,5.01,0.059,58.15,447,0.0187
2026-01-06 07:23:44.074609,30.62,1.6,0.095,29.36,412,0.0098
2026-01-06 07:24:44.074609,31.51,3.14,0.015,69.46,403,0.0173
2026-01-06 07:25:44.074609,29.33,1.02,0.086,34.36,577,0.0092
2026-01-06 07:26:44.074609,22.36,1.15,0.01,50.5,466,0.0066
2026-01-06 07:27:44.074609,32.42,8.42,0.208,52.07,548,0.0044
2026-01-06 07:28:44.074609,24.88,3.7,0.097,40.54,518,0.0059
2026-01-06 07:29:44.074609,27.3,1.74,0.0,37.42,551,0.0161
2026-01-06 07:30:44.074609,32.7,6.62,0.196,49.36,443,0.0132
2026-01-06 07:31:44.074609,23.22,1.58,0.122,29.62,527,0.0072
2026-01-06 07:32:44.074609,32.58,1.8,0.078,44.82,476,0.0197
2026-01-06 07:33:44.074609,35.87,1.22,0.017,58.34,465,0.004
2026-01-06 07:34:44.074609,28.24,2.31,0.035,37.96,288,0.0079
2026-01-06 07:35:44.074609,26.49,6.36,0.031,42.86,411,0.0019
2026-01-06 07:36:44.074609,16.8,1.82,0.036,41.17,279,0.0016
2026-01-06 07:37:44.074609,25.5,2.43,0.107,34.26,505,0.0127
2026-01-06 07:38:44.074609,30.73,9.21,0.014,38.01,466,0.0083
2026-01-06 07:39:44.074609,31.87,1.69,0.059,43.7,385,0.0229
2026-01-06 07:40:44.074609,36.73,2.71,0.011,44.52,539,0.0023
2026-01-06 07:41:44.074609,34.66,3.15,0.05,29.35,418,0.0038
2026-01-06 07:42:44.074609,29.44,5.14,0.053,42.38,441,0.0268
2026-01-06 07:43:44.074609,29.71,1.23,0.047,53.54,497,0.0
2026-01-06 07:44:44.074609,37.16,4.3,0.086,61.48,567,0.0009
2026-01-06 07:45:44.074609,31.87,2.21,0.058,59.98,615,0.002
2026-01-06 07:46:44.074609,36.77,2.05,0.238,38.29,489,0.0229
2026-01-06 07:47:44.074609,25.57,1.98,0.166,33.13,647,0.0091
2026-01-06 07:48:44.074609,22.77,1.13,0.024,48.49,530,0.0038
2026-01-06 07:49:44.074609,28.53,3.99,0.065,24.41,519,0.0002
2026-01-06 07:50:44.074609,28.4,5.77,0.047,67.37,555,0.0214
2026-01-06 07:51:44.074609,20.75,2.72,0.129,46.65,447,0.0125
2026-01-06 07:52:44.074609,30.55,1.89,0.021,19.88,367,0.0003
2026-01-06 07:53:44.074609,30.54,3.27,0.009,49.37,446,0.0019
2026-01-06 07:54:44.074609,25.52,7.27,0.033,41.91,451,0.0299
2026-01-06 07:55:44.074609,44.73,3.24,0.006,63.56,468,0.0059
2026-01-06 07:56:44.074609,28.28,7.9,0.073,51.11,303,0.0018
2026-01-06 07:57:44.074609,19.33,1.82,0.077,34.74,312,0.0236
2026-01-06 07:58:44.074609,23.53,1.49,0.015,32.44,418,0.0088
2026-01-06 07:59:44.074609,24.27,1.47,0.011,46.33,427,0.0157
2026-01-06 08:00:44.074609,20.8,1.74,0.055,46.69,452,0.0158
2026-01-06 08:01:44.074609,20.48,2.2,0.082,49.48,341,0.027
2026-01-06 08:02:44.074609,25.08,4.04,0.082,68.21,390,0.0021
2026-01-06 08:03:44.074609,38.45,2.27,0.059,44.78,435,0.0014
2026-01-06 08:04:44.074609,14.63,4.16,0.013,47.04,625,0.0082
2026-01-06 08:05:44.074609,14.83,11.17,0.079,50.91,425,0.0027
2026-01-06 08:06:44.074609,31.06,1.09,0.051,30.4,399,0.0101
2026-01-06 08:07:44.074609,26.5,8.53,0.002,46.62,571,0.0062
2026-01-06 08:08:44.074609,27.43,8.82,0.014,76.41,430,0.0161
2026-01-06 08:09:44.074609,26.95,6.86,0.032,58.68,489,0.0015
2026-01-06 08:10:44.074609,27.72,6.72,0.019,57.3,375,0.009
2026-01-06 08:11:44.074609,28.08,3.88,0.097,43.34,260,0.0046
2026-01-06 08:12:44.074609,32.97,1.01,0.002,44.92,604,0.002
2026-01-06 08:13:44.074609,25.07,8.18,0.037,38.59,503,0.0094
2026-01-06 08:14:44.074609,35.25,3.83,0.002,55.94,483,0.0067
2026-01-06 08:15:44.074609,33.36,2.44,0.036,19.05,498,0.0024
2026-01-06 08:16:44.074609,24.59,1.18,0.053,44.55,331,0.0005
2026-01-06 08:17:44.074609,22.37,5.75,0.003,45.74,595,0.0078
2026-01-06 08:18:44.074609,22.67,9.94,0.025,60.65,540,0.0156
2026-01-06 08:19:44.074609,26.77,5.02,0.088,47.03,469,0.0098
2026-01-06 08:20:44.074609,33.91,3.41,0.046,54.66,385,0.0124
2026-01-06 08:21:44.074609,26.11,2.65,0.069,31.37,470,0.0106
2026-01-06 08:22:44.074609,38.87,1.91,0.013,49.52,479,0.0093
2026-01-06 08:23:44.074609,32.73,1.78,0.02,55.81,465,0.0066
2026-01-06 08:24:44.074609,29.41,3.07,0.032,35.06,414,0.0132
2026-01-06 08:25:44.074609,31.53,6.62,0.091,30.04,546,0.0092
2026-01-06 08:26:44.074609,21.95,1.99,0.025,48.1,320,0.0163
2026-01-06 08:27:44.074609,29.53,2.98,0.159,51.25,409,0.0194
2026-01-06 08:28:44.074609,42.26,1.61,0.009,49.22,532,0.0008
2026-01-06 08:29:44.074609,25.16,4.65,0.007,59.88,589,0.0225
2026-01-06 08:30:44.074609,26.32,2.86,0.147,43.05,449,0.0067
2026-01-06 08:31:44.074609,35.77,1.61,0.04,35.25,448,0.001
2026-01-06 08:32:44.074609,25.1,3.6,0.15,45.06,394,0.0116
2026-01-06 08:33:44.074609,32.35,1.55,0.001,44.91,599,0.0029
2026-01-06 08:34:44.074609,15.95,1.55,0.082,42.55,367,0.0309
2026-01-06 08:35:44.074609,27.23,2.34,0.037,69.41,577,0.0105
2026-01-06 08:36:44.074609,30.58,5.69,0.005,50.69,464,0.0077
2026-01-06 08:37:44.074609,36.01,5.05,0.061,43.78,515,0.0261
2026-01-06 08:38:44.074609,38.27,7.64,0.02,46.45,511,0.0096
2026-01-06 08:39:44.074609,38.06,1.53,0.005,51.21,528,0.0013
2026-01-06 08:40:44.074609,34.45,2.62,0.018,45.21,606,0.0086
2026-01-06 08:41:44.074609,31.4,8.98,0.079,38.72,626,0.0021
2026-01-06 08:42:44.074609,27.35,1.36,0.029,39.28,424,0.0088
2026-01-06 08:43:44.074609,33.12,1.77,0.287,42.32,524,0.0014
2026-01-06 08:44:44.074609,15.21,3.6,0.163,36.7,580,0.0058
2026-01-06 08:45:44.074609,22.65,7.51,0.024,43.36,313,0.0017
2026-01-06 08:46:44.074609,27.22,7.97,0.002,60.21,433,0.0037
2026-01-06 08:47:44.074609,38.76,16.94,0.071,27.86,407,0.0173
2026-01-06 08:48:44.074609,21.98,2.67,0.023,60.34,513,0.0133
2026-01-06 08:49:44.074609,30.75,1.02,0.038,23.03,599,0.0024
2026-01-06 08:50:44.074609,28.82,6.23,0.063,34.63,662,0.0046
2026-01-06 08:51:44.074609,31.69,3.65,0.101,43.28,569,0.018
2026-01-06 08:52:44.074609,23.39,6.35,0.077,47.15,308,0.0036
2026-01-06 08:53:44.074609,20.38,2.0,0.059,34.78,385,0.0118
2026-01-06 08:54:44.074609,30.69,2.03,0.011,37.68,632,0.0084
2026-01-06 08:55:44.074609,30.1,1.7,0.009,32.54,628,0.0019
2026-01-06 08:56:44.074609,24.74,1.37,0.002,28.72,437,0.0035
2026-01-06 08:57:44.074609,29.2,1.09,0.06,44.74,576,0.0243
2026-01-06 08:58:44.074609,26.17,2.47,0.013,49.84,492,0.0033
2026-01-06 08:59:44.074609,32.16,1.15,0.04,38.23,402,0.0064
2026-01-06 09:00:44.074609,17.06,3.1,0.053,52.69,607,0.005
2026-01-06 09:01:44.074609,38.83,4.15,0.153,42.27,651,0.0219
2026-01-06 09:02:44.074609,19.84,2.55,0.032,45.94,579,0.0161
2026-01-06 09:03:44.074609,28.13,1.35,0.086,51.97,493,0.0079
2026-01-06 09:04:44.074609,27.78,3.0,0.094,39.63,335,0.0093
2026-01-06 09:05:44.074609,30.86,10.71,0.004,45.23,679,0.0064
2026-01-06 09:06:44.074609,22.5,1.21,0.011,45.44,369,0.0113
2026-01-06 09:07:44.074609,23.18,5.81,0.098,41.1,442,0.0009
2026-01-06 09:08:44.074609,18.55,1.78,0.073,57.72,336,0.0292
2026-01-06 09:09:44.074609,25.52,2.37,0.011,62.33,454,0.0006
2026-01-06 09:10:44.074609,29.14,1.33,0.014,54.74,534,0.0491
2026-01-06 09:11:44.074609,23.73,1.98,0.007,49.48,517,0.0237
2026-01-06 09:12:44.074609,22.11,4.46,0.081,12.32,607,0.0277
2026-01-06 09:13:44.074609,25.73,2.21,0.005,62.55,459,0.0072
2026-01-06 09:14:44.074609,29.69,4.04,0.068,40.98,681,0.002
2026-01-06 09:15:44.074609,36.87,1.51,0.164,51.62,623,0.011
2026-01-06 09:16:44.074609,33.07,2.73,0.039,40.74,325,0.0057
2026-01-06 09:17:44.074609,32.65,2.58,0.04,38.09,491,0.0143
2026-01-06 09:18:44.074609,20.81,2.76,0.041,36.51,654,0.0044
2026-01-06 09:19:44.074609,28.38,4.68,0.044,36.94,401,0.0017
2026-01-06 09:20:44.074609,22.58,1.14,0.028,49.9,412,0.0326
2026-01-06 09:21:44.074609,32.44,1.51,0.118,48.93,494,0.0025
2026-01-06 09:22:44.074609,27.73,8.33,0.013,40.68,485,0.0099
2026-01-06 09:23:44.074609,30.39,7.69,0.035,45.72,359,0.0014
2026-01-06 09:24:44.074609,37.23,7.07,0.04,37.83,487,0.0109
2026-01-06 09:25:44.074609,19.41,7.28,0.01,39.01,644,0.0189
2026-01-06 09:26:44.074609,27.9,6.12,0.113,27.29,427,0.0018
2026-01-06 09:27:44.074609,29.46,1.14,0.045,34.24,550,0.0175
2026-01-06 09:28:44.074609,35.06,1.92,0.004,53.03,554,0.007
2026-01-06 09:29:44.074609,26.55,1.66,0.032,58.09,485,0.0016
2026-01-06 09:30:44.074609,19.3,1.62,0.107,42.24,461,0.0541
2026-01-06 09:31:44.074609,37.49,6.59,0.037,61.09,460,0.0141
2026-01-06 09:32:44.074609,19.65,7.18,0.016,36.45,381,0.0091
2026-01-06 09:33:44.074609,30.57,12.45,0.057,41.86,555,0.0031
2026-01-06 09:34:44.074609,32.94,2.15,0.034,48.72,529,0.01
2026-01-06 09:35:44.074609,22.21,5.05,0.046,54.02,645,0.0075
2026-01-06 09:36:44.074609,27.85,9.11,0.008,40.69,504,0.0022
2026-01-06 09:37:44.074609,26.27,6.15,0.031,27.05,577,0.0141
2026-01-06 09:38:44.074609,28.12,1.15,0.01,57.47,411,0.0028
2026-01-06 09:39:44.074609,19.06,3.68,0.112,29.42,504,0.007
2026-01-06 09:40:44.074609,28.64,4.44,0.055,62.14,517,0.0068
2026-01-06 09:41:44.074609,15.91,5.41,0.011,33.38,677,0.0092
2026-01-06 09:42:44.074609,24.25,3.36,0.029,52.38,627,0.0208
2026-01-06 09:43:44.074609,23.87,3.9,0.002,49.27,362,0.0193
2026-01-06 09:44:44.074609,17.8,1.6,0.052,63.43,526,0.0104
2026-01-06 09:45:44.074609,30.82,3.96,0.036,42.05,598,0.0006
2026-01-06 09:46:44.074609,27.89,2.48,0.092,46.07,464,0.0052
2026-01-06 09:47:44.074609,30.13,6.33,0.031,32.31,455,0.0398
2026-01-06 09:48:44.074609,23.02,1.35,0.009,37.14,546,0.0028
2026-01-06 09:49:44.074609,30.03,2.53,0.002,33.75,573,0.0159
2026-01-06 09:50:44.074609,25.15,4.09,0.004,45.92,602,0.0068
2026-01-06 09:51:44.074609,35.31,1.2,0.022,47.72,666,0.0049
2026-01-06 09:52:44.074609,28.66,2.57,0.003,47.11,482,0.0171
2026-01-06 09:53:44.074609,22.46,2.74,0.021,29.86,463,0.0206
2026-01-06 09:54:44.074609,31.3,2.82,0.075,39.59,588,0.0102
2026-01-06 09:55:44.074609,24.55,2.9,0.018,69.01,547,0.0003
2026-01-06 09:56:44.074609,17.18,9.14,0.052,38.02,490,0.0099
2026-01-06 09:57:44.074609,28.66,2.56,0.054,39.24,447,0.0029
2026-01-06 09:58:44.074609,19.29,1.26,0.02,51.75,667,0.0331
2026-01-06 09:59:44.074609,17.09,4.55,0.027,37.75,554,0.0069
2026-01-06 10:00:44.074609,32.15,3.07,0.075,80.0,1657,0.0007
2026-01-06 10:01:44.074609,30.98,2.14,0.2,80.0,1156,0.0037
2026-01-06 10:02:44.074609,36.35,4.83,0.02,80.0,1345,0.0125
2026-01-06 10:03:44.074609,33.52,3.08,0.07,80.0,1397,0.001
2026-01-06 10:04:44.074609,33.25,1.4,0.009,80.0,810,0.0172
2026-01-06 10:05:44.074609,29.05,1.52,0.003,80.0,1355,0.013
2026-01-06 10:06:44.074609,28.05,8.79,0.012,70.99,1076,0.003
2026-01-06 10:07:44.074609,24.97,2.88,0.052,80.0,1153,0.0342
2026-01-06 10:08:44.074609,27.6,5.76,0.056,80.0,1202,0.0012
2026-01-06 10:09:44.074609,32.65,1.78,0.052,80.0,1325,0.0037
2026-01-06 10:10:44.074609,32.8,1.64,0.013,80.0,1767,0.0091
2026-01-06 10:11:44.074609,30.89,2.11,0.1,80.0,1157,0.01
2026-01-06 10:12:44.074609,40.33,1.15,0.051,80.0,1116,0.0085
2026-01-06 10:13:44.074609,25.39,1.28,0.019,76.3,1246,0.0064
2026-01-06 10:14:44.074609,34.51,3.98,0.033,80.0,1156,0.01
2026-01-06 10:15:44.074609,32.71,1.01,0.003,80.0,1314,0.0317
2026-01-06 10:16:44.074609,36.2,2.69,0.027,80.0,1150,0.0048
2026-01-06 10:17:44.074609,31.29,6.64,0.019,80.0,1270,0.0166
2026-01-06 10:18:44.074609,24.48,1.87,0.092,64.31,1413,0.0201
2026-01-06 10:19:44.074609,40.22,3.1,0.016,80.0,1112,0.0028
2026-01-06 10:20:44.074609,29.62,1.98,0.003,80.0,1113,0.0113
2026-01-06 10:21:44.074609,31.83,3.13,0.09,78.77,1436,0.0099
2026-01-06 10:22:44.074609,32.47,1.08,0.024,80.0,1724,0.0054
2026-01-06 10:23:44.074609,23.69,8.19,0.027,80.0,1257,0.0154
2026-01-06 10:24:44.074609,31.3,3.28,0.098,66.12,1730,0.0207
2026-01-06 10:25:44.074609,30.79,2.26,0.063,80.0,1069,0.0393
2026-01-06 10:26:44.074609,29.52,1.72,0.021,80.0,972,0.0153
2026-01-06 10:27:44.074609,28.62,3.23,0.054,80.0,1605,0.0147
2026-01-06 10:28:44.074609,36.57,1.31,0.009,80.0,1681,0.0056
2026-01-06 10:29:44.074609,17.76,3.68,0.02,80.0,954,0.0142
2026-01-06 10:30:44.074609,34.65,5.56,0.043,80.0,1664,0.0493
2026-01-06 10:31:44.074609,42.69,4.18,0.013,80.0,874,0.0071
2026-01-06 10:32:44.074609,30.86,1.09,0.024,76.44,1028,0.0008
2026-01-06 10:33:44.074609,28.59,6.05,0.09,80.0,1154,0.0128
2026-01-06 10:34:44.074609,22.55,3.08,0.097,80.0,1516,0.0155
2026-01-06 10:35:44.074609,32.63,1.27,0.015,80.0,1332,0.0186
2026-01-06 10:36:44.074609,22.41,1.43,0.073,80.0,1161,0.0249
2026-01-06 10:37:44.074609,26.86,2.35,0.005,80.0,654,0.0098
2026-01-06 10:38:44.074609,26.59,7.06,0.018,58.96,1443,0.0004
2026-01-06 10:39:44.074609,34.15,1.01,0.014,80.0,1488,0.0143
2026-01-06 10:40:44.074609,27.59,2.51,0.009,80.0,1139,0.006
2026-01-06 10:41:44.074609,25.59,5.1,0.016,80.0,1321,0.005
2026-01-06 10:42:44.074609,37.04,3.83,0.017,80.0,1255,0.0037
2026-01-06 10:43:44.074609,28.18,1.17,0.014,80.0,1489,0.0043
2026-01-06 10:44:44.074609,34.66,3.22,0.002,80.0,1032,0.0184
2026-01-06 10:45:44.074609,30.24,11.56,0.067,80.0,1091,0.0295
2026-01-06 10:46:44.074609,25.68,1.75,0.029,80.0,694,0.0027
2026-01-06 10:47:44.074609,24.06,3.76,0.022,80.0,1459,0.0336
2026-01-06 10:48:44.074609,24.59,7.11,0.005,80.0,1140,0.0083
2026-01-06 10:49:44.074609,38.63,1.3,0.102,80.0,1278,0.0172
2026-01-06 10:50:44.074609,40.76,4.3,0.04,73.28,1221,0.0032
2026-01-06 10:51:44.074609,29.05,9.48,0.016,80.0,1416,0.0145
2026-01-06 10:52:44.074609,28.65,4.34,0.008,80.0,1563,0.051
2026-01-06 10:53:44.074609,37.17,4.97,0.045,80.0,1427,0.0005
2026-01-06 10:54:44.074609,41.09,2.27,0.019,80.0,1668,0.0094
2026-01-06 10:55:44.074609,31.8,1.74,0.001,80.0,1415,0.0016
2026-01-06 10:56:44.074609,23.19,1.26,0.177,79.39,1290,0.0086
2026-01-06 10:57:44.074609,27.84,2.63,0.025,80.0,1156,0.0005
2026-01-06 10:58:44.074609,37.04,1.73,0.012,80.0,1270,0.0031
2026-01-06 10:59:44.074609,23.41,2.19,0.071,80.0,860,0.0156
2026-01-06 11:00:44.074609,18.02,5.32,0.01,80.0,1182,0.0061
2026-01-06 11:01:44.074609,23.32,1.18,0.009,80.0,826,0.0226
2026-01-06 11:02:44.074609,24.14,3.37,0.049,80.0,1733,0.0147
2026-01-06 11:03:44.074609,27.37,1.27,0.215,80.0,1590,0.0141
2026-01-06 11:04:44.074609,37.07,3.85,0.032,80.0,1542,0.0235
2026-01-06 11:05:44.074609,36.93,1.27,0.048,80.0,1560,0.0084
2026-01-06 11:06:44.074609,23.69,1.35,0.038,80.0,1184,0.007
2026-01-06 11:07:44.074609,42.53,4.31,0.241,80.0,1587,0.0018
2026-01-06 11:08:44.074609,24.62,5.9,0.077,80.0,1338,0.0439
2026-01-06 11:09:44.074609,30.25,3.58,0.11,80.0,1884,0.0092
2026-01-06 11:10:44.074609,30.39,4.14,0.043,80.0,668,0.0205
2026-01-06 11:11:44.074609,33.56,2.6,0.077,80.0,1646,0.0084
2026-01-06 11:12:44.074609,24.47,2.07,0.03,80.0,894,0.0057
2026-01-06 11:13:44.074609,33.98,3.19,0.089,80.0,1064,0.0119
2026-01-06 11:14:44.074609,33.18,4.12,0.071,80.0,1223,0.0147
2026-01-06 11:15:44.074609,35.85,3.19,0.0,80.0,1282,0.0038
2026-01-06 11:16:44.074609,43.21,1.06,0.011,80.0,958,0.0147
2026-01-06 11:17:44.074609,36.05,7.9,0.049,80.0,1081,0.0008
2026-01-06 11:18:44.074609,35.18,2.36,0.062,80.0,1274,0.0099
2026-01-06 11:19:44.074609,39.53,1.5,0.084,80.0,995,0.0018
2026-01-06 11:20:44.074609,28.78,13.33,0.049,80.0,1057,0.0047
2026-01-06 11:21:44.074609,35.89,14.33,0.003,80.0,1167,0.004
2026-01-06 11:22:44.074609,35.65,1.41,0.215,80.0,1332,0.003
2026-01-06 11:23:44.074609,37.39,6.65,0.039,80.0,1736,0.015
2026-01-06 11:24:44.074609,33.54,1.56,0.067,80.0,860,0.0008
2026-01-06 11:25:44.074609,26.01,8.33,0.049,80.0,1279,0.0035
2026-01-06 11:26:44.074609,31.54,1.3,0.05,78.03,1046,0.0505
2026-01-06 11:27:44.074609,30.66,1.15,0.011,80.0,1219,0.0069
2026-01-06 11:28:44.074609,19.36,1.08,0.144,80.0,1258,0.0121
2026-01-06 11:29:44.074609,32.34,4.63,0.21,80.0,1021,0.001
2026-01-06 11:30:44.074609,28.71,1.22,0.083,80.0,1096,0.001
2026-01-06 11:31:44.074609,27.04,1.6,0.061,80.0,1311,0.0038
2026-01-06 11:32:44.074609,33.56,2.31,0.01,80.0,1458,0.0089
2026-01-06 11:33:44.074609,34.2,2.09,0.022,80.0,1214,0.0012
2026-01-06 11:34:44.074609,23.21,4.18,0.009,80.0,1438,0.0222
2026-01-06 11:35:44.074609,28.73,1.03,0.109,78.29,1290,0.0098
2026-01-06 11:36:44.074609,20.36,5.7,0.014,80.0,1338,0.0122
2026-01-06 11:37:44.074609,32.18,1.14,0.01,80.0,1229,0.0029
2026-01-06 11:38:44.074609,22.63,2.94,0.037,56.9,1264,0.003
2026-01-06 11:39:44.074609,34.57,5.34,0.012,80.0,1325,0.0014
2026-01-06 11:40:44.074609,34.41,4.74,0.017,64.68,1229,0.0009
2026-01-06 11:41:44.074609,35.17,1.79,0.014,80.0,1576,0.0008
2026-01-06 11:42:44.074609,29.41,5.96,0.128,80.0,1273,0.0031
2026-01-06 11:43:44.074609,29.28,6.01,0.003,80.0,1285,0.0207
2026-01-06 11:44:44.074609,19.86,1.86,0.075,80.0,1457,0.0198
2026-01-06 11:45:44.074609,31.43,5.13,0.108,80.0,1156,0.0008
2026-01-06 11:46:44.074609,25.83,6.4,0.097,80.0,1246,0.0011
2026-01-06 11:47:44.074609,31.94,6.48,0.08,80.0,1312,0.0174
2026-01-06 11:48:44.074609,30.99,2.23,0.069,80.0,1050,0.0351
2026-01-06 11:49:44.074609,36.0,3.68,0.15,80.0,1352,0.0004
2026-01-06 11:50:44.074609,26.98,1.85,0.019,80.0,1232,0.0007
2026-01-06 11:51:44.074609,28.39,2.65,0.003,80.0,1266,0.0168
2026-01-06 11:52:44.074609,34.37,5.44,0.054,69.06,1294,0.0094
2026-01-06 11:53:44.074609,30.17,6.09,0.002,67.41,794,0.0257
2026-01-06 11:54:44.074609,28.07,8.26,0.002,80.0,1191,0.002
2026-01-06 11:55:44.074609,20.15,5.0,0.009,80.0,1080,0.0024
2026-01-06 11:56:44.074609,28.14,6.91,0.123,80.0,1619,0.0026
2026-01-06 11:57:44.074609,25.39,5.5,0.015,80.0,849,0.0093
2026-01-06 11:58:44.074609,35.32,11.94,0.002,80.0,1005,0.0404
2026-01-06 11:59:44.074609,32.79,1.96,0.099,80.0,843,0.0124
2026-01-06 12:00:44.074609,30.77,6.53,0.032,80.0,1393,0.0277
2026-01-06 12:01:44.074609,30.25,2.02,0.008,80.0,990,0.0073
2026-01-06 12:02:44.074609,16.91,1.12,0.012,80.0,1378,0.004
2026-01-06 12:03:44.074609,22.93,6.18,0.157,80.0,1489,0.0043
2026-01-06 12:04:44.074609,26.82,1.01,0.046,80.0,1122,0.0138
2026-01-06 12:05:44.074609,30.69,2.98,0.026,80.0,1486,0.0176
2026-01-06 12:06:44.074609,22.53,1.52,0.2,80.0,1423,0.0677
2026-01-06 12:07:44.074609,26.35,5.69,0.102,80.0,1149,0.0258
2026-01-06 12:08:44.074609,26.07,1.01,0.081,80.0,1340,0.0009
2026-01-06 12:09:44.074609,33.06,1.38,0.002,80.0,1335,0.0104
2026-01-06 12:10:44.074609,36.73,11.01,0.073,80.0,745,0.0016
2026-01-06 12:11:44.074609,28.07,1.91,0.124,66.82,1257,0.0148
2026-01-06 12:12:44.074609,30.13,4.95,0.052,80.0,1208,0.004
2026-01-06 12:13:44.074609,32.38,1.41,0.147,80.0,1389,0.0047
2026-01-06 12:14:44.074609,39.49,8.04,0.002,80.0,1147,0.0167
2026-01-06 12:15:44.074609,29.11,1.46,0.004,80.0,1518,0.0192
2026-01-06 12:16:44.074609,42.65,1.1,0.101,80.0,1495,0.0008
2026-01-06 12:17:44.074609,30.02,6.41,0.035,80.0,1508,0.0332
2026-01-06 12:18:44.074609,30.73,3.39,0.03,80.0,1340,0.0038
2026-01-06 12:19:44.074609,24.08,4.03,0.09,80.0,1108,0.006
2026-01-06 12:20:44.074609,24.99,6.59,0.066,80.0,1053,0.0119
2026-01-06 12:21:44.074609,46.96,4.14,0.041,80.0,1472,0.0203
2026-01-06 12:22:44.074609,32.87,1.48,0.044,69.26,1127,0.01
2026-01-06 12:23:44.074609,40.9,1.29,0.018,80.0,1292,0.0096
2026-01-06 12:24:44.074609,36.3,1.14,0.035,80.0,1258,0.0153
2026-01-06 12:25:44.074609,37.29,2.55,0.272,80.0,910,0.0102
2026-01-06 12:26:44.074609,40.4,3.72,0.061,80.0,615,0.0053
2026-01-06 12:27:44.074609,37.71,2.72,0.102,80.0,1230,0.0056
2026-01-06 12:28:44.074609,29.63,5.09,0.01,80.0,1010,0.0008
2026-01-06 12:29:44.074609,35.24,7.25,0.065,80.0,1016,0.0176
2026-01-06 12:30:44.074609,31.64,1.4,0.024,80.0,1209,0.007
2026-01-06 12:31:44.074609,31.53,2.37,0.052,80.0,1177,0.0027
2026-01-06 12:32:44.074609,40.1,8.42,0.019,80.0,497,0.0047
2026-01-06 12:33:44.074609,28.87,1.23,0.017,80.0,1292,0.0111
2026-01-06 12:34:44.074609,29.51,9.44,0.024,80.0,1592,0.0104
2026-01-06 12:35:44.074609,40.54,1.13,0.004,80.0,1179,0.0089
2026-01-06 12:36:44.074609,27.89,4.11,0.062,80.0,922,0.0013
2026-01-06 12:37:44.074609,36.41,1.9,0.131,80.0,1261,0.0452
2026-01-06 12:38:44.074609,37.92,2.06,0.034,80.0,1444,0.0064
2026-01-06 12:39:44.074609,32.66,2.15,0.004,80.0,1769,0.0133
2026-01-06 12:40:44.074609,32.01,6.45,0.033,80.0,1014,0.0001
2026-01-06 12:41:44.074609,23.62,2.81,0.018,80.0,1184,0.0037
2026-01-06 12:42:44.074609,25.09,10.67,0.144,80.0,1315,0.0139
2026-01-06 12:43:44.074609,38.2,1.75,0.058,71.26,1089,0.0205
2026-01-06 12:44:44.074609,32.01,7.3,0.096,80.0,1523,0.0051
2026-01-06 12:45:44.074609,28.64,2.28,0.022,80.0,900,0.0021
2026-01-06 12:46:44.074609,33.21,4.79,0.0,80.0,964,0.0016
2026-01-06 12:47:44.074609,31.86,2.7,0.006,80.0,1641,0.0347
2026-01-06 12:48:44.074609,23.78,2.92,0.059,80.0,950,0.0027
2026-01-06 12:49:44.074609,31.52,1.71,0.064,77.01,1211,0.0039
2026-01-06 12:50:44.074609,35.19,1.58,0.025,61.48,1489,0.0098
2026-01-06 12:51:44.074609,26.88,4.59,0.115,80.0,1261,0.0093
2026-01-06 12:52:44.074609,28.52,4.71,0.024,80.0,1580,0.0053
2026-01-06 12:53:44.074609,33.48,6.01,0.133,80.0,1108,0.0076
2026-01-06 12:54:44.074609,29.07,1.14,0.056,80.0,856,0.0107
2026-01-06 12:55:44.074609,21.3,7.37,0.072,80.0,1650,0.0054
2026-01-06 12:56:44.074609,36.35,2.41,0.009,80.0,1554,0.0118
2026-01-06 12:57:44.074609,37.25,1.33,0.049,80.0,1389,0.0119
2026-01-06 12:58:44.074609,37.95,3.24,0.041,80.0,1265,0.0078
2026-01-06 12:59:44.074609,37.06,20.0,0.079,80.0,1032,0.0045
2026-01-06 13:00:44.074609,33.05,1.87,0.096,80.0,651,0.0335
2026-01-06 13:01:44.074609,34.05,1.46,0.001,80.0,1342,0.0053
2026-01-06 13:02:44.074609,27.66,1.37,0.067,80.0,927,0.0135
2026-01-06 13:03:44.074609,19.94,1.67,0.035,80.0,1257,0.0093
2026-01-06 13:04:44.074609,34.18,3.61,0.031,79.78,1183,0.0218
2026-01-06 13:05:44.074609,35.09,1.15,0.049,80.0,993,0.0107
2026-01-06 13:06:44.074609,44.02,6.85,0.071,69.83,1202,0.0065
2026-01-06 13:07:44.074609,32.91,5.93,0.041,80.0,831,0.0036
2026-01-06 13:08:44.074609,25.63,6.45,0.087,80.0,1457,0.016
2026-01-06 13:09:44.074609,15.3,1.36,0.002,80.0,857,0.0002
2026-01-06 13:10:44.074609,37.09,2.69,0.018,80.0,1282,0.0037
2026-01-06 13:11:44.074609,32.83,5.14,0.027,80.0,1478,0.0313
2026-01-06 13:12:44.074609,27.1,14.79,0.05,80.0,1389,0.016
2026-01-06 13:13:44.074609,24.09,3.73,0.106,80.0,1310,0.0158
2026-01-06 13:14:44.074609,30.68,1.62,0.001,80.0,1699,0.0009
2026-01-06 13:15:44.074609,31.86,4.16,0.096,80.0,1423,0.0086
2026-01-06 13:16:44.074609,19.13,11.27,0.007,80.0,1627,0.0187
2026-01-06 13:17:44.074609,26.59,2.86,0.118,80.0,1248,0.0216
2026-01-06 13:18:44.074609,30.01,8.82,0.054,80.0,1487,0.0034
2026-01-06 13:19:44.074609,31.28,2.83,0.023,80.0,1180,0.0023
2026-01-06 13:20:44.074609,28.75,9.65,0.17,80.0,1390,0.0077
2026-01-06 13:21:44.074609,26.42,1.32,0.083,80.0,1083,0.0025
2026-01-06 13:22:44.074609,23.68,1.19,0.066,80.0,1206,0.002
2026-01-06 13:23:44.074609,34.26,7.08,0.145,80.0,934,0.0107
2026-01-06 13:24:44.074609,31.84,2.19,0.002,80.0,1056,0.0175
2026-01-06 13:25:44.074609,37.91,1.17,0.025,80.0,1243,0.045
2026-01-06 13:26:44.074609,31.66,5.19,0.0,80.0,1236,0.0076
2026-01-06 13:27:44.074609,18.68,2.51,0.001,80.0,1582,0.0156
2026-01-06 13:28:44.074609,35.04,3.94,0.021,80.0,910,0.0022
2026-01-06 13:29:44.074609,34.76,3.91,0.126,80.0,1170,0.0021
2026-01-06 13:30:44.074609,29.2,2.65,0.104,80.0,1489,0.0107
2026-01-06 13:31:44.074609,32.84,1.78,0.061,80.0,1409,0.0032
2026-01-06 13:32:44.074609,39.19,2.53,0.032,80.0,963,0.0018
2026-01-06 13:33:44.074609,27.16,9.9,0.014,80.0,1122,0.0021
2026-01-06 13:34:44.074609,31.03,4.55,0.006,80.0,1180,0.0261
2026-01-06 13:35:44.074609,38.99,5.87,0.018,80.0,1332,0.0011
2026-01-06 13:36:44.074609,36.78,9.4,0.01,54.24,736,0.0098
2026-01-06 13:37:44.074609,23.99,2.3,0.008,80.0,1281,0.0139
2026-01-06 13:38:44.074609,30.35,2.75,0.005,67.45,1140,0.015
2026-01-06 13:39:44.074609,30.57,3.68,0.212,80.0,1242,0.0136
2026-01-06 13:40:44.074609,32.19,5.59,0.019,80.0,1027,0.0145
2026-01-06 13:41:44.074609,34.32,2.75,0.015,80.0,1453,0.0199
2026-01-06 13:42:44.074609,30.33,2.17,0.02,80.0,1607,0.0085
2026-01-06 13:43:44.074609,21.83,1.63,0.008,80.0,1116,0.0008
2026-01-06 13:44:44.074609,26.71,2.25,0.037,80.0,1367,0.0003
2026-01-06 13:45:44.074609,38.21,2.25,0.017,80.0,1191,0.0352
2026-01-06 13:46:44.074609,34.26,6.36,0.058,78.0,1373,0.0131
2026-01-06 13:47:44.074609,29.98,1.33,0.018,58.41,671,0.0042
2026-01-06 13:48:44.074609,44.42,2.92,0.068,80.0,468,0.0121
2026-01-06 13:49:44.074609,31.85,9.88,0.022,80.0,1459,0.0019
2026-01-06 13:50:44.074609,24.53,7.91,0.024,80.0,1688,0.0006
2026-01-06 13:51:44.074609,37.12,13.13,0.027,80.0,1518,0.0031
2026-01-06 13:52:44.074609,31.3,1.63,0.007,80.0,1644,0.0028
2026-01-06 13:53:44.074609,30.78,3.5,0.013,80.0,1537,0.0042
2026-01-06 13:54:44.074609,26.14,3.12,0.006,80.0,1419,0.0143
2026-01-06 13:55:44.074609,31.13,1.08,0.019,79.32,1416,0.0493
2026-01-06 13:56:44.074609,29.72,3.89,0.036,80.0,1239,0.0161
2026-01-06 13:57:44.074609,38.52,5.97,0.132,80.0,930,0.0369
2026-01-06 13:58:44.074609,19.27,4.28,0.095,80.0,983,0.005
2026-01-06 13:59:44.074609,35.78,3.15,0.154,80.0,1208,0.0015
2026-01-06 14:00:44.074609,30.85,1.73,0.051,80.0,959,0.0159
2026-01-06 14:01:44.074609,42.91,8.26,0.054,80.0,1493,0.0167
2026-01-06 14:02:44.074609,28.41,4.28,0.035,80.0,1335,0.0044
2026-01-06 14:03:44.074609,30.86,1.46,0.059,80.0,1098,0.0166
2026-01-06 14:04:44.074609,36.57,1.95,0.059,80.0,995,0.0073
2026-01-06 14:05:44.074609,36.68,6.76,0.01,80.0,1040,0.0065
2026-01-06 14:06:44.074609,33.52,3.23,0.001,80.0,924,0.0102
2026-01-06 14:07:44.074609,27.26,2.64,0.003,80.0,892,0.0064
2026-01-06 14:08:44.074609,29.66,1.32,0.025,80.0,1145,0.0032
2026-01-06 14:09:44.074609,29.22,3.23,0.0,80.0,1250,0.0011
2026-01-06 14:10:44.074609,36.28,2.25,0.002,80.0,1271,0.0064
2026-01-06 14:11:44.074609,37.81,2.97,0.094,80.0,1464,0.0058
2026-01-06 14:12:44.074609,26.45,2.67,0.101,80.0,957,0.009
2026-01-06 14:13:44.074609,38.1,8.9,0.064,80.0,1959,0.0117
2026-01-06 14:14:44.074609,29.26,1.37,0.053,80.0,1067,0.0317
2026-01-06 14:15:44.074609,36.0,1.72,0.008,80.0,913,0.0123
2026-01-06 14:16:44.074609,34.51,1.36,0.021,80.0,1374,0.0042
2026-01-06 14:17:44.074609,35.67,1.76,0.028,80.0,1072,0.0587
2026-01-06 14:18:44.074609,24.94,2.65,0.06,80.0,1340,0.0016
2026-01-06 14:19:44.074609,34.22,4.29,0.03,80.0,1112,0.0027
2026-01-06 14:20:44.074609,35.43,3.51,0.078,80.0,1080,0.0064
2026-01-06 14:21:44.074609,33.72,3.58,0.036,80.0,1345,0.0016
2026-01-06 14:22:44.074609,35.08,2.64,0.019,80.0,1468,0.0064
2026-01-06 14:23:44.074609,29.14,5.88,0.002,80.0,1346,0.0012
2026-01-06 14:24:44.074609,27.79,4.45,0.064,80.0,1381,0.0072
2026-01-06 14:25:44.074609,32.25,3.13,0.036,80.0,1204,0.0119
2026-01-06 14:26:44.074609,33.08,1.83,0.005,80.0,1692,0.0181
2026-01-06 14:27:44.074609,27.99,2.89,0.001,80.0,1686,0.0026
2026-01-06 14:28:44.074609,27.41,5.98,0.003,80.0,804,0.0011
2026-01-06 14:29:44.074609,48.03,8.84,0.073,80.0,1365,0.0026
2026-01-06 14:30:44.074609,27.97,2.69,0.038,80.0,1366,0.0008
2026-01-06 14:31:44.074609,32.39,3.22,0.054,80.0,1201,0.003
2026-01-06 14:32:44.074609,42.49,2.97,0.151,80.0,1559,0.0026
2026-01-06 14:33:44.074609,33.07,2.56,0.006,80.0,1047,0.0093
2026-01-06 14:34:44.074609,38.21,3.53,0.06,80.0,1408,0.0009
2026-01-06 14:35:44.074609,24.62,2.49,0.036,80.0,1527,0.0122
2026-01-06 14:36:44.074609,36.6,1.3,0.024,80.0,863,0.0104
2026-01-06 14:37:44.074609,31.31,7.49,0.066,77.59,1431,0.0051
2026-01-06 14:38:44.074609,34.17,5.27,0.003,80.0,1142,0.0022
2026-01-06 14:39:44.074609,22.84,12.14,0.095,80.0,1215,0.0069
2026-01-06 14:40:44.074609,34.23,1.82,0.051,80.0,1621,0.0035
2026-01-06 14:41:44.074609,26.67,4.83,0.03,80.0,1271,0.0175
2026-01-06 14:42:44.074609,33.23,1.06,0.176,80.0,1226,0.0049
2026-01-06 14:43:44.074609,28.8,2.35,0.147,80.0,1460,0.0078
2026-01-06 14:44:44.074609,34.33,8.52,0.067,80.0,830,0.0138
2026-01-06 14:45:44.074609,40.11,7.7,0.023,80.0,929,0.0063
2026-01-06 14:46:44.074609,32.41,1.49,0.05,80.0,1145,0.0042
2026-01-06 14:47:44.074609,30.78,1.58,0.011,66.39,1246,0.0023
2026-01-06 14:48:44.074609,40.68,1.1,0.031,80.0,1569,0.0028
2026-01-06 14:49:44.074609,34.25,2.65,0.015,80.0,1577,0.0002
2026-01-06 14:50:44.074609,33.08,3.45,0.09,80.0,1912,0.0331
2026-01-06 14:51:44.074609,33.65,6.12,0.034,80.0,1252,0.0017
2026-01-06 14:52:44.074609,29.89,3.48,0.067,80.0,1382,0.0011
2026-01-06 14:53:44.074609,31.1,9.33,0.031,80.0,975,0.0032
2026-01-06 14:54:44.074609,35.55,3.13,0.051,80.0,1380,0.001
2026-01-06 14:55:44.074609,23.02,1.88,0.035,80.0,962,0.0344
2026-01-06 14:56:44.074609,24.99,3.63,0.015,80.0,1099,0.0218
2026-01-06 14:57:44.074609,26.87,5.34,0.139,80.0,1296,0.0189
2026-01-06 14:58:44.074609,30.19,2.37,0.017,70.96,1369,0.0016
2026-01-06 14:59:44.074609,31.18,2.92,0.007,80.0,1674,0.0029
2026-01-06 15:00:44.074609,27.66,2.38,0.01,54.29,462,0.0027
2026-01-06 15:01:44.074609,27.7,3.6,0.02,40.2,464,0.0042
2026-01-06 15:02:44.074609,28.09,1.47,0.013,43.65,259,0.001
2026-01-06 15:03:44.074609,29.14,2.55,0.01,38.16,577,0.0005
2026-01-06 15:04:44.074609,22.33,3.13,0.022,50.48,558,0.0117
2026-01-06 15:05:44.074609,35.98,4.06,0.02,31.47,600,0.0069
2026-01-06 15:06:44.074609,24.11,2.87,0.024,49.59,477,0.0135
2026-01-06 15:07:44.074609,36.2,4.8,0.016,41.27,537,0.0167
2026-01-06 15:08:44.074609,25.5,18.29,0.001,63.5,537,0.0087
2026-01-06 15:09:44.074609,23.51,1.0,0.005,49.21,347,0.0207
2026-01-06 15:10:44.074609,21.6,1.26,0.029,45.04,559,0.0014
2026-01-06 15:11:44.074609,32.33,1.04,0.172,30.53,674,0.0069
2026-01-06 15:12:44.074609,30.65,10.5,0.044,53.83,539,0.0198
2026-01-06 15:13:44.074609,25.48,2.28,0.005,52.57,646,0.015
2026-01-06 15:14:44.074609,29.63,4.21,0.01,50.29,667,0.0129
2026-01-06 15:15:44.074609,30.73,3.96,0.043,45.56,462,0.0038
2026-01-06 15:16:44.074609,33.36,3.1,0.044,51.95,393,0.0162
2026-01-06 15:17:44.074609,31.73,2.05,0.12,70.9,487,0.0108
2026-01-06 15:18:44.074609,36.49,2.23,0.003,68.68,515,0.0048
2026-01-06 15:19:44.074609,22.78,5.41,0.002,45.62,402,0.002
2026-01-06 15:20:44.074609,38.31,3.22,0.076,27.03,382,0.0015
2026-01-06 15:21:44.074609,34.03,3.47,0.009,48.42,484,0.0182
2026-01-06 15:22:44.074609,27.79,8.63,0.045,37.74,392,0.0148
2026-01-06 15:23:44.074609,15.58,1.52,0.083,42.75,447,0.0019
2026-01-06 15:24:44.074609,25.5,3.04,0.028,62.65,514,0.0223
2026-01-06 15:25:44.074609,30.23,1.32,0.063,25.72,660,0.0044
2026-01-06 15:26:44.074609,29.49,2.54,0.082,37.69,356,0.0001
2026-01-06 15:27:44.074609,33.84,1.08,0.048,46.81,497,0.0038
2026-01-06 15:28:44.074609,34.19,18.04,0.003,48.07,476,0.0035
2026-01-06 15:29:44.074609,24.59,6.01,0.058,55.13,688,0.002
2026-01-06 15:30:44.074609,13.3,1.37,0.063,49.69,573,0.0244
2026-01-06 15:31:44.074609,28.82,7.85,0.009,48.36,590,0.0017
2026-01-06 15:32:44.074609,32.04,8.21,0.0,41.31,494,0.0074
2026-01-06 15:33:44.074609,37.29,5.36,0.073,32.29,446,0.0054
2026-01-06 15:34:44.074609,29.13,6.08,0.053,34.16,571,0.0039
2026-01-06 15:35:44.074609,28.41,3.02,0.029,32.6,717,0.0342
2026-01-06 15:36:44.074609,25.04,7.25,0.104,50.34,214,0.0185
2026-01-06 15:37:44.074609,27.0,2.07,0.021,52.97,337,0.0242
2026-01-06 15:38:44.074609,30.62,2.63,0.231,44.82,497,0.0072
2026-01-06 15:39:44.074609,25.54,6.45,0.028,53.97,454,0.0064
2026-01-06 15:40:44.074609,31.46,1.98,0.012,26.91,413,0.0155
2026-01-06 15:41:44.074609,23.41,15.59,0.182,58.01,516,0.0053
2026-01-06 15:42:44.074609,31.79,2.13,0.001,53.39,708,0.0099
2026-01-06 15:43:44.074609,21.6,4.57,0.022,47.25,273,0.0002
2026-01-06 15:44:44.074609,29.01,7.28,0.008,54.65,520,0.0025
2026-01-06 15:45:44.074609,17.72,1.28,0.028,32.2,453,0.0067
2026-01-06 15:46:44.074609,27.39,1.3,0.111,40.15,516,0.0175
2026-01-06 15:47:44.074609,20.65,1.88,0.046,38.72,510,0.0066
2026-01-06 15:48:44.074609,27.65,2.6,0.147,37.12,421,0.0236
2026-01-06 15:49:44.074609,24.89,4.36,0.086,46.56,424,0.0022
2026-01-06 15:50:44.074609,19.48,4.01,0.055,47.0,451,0.0107
2026-01-06 15:51:44.074609,27.83,3.86,0.028,39.91,471,0.0007
2026-01-06 15:52:44.074609,31.23,4.34,0.046,36.47,270,0.0198
2026-01-06 15:53:44.074609,35.36,1.51,0.026,40.51,468,0.0009
2026-01-06 15:54:44.074609,20.68,8.63,0.049,40.81,386,0.0097
2026-01-06 15:55:44.074609,34.19,1.54,0.046,35.22,520,0.0084
2026-01-06 15:56:44.074609,13.69,1.19,0.129,42.11,643,0.0079
2026-01-06 15:57:44.074609,27.49,2.67,0.023,39.81,452,0.0019
2026-01-06 15:58:44.074609,30.07,3.21,0.058,45.39,459,0.0035
2026-01-06 15:59:44.074609,26.43,6.39,0.025,61.11,554,0.0176
2026-01-06 16:00:44.074609,32.02,6.02,0.033,57.96,435,0.0045
2026-01-06 16:01:44.074609,21.99,4.12,0.11,42.2,516,0.0009
2026-01-06 16:02:44.074609,33.6,4.58,0.047,46.72,487,0.0009
2026-01-06 16:03:44.074609,23.26,8.29,0.002,42.59,607,0.0029
2026-01-06 16:04:44.074609,26.28,1.33,0.007,30.6,308,0.0127
2026-01-06 16:05:44.074609,31.81,20.0,0.1,34.82,554,0.0472
2026-01-06 16:06:44.074609,28.43,3.53,0.016,30.62,391,0.0042
2026-01-06 16:07:44.074609,28.48,3.6,0.028,24.9,654,0.0
2026-01-06 16:08:44.074609,24.36,9.81,0.063,38.64,668,0.0338
2026-01-06 16:09:44.074609,30.95,1.95,0.045,52.98,703,0.0091
2026-01-06 16:10:44.074609,40.72,16.22,0.218,45.36,535,0.0038
2026-01-06 16:11:44.074609,38.75,2.12,0.05,55.02,579,0.0027
2026-01-06 16:12:44.074609,28.82,4.59,0.03,41.12,421,0.0006
2026-01-06 16:13:44.074609,24.86,8.79,0.005,42.99,433,0.0091
2026-01-06 16:14:44.074609,27.23,1.8,0.01,25.55,590,0.0131
2026-01-06 16:15:44.074609,34.04,1.18,0.013,48.29,600,0.0168
2026-01-06 16:16:44.074609,28.47,4.41,0.043,32.65,556,0.009
2026-01-06 16:17:44.074609,14.21,7.56,0.088,43.7,428,0.0288
2026-01-06 16:18:44.074609,23.77,2.77,0.082,51.8,461,0.0179
2026-01-06 16:19:44.074609,37.81,10.98,0.03,46.78,679,0.0049
2026-01-06 16:20:44.074609,27.24,10.75,0.002,60.85,428,0.0056
2026-01-06 16:21:44.074609,24.45,7.4,0.04,29.59,624,0.0095
2026-01-06 16:22:44.074609,20.93,3.47,0.025,46.86,433,0.0054
2026-01-06 16:23:44.074609,19.29,1.86,0.077,41.0,401,0.0005
2026-01-06 16:24:44.074609,27.21,1.76,0.033,34.82,533,0.0057
2026-01-06 16:25:44.074609,29.62,5.56,0.01,53.84,440,0.0107
2026-01-06 16:26:44.074609,17.08,3.3,0.04,44.1,378,0.0174
2026-01-06 16:27:44.074609,19.65,2.6,0.07,45.45,523,0.0336
2026-01-06 16:28:44.074609,21.71,2.44,0.002,40.4,513,0.0021
2026-01-06 16:29:44.074609,29.94,2.25,0.114,51.69,437,0.0007
2026-01-06 16:30:44.074609,38.3,4.94,0.024,34.17,399,0.0001
2026-01-06 16:31:44.074609,23.97,3.21,0.001,49.39,356,0.01
2026-01-06 16:32:44.074609,35.22,1.28,0.015,48.01,419,0.0011
2026-01-06 16:33:44.074609,22.11,9.61,0.027,48.14,572,0.0016
2026-01-06 16:34:44.074609,25.75,5.69,0.027,48.02,524,0.0613
2026-01-06 16:35:44.074609,26.39,4.12,0.03,40.31,548,0.0171
2026-01-06 16:36:44.074609,27.87,2.36,0.046,44.36,438,0.0094
2026-01-06 16:37:44.074609,30.47,2.0,0.116,47.89,440,0.0048
2026-01-06 16:38:44.074609,28.75,2.94,0.022,46.34,399,0.0014
2026-01-06 16:39:44.074609,23.33,3.41,0.045,44.57,559,0.0019
2026-01-06 16:40:44.074609,37.45,1.39,0.059,46.56,593,0.0103
2026-01-06 16:41:44.074609,35.33,7.19,0.0,17.63,733,0.0017
2026-01-06 16:42:44.074609,26.93,1.21,0.038,25.34,555,0.0214
2026-01-06 16:43:44.074609,28.37,1.62,0.001,25.9,593,0.0145
2026-01-06 16:44:44.074609,13.45,2.79,0.016,28.87,641,0.0027
2026-01-06 16:45:44.074609,27.93,1.67,0.056,53.77,561,0.0092
2026-01-06 16:46:44.074609,31.49,3.2,0.075,50.89,671,0.0107
2026-01-06 16:47:44.074609,24.47,1.49,0.022,57.43,410,0.0159
2026-01-06 16:48:44.074609,34.27,4.35,0.05,35.94,563,0.028
2026-01-06 16:49:44.074609,24.19,6.26,0.012,32.1,435,0.0098
2026-01-06 16:50:44.074609,39.21,10.51,0.083,42.11,486,0.0341
2026-01-06 16:51:44.074609,20.83,3.96,0.002,48.16,548,0.0051
2026-01-06 16:52:44.074609,21.2,2.18,0.053,48.96,581,0.0062
2026-01-06 16:53:44.074609,34.57,5.48,0.018,55.43,534,0.0013
2026-01-06 16:54:44.074609,23.53,2.86,0.013,41.43,295,0.0227
2026-01-06 16:55:44.074609,22.32,7.35,0.035,50.17,513,0.0021
2026-01-06 16:56:44.074609,19.6,2.37,0.082,42.06,711,0.0026
2026-01-06 16:57:44.074609,33.84,3.08,0.001,29.41,606,0.0138
2026-01-06 16:58:44.074609,30.5,5.97,0.067,54.36,487,0.0244
2026-01-06 16:59:44.074609,23.81,2.99,0.016,17.22,466,0.0186
2026-01-06 17:00:44.074609,27.9,3.35,0.095,80.0,1565,0.002
2026-01-06 17:01:44.074609,35.63,6.49,0.072,80.0,1291,0.0019
2026-01-06 17:02:44.074609,41.14,2.01,0.043,80.0,1077,0.0047
2026-01-06 17:03:44.074609,32.8,4.59,0.015,80.0,1236,0.0114
2026-01-06 17:04:44.074609,32.92,8.24,0.008,80.0,1420,0.0018
2026-01-06 17:05:44.074609,36.38,5.81,0.071,80.0,1150,0.0079
2026-01-06 17:06:44.074609,28.54,3.6,0.144,65.22,1175,0.0021
2026-01-06 17:07:44.074609,23.46,6.72,0.045,80.0,1196,0.0091
2026-01-06 17:08:44.074609,37.92,3.24,0.216,80.0,1577,0.0093
2026-01-06 17:09:44.074609,36.47,13.19,0.007,80.0,1323,0.019
2026-01-06 17:10:44.074609,45.3,1.0,0.007,80.0,1357,0.0097
2026-01-06 17:11:44.074609,25.9,2.1,0.21,80.0,1434,0.0028
2026-01-06 17:12:44.074609,26.26,2.52,0.106,80.0,1190,0.0003
2026-01-06 17:13:44.074609,20.28,1.08,0.022,80.0,1212,0.0088
2026-01-06 17:14:44.074609,33.05,2.06,0.006,80.0,791,0.0035
2026-01-06 17:15:44.074609,34.45,1.22,0.063,80.0,1234,0.0005
2026-01-06 17:16:44.074609,24.33,4.84,0.001,80.0,1236,0.0027
2026-01-06 17:17:44.074609,21.41,1.72,0.085,80.0,1507,0.0024
2026-01-06 17:18:44.074609,27.82,2.32,0.005,52.53,1232,0.0001
2026-01-06 17:19:44.074609,26.3,6.44,0.034,80.0,1482,0.0005
2026-01-06 17:20:44.074609,34.69,2.23,0.001,44.44,945,0.0006
2026-01-06 17:21:44.074609,25.76,2.06,0.051,80.0,990,0.0155
2026-01-06 17:22:44.074609,39.21,2.62,0.037,80.0,1112,0.013
2026-01-06 17:23:44.074609,41.71,1.54,0.069,80.0,1622,0.0082
2026-01-06 17:24:44.074609,33.15,3.77,0.014,80.0,1371,0.0205
2026-01-06 17:25:44.074609,31.77,14.68,0.044,80.0,1024,0.0012
2026-01-06 17:26:44.074609,30.27,2.87,0.047,80.0,1387,0.0185
2026-01-06 17:27:44.074609,20.54,3.7,0.059,80.0,844,0.0046
2026-01-06 17:28:44.074609,34.19,2.78,0.001,80.0,1511,0.0139
2026-01-06 17:29:44.074609,32.61,8.82,0.012,80.0,961,0.0048
2026-01-06 17:30:44.074609,21.3,3.75,0.025,80.0,1760,0.0017
2026-01-06 17:31:44.074609,26.97,8.53,0.132,80.0,1030,0.0147
2026-01-06 17:32:44.074609,29.29,1.91,0.06,80.0,1447,0.0197
2026-01-06 17:33:44.074609,32.37,1.77,0.013,80.0,1286,0.0161
2026-01-06 17:34:44.074609,37.61,5.87,0.052,80.0,1011,0.0007
2026-01-06 17:35:44.074609,34.7,8.15,0.074,80.0,1499,0.034
2026-01-06 17:36:44.074609,28.02,2.21,0.01,80.0,931,0.0005
2026-01-06 17:37:44.074609,42.17,3.27,0.175,80.0,1173,0.0064
2026-01-06 17:38:44.074609,31.1,8.97,0.005,80.0,1015,0.0035
2026-01-06 17:39:44.074609,28.46,5.77,0.04,80.0,1200,0.0041
2026-01-06 17:40:44.074609,26.67,5.98,0.049,80.0,1568,0.0118
2026-01-06 17:41:44.074609,37.23,3.29,0.026,80.0,1248,0.0095
2026-01-06 17:42:44.074609,37.27,13.77,0.037,80.0,1596,0.0004
2026-01-06 17:43:44.074609,32.24,2.66,0.289,41.38,1372,0.0003
2026-01-06 17:44:44.074609,39.74,2.76,0.008,80.0,1160,0.008
2026-01-06 17:45:44.074609,34.18,1.52,0.024,80.0,1255,0.0058
2026-01-06 17:46:44.074609,31.51,2.24,0.008,80.0,1035,0.0185
2026-01-06 17:47:44.074609,15.9,2.15,0.009,80.0,1515,0.0074
2026-01-06 17:48:44.074609,26.61,2.13,0.246,75.16,1467,0.0188
2026-01-06 17:49:44.074609,30.48,6.49,0.206,80.0,1001,0.0084
2026-01-06 17:50:44.074609,29.24,9.65,0.055,72.16,1466,0.0093
2026-01-06 17:51:44.074609,29.48,1.83,0.033,80.0,1112,0.001
2026-01-06 17:52:44.074609,17.05,2.23,0.088,80.0,1228,0.0123
2026-01-06 17:53:44.074609,22.93,4.47,0.018,80.0,1532,0.0019
2026-01-06 17:54:44.074609,33.5,3.64,0.008,80.0,1260,0.0082
2026-01-06 17:55:44.074609,27.54,4.51,0.042,80.0,1387,0.0128
2026-01-06 17:56:44.074609,45.49,3.23,0.128,80.0,1277,0.0243
2026-01-06 17:57:44.074609,30.2,16.31,0.016,80.0,1357,0.0353
2026-01-06 17:58:44.074609,22.39,1.15,0.016,80.0,1393,0.0165
2026-01-06 17:59:44.074609,40.13,4.77,0.018,80.0,981,0.0223
2026-01-06 18:00:44.074609,23.92,8.21,0.001,80.0,848,0.0404
2026-01-06 18:01:44.074609,32.22,1.14,0.011,80.0,1385,0.001
2026-01-06 18:02:44.074609,30.76,5.7,0.011,80.0,1261,0.0118
2026-01-06 18:03:44.074609,35.23,2.09,0.023,80.0,1457,0.0216
2026-01-06 18:04:44.074609,31.43,5.89,0.001,80.0,1505,0.0067
2026-01-06 18:05:44.074609,35.55,2.26,0.02,80.0,1470,0.0072
2026-01-06 18:06:44.074609,38.24,2.64,0.054,77.71,1337,0.0149
2026-01-06 18:07:44.074609,35.92,8.02,0.008,80.0,1031,0.0153
2026-01-06 18:08:44.074609,25.95,3.21,0.015,80.0,1730,0.0337
2026-01-06 18:09:44.074609,29.34,3.13,0.033,80.0,1203,0.006
2026-01-06 18:10:44.074609,32.39,4.04,0.145,80.0,1484,0.0093
2026-01-06 18:11:44.074609,34.04,7.34,0.113,80.0,1039,0.0113
2026-01-06 18:12:44.074609,20.94,2.1,0.02,80.0,1221,0.0057
2026-01-06 18:13:44.074609,31.49,4.12,0.079,80.0,1211,0.0103
2026-01-06 18:14:44.074609,27.85,7.86,0.065,80.0,1186,0.0109
2026-01-06 18:15:44.074609,28.8,1.01,0.009,80.0,853,0.0056
2026-01-06 18:16:44.074609,41.72,2.54,0.003,80.0,1336,0.003
2026-01-06 18:17:44.074609,26.36,8.23,0.032,80.0,1270,0.004
2026-01-06 18:18:44.074609,28.64,3.55,0.032,80.0,1214,0.0021
2026-01-06 18:19:44.074609,14.56,4.36,0.003,80.0,773,0.0363
2026-01-06 18:20:44.074609,47.6,5.23,0.008,80.0,1262,0.0074
2026-01-06 18:21:44.074609,23.21,2.37,0.001,75.13,1427,0.0031
2026-01-06 18:22:44.074609,40.47,3.98,0.018,80.0,1034,0.0166
2026-01-06 18:23:44.074609,39.13,2.37,0.004,80.0,884,0.015
2026-01-06 18:24:44.074609,35.18,2.33,0.056,80.0,1304,0.0179
2026-01-06 18:25:44.074609,30.11,7.14,0.026,80.0,912,0.008
2026-01-06 18:26:44.074609,31.65,1.92,0.088,80.0,958,0.001
2026-01-06 18:27:44.074609,35.2,1.57,0.001,80.0,1635,0.0369
2026-01-06 18:28:44.074609,28.24,1.16,0.077,80.0,1152,0.0021
2026-01-06 18:29:44.074609,33.64,1.33,0.019,80.0,1590,0.0248
2026-01-06 18:30:44.074609,30.31,1.03,0.017,80.0,1179,0.0084
2026-01-06 18:31:44.074609,30.19,3.16,0.06,80.0,1223,0.0067
2026-01-06 18:32:44.074609,31.7,1.53,0.07,80.0,1474,0.0008
2026-01-06 18:33:44.074609,38.99,4.75,0.099,80.0,1083,0.0058
2026-01-06 18:34:44.074609,25.52,3.22,0.015,80.0,1008,0.0104
2026-01-06 18:35:44.074609,26.72,11.26,0.008,80.0,1594,0.0051
2026-01-06 18:36:44.074609,32.48,5.0,0.115,80.0,1048,0.0045
2026-01-06 18:37:44.074609,25.39,1.79,0.103,80.0,840,0.0288
2026-01-06 18:38:44.074609,34.19,5.47,0.023,80.0,1605,0.0115
2026-01-06 18:39:44.074609,24.66,1.88,0.004,80.0,640,0.0
2026-01-06 18:40:44.074609,26.54,6.82,0.057,80.0,1235,0.0282
2026-01-06 18:41:44.074609,32.67,6.1,0.009,80.0,1155,0.0033
2026-01-06 18:42:44.074609,27.59,11.06,0.076,80.0,986,0.0038
2026-01-06 18:43:44.074609,25.45,5.21,0.016,80.0,1509,0.0008
2026-01-06 18:44:44.074609,32.95,4.02,0.036,80.0,1176,0.0113
2026-01-06 18:45:44.074609,24.52,4.79,0.145,80.0,1548,0.0314
2026-01-06 18:46:44.074609,26.22,1.31,0.038,80.0,942,0.0116
2026-01-06 18:47:44.074609,28.39,4.29,0.157,80.0,1335,0.0287
2026-01-06 18:48:44.074609,35.35,7.26,0.065,80.0,2039,0.0001
2026-01-06 18:49:44.074609,40.95,9.97,0.03,80.0,1306,0.0011
2026-01-06 18:50:44.074609,26.63,3.91,0.038,80.0,1581,0.0016
2026-01-06 18:51:44.074609,36.0,2.95,0.039,80.0,1481,0.0751
2026-01-06 18:52:44.074609,28.21,2.12,0.063,80.0,1069,0.0056
2026-01-06 18:53:44.074609,22.49,6.72,0.01,80.0,1378,0.0196
2026-01-06 18:54:44.074609,20.43,3.58,0.012,80.0,1513,0.0026
2026-01-06 18:55:44.074609,42.98,4.42,0.064,80.0,1151,0.0138
2026-01-06 18:56:44.074609,31.82,12.06,0.018,80.0,1386,0.0102
2026-01-06 18:57:44.074609,30.93,3.28,0.002,80.0,1181,0.0384
2026-01-06 18:58:44.074609,34.12,1.68,0.015,80.0,1199,0.0058
2026-01-06 18:59:44.074609,34.8,10.53,0.163,60.05,1551,0.0128
2026-01-06 19:00:44.074609,24.04,4.18,0.006,80.0,1308,0.0022
2026-01-06 19:01:44.074609,24.15,7.54,0.098,80.0,1378,0.0045
2026-01-06 19:02:44.074609,27.18,4.48,0.034,80.0,1231,0.0101
2026-01-06 19:03:44.074609,28.7,9.13,0.008,80.0,1242,0.0015
2026-01-06 19:04:44.074609,42.14,5.5,0.117,80.0,1548,0.0112
2026-01-06 19:05:44.074609,18.28,2.07,0.041,77.83,1374,0.008
2026-01-06 19:06:44.074609,26.38,6.64,0.127,80.0,1461,0.0038
2026-01-06 19:07:44.074609,39.77,4.73,0.009,80.0,1420,0.0089
2026-01-06 19:08:44.074609,45.96,3.29,0.003,76.04,1280,0.002
2026-01-06 19:09:44.074609,32.17,2.95,0.027,80.0,1519,0.0007
2026-01-06 19:10:44.074609,31.71,3.36,0.06,80.0,1319,0.0583
2026-01-06 19:11:44.074609,40.0,4.34,0.027,80.0,1514,0.0053
2026-01-06 19:12:44.074609,21.99,2.49,0.091,80.0,907,0.0207
2026-01-06 19:13:44.074609,30.37,1.11,0.057,80.0,1123,0.0025
2026-01-06 19:14:44.074609,45.07,4.53,0.01,80.0,1453,0.0051
2026-01-06 19:15:44.074609,30.65,4.42,0.018,75.04,1472,0.0047
2026-01-06 19:16:44.074609,40.57,2.13,0.099,80.0,1094,0.0071
2026-01-06 19:17:44.074609,35.17,2.04,0.042,80.0,736,0.0119
2026-01-06 19:18:44.074609,32.87,3.09,0.043,80.0,1080,0.0217
2026-01-06 19:19:44.074609,38.12,4.79,0.086,80.0,1541,0.0043
2026-01-06 19:20:44.074609,28.06,1.74,0.021,80.0,1188,0.0045
2026-01-06 19:21:44.074609,31.3,1.11,0.028,80.0,1219,0.0015
2026-01-06 19:22:44.074609,33.71,2.09,0.078,80.0,865,0.0155
2026-01-06 19:23:44.074609,30.28,1.2,0.01,69.89,1204,0.0172
2026-01-06 19:24:44.074609,22.18,2.31,0.024,80.0,956,0.0052
2026-01-06 19:25:44.074609,36.64,2.62,0.053,80.0,806,0.0015
2026-01-06 19:26:44.074609,37.13,1.74,0.003,80.0,1643,0.0154
2026-01-06 19:27:44.074609,36.9,2.11,0.006,80.0,1417,0.0054
2026-01-06 19:28:44.074609,31.57,3.17,0.03,75.86,1195,0.0055
2026-01-06 19:29:44.074609,41.81,1.45,0.042,80.0,969,0.008
2026-01-06 19:30:44.074609,40.95,4.72,0.031,80.0,1121,0.0449
2026-01-06 19:31:44.074609,33.21,3.37,0.03,80.0,1041,0.0191
2026-01-06 19:32:44.074609,22.87,3.02,0.017,80.0,1733,0.006
2026-01-06 19:33:44.074609,29.43,1.55,0.069,80.0,1493,0.012
2026-01-06 19:34:44.074609,35.34,1.41,0.192,80.0,975,0.0123
2026-01-06 19:35:44.074609,29.92,7.28,0.02,80.0,1470,0.0362
2026-01-06 19:36:44.074609,33.79,1.71,0.007,80.0,1399,0.0087
2026-01-06 19:37:44.074609,46.74,4.15,0.095,80.0,1352,0.0041
2026-01-06 19:38:44.074609,20.69,2.15,0.001,80.0,1269,0.0143
2026-01-06 19:39:44.074609,36.32,2.06,0.07,80.0,1145,0.0
2026-01-06 19:40:44.074609,36.85,2.09,0.012,75.32,1460,0.0004
2026-01-06 19:41:44.074609,37.9,2.8,0.024,80.0,1147,0.004
2026-01-06 19:42:44.074609,23.94,16.85,0.002,80.0,1521,0.0159
2026-01-06 19:43:44.074609,34.13,1.07,0.012,80.0,1426,0.0119
2026-01-06 19:44:44.074609,41.71,3.57,0.043,80.0,1127,0.0071
2026-01-06 19:45:44.074609,28.41,2.92,0.186,80.0,1333,0.0049
2026-01-06 19:46:44.074609,22.98,2.29,0.102,80.0,1329,0.0102
2026-01-06 19:47:44.074609,26.32,1.13,0.074,80.0,852,0.0424
2026-01-06 19:48:44.074609,25.8,1.27,0.016,80.0,1520,0.0088
2026-01-06 19:49:44.074609,29.09,1.51,0.034,80.0,1104,0.0015
2026-01-06 19:50:44.074609,36.18,2.58,0.2,80.0,1175,0.0111
2026-01-06 19:51:44.074609,35.08,1.23,0.031,80.0,1299,0.0008
2026-01-06 19:52:44.074609,26.87,1.15,0.018,80.0,1324,0.0
2026-01-06 19:53:44.074609,37.68,5.28,0.082,80.0,1190,0.0198
2026-01-06 19:54:44.074609,35.81,4.9,0.039,80.0,1282,0.0023
2026-01-06 19:55:44.074609,29.91,5.79,0.058,80.0,1526,0.0067
2026-01-06 19:56:44.074609,29.89,4.51,0.071,80.0,1260,0.0042
2026-01-06 19:57:44.074609,32.13,8.24,0.019,80.0,902,0.0012
2026-01-06 19:58:44.074609,36.81,15.03,0.01,80.0,1156,0.0162
2026-01-06 19:59:44.074609,30.55,3.69,0.002,80.0,1372,0.011
2026-01-06 20:00:44.074609,26.11,1.28,0.134,80.0,1171,0.0256
2026-01-06 20:01:44.074609,14.91,1.98,0.082,80.0,1371,0.0084
2026-01-06 20:02:44.074609,23.7,1.86,0.204,65.89,993,0.0214
2026-01-06 20:03:44.074609,27.3,4.29,0.009,80.0,1171,0.0072
2026-01-06 20:04:44.074609,38.39,2.83,0.219,80.0,1152,0.0345
2026-01-06 20:05:44.074609,23.18,3.99,0.119,71.0,1305,0.0033
2026-01-06 20:06:44.074609,30.61,6.07,0.016,58.19,1001,0.0056
2026-01-06 20:07:44.074609,22.16,1.81,0.033,80.0,1274,0.0173
2026-01-06 20:08:44.074609,29.23,4.9,0.032,80.0,1264,0.0243
2026-01-06 20:09:44.074609,19.61,2.04,0.054,80.0,931,0.0053
2026-01-06 20:10:44.074609,33.4,4.38,0.018,70.34,1265,0.0007
2026-01-06 20:11:44.074609,40.42,1.72,0.07,80.0,1272,0.0356
2026-01-06 20:12:44.074609,44.23,7.45,0.041,69.81,1360,0.0253
2026-01-06 20:13:44.074609,33.03,1.41,0.061,80.0,1062,0.0142
2026-01-06 20:14:44.074609,27.52,10.64,0.006,80.0,1110,0.0329
2026-01-06 20:15:44.074609,37.94,3.11,0.039,80.0,1052,0.0152
2026-01-06 20:16:44.074609,28.26,2.91,0.015,80.0,1389,0.0067
2026-01-06 20:17:44.074609,34.95,2.16,0.029,80.0,1439,0.0051
2026-01-06 20:18:44.074609,38.8,1.22,0.127,80.0,1328,0.0008
2026-01-06 20:19:44.074609,26.13,2.8,0.037,80.0,1376,0.0063
2026-01-06 20:20:44.074609,33.02,5.12,0.007,80.0,1163,0.0118
2026-01-06 20:21:44.074609,24.2,1.96,0.017,80.0,1271,0.0097
2026-01-06 20:22:44.074609,30.03,9.72,0.026,80.0,1226,0.0017
2026-01-06 20:23:44.074609,24.65,5.45,0.061,80.0,1459,0.0123
2026-01-06 20:24:44.074609,38.04,3.37,0.057,76.33,1282,0.0025
2026-01-06 20:25:44.074609,30.05,7.6,0.016,80.0,1224,0.0169
2026-01-06 20:26:44.074609,27.46,2.52,0.015,80.0,1591,0.0142
2026-01-06 20:27:44.074609,35.24,1.01,0.0,80.0,1495,0.0087
2026-01-06 20:28:44.074609,25.51,2.87,0.006,80.0,1129,0.0013
2026-01-06 20:29:44.074609,41.45,8.7,0.103,80.0,1159,0.0262
2026-01-06 20:30:44.074609,37.04,4.45,0.109,80.0,1183,0.0053
2026-01-06 20:31:44.074609,29.4,1.12,0.072,80.0,1007,0.0187
2026-01-06 20:32:44.074609,44.0,6.21,0.02,80.0,1497,0.0097
2026-01-06 20:33:44.074609,27.41,2.78,0.019,80.0,1237,0.0072
2026-01-06 20:34:44.074609,24.44,1.52,0.01,80.0,1152,0.0251
2026-01-06 20:35:44.074609,23.34,1.19,0.07,80.0,1083,0.0063
2026-01-06 20:36:44.074609,31.79,1.12,0.022,80.0,1133,0.0133
2026-01-06 20:37:44.074609,28.8,6.24,0.023,80.0,1199,0.0034
2026-01-06 20:38:44.074609,28.13,5.36,0.007,80.0,1316,0.0135
2026-01-06 20:39:44.074609,23.2,1.1,0.085,76.38,1322,0.0052
2026-01-06 20:40:44.074609,43.38,7.77,0.015,80.0,1217,0.0007
2026-01-06 20:41:44.074609,35.73,7.96,0.005,80.0,1092,0.0005
2026-01-06 20:42:44.074609,29.71,11.03,0.064,80.0,1253,0.0075
2026-01-06 20:43:44.074609,24.02,3.89,0.078,80.0,1163,0.0105
2026-01-06 20:44:44.074609,12.97,1.4,0.088,80.0,1558,0.0021
2026-01-06 20:45:44.074609,25.15,5.32,0.019,80.0,1334,0.0055
2026-01-06 20:46:44.074609,30.35,5.68,0.051,80.0,1157,0.016
2026-01-06 20:47:44.074609,27.23,1.86,0.073,80.0,1391,0.0034
2026-01-06 20:48:44.074609,32.82,1.03,0.019,80.0,1087,0.0008
2026-01-06 20:49:44.074609,27.83,8.29,0.003,80.0,1087,0.0031
2026-01-06 20:50:44.074609,40.68,3.19,0.033,80.0,920,0.0108
2026-01-06 20:51:44.074609,32.29,4.72,0.004,80.0,1521,0.0178
2026-01-06 20:52:44.074609,34.81,1.13,0.06,80.0,1571,0.0078
2026-01-06 20:53:44.074609,25.67,3.09,0.008,80.0,888,0.0027
2026-01-06 20:54:44.074609,25.35,2.98,0.091,80.0,949,0.0029
2026-01-06 20:55:44.074609,26.21,4.0,0.01,80.0,1174,0.0164
2026-01-06 20:56:44.074609,34.16,1.67,0.041,80.0,1379,0.0008
2026-01-06 20:57:44.074609,23.35,4.91,0.045,80.0,1577,0.0027
2026-01-06 20:58:44.074609,25.14,8.47,0.021,80.0,1463,0.0125
2026-01-06 20:59:44.074609,30.59,2.71,0.022,80.0,1185,0.0041
2026-01-06 21:00:44.074609,35.34,1.68,0.05,55.36,444,0.0346
2026-01-06 21:01:44.074609,24.97,2.14,0.031,41.62,353,0.0052
2026-01-06 21:02:44.074609,22.27,3.22,0.068,44.01,602,0.0034
2026-01-06 21:03:44.074609,33.9,3.51,0.033,34.29,532,0.0152
2026-01-06 21:04:44.074609,26.08,1.45,0.023,23.77,695,0.0051
2026-01-06 21:05:44.074609,26.65,2.91,0.015,45.76,492,0.0019
2026-01-06 21:06:44.074609,22.83,1.9,0.035,37.16,353,0.0052
2026-01-06 21:07:44.074609,26.15,1.48,0.037,42.5,589,0.0381
2026-01-06 21:08:44.074609,36.93,1.4,0.215,30.03,482,0.0287
2026-01-06 21:09:44.074609,15.87,1.72,0.016,40.65,434,0.0053
2026-01-06 21:10:44.074609,24.43,1.81,0.06,51.39,450,0.018
2026-01-06 21:11:44.074609,32.87,6.85,0.045,36.74,410,0.0154
2026-01-06 21:12:44.074609,16.34,2.04,0.02,41.65,387,0.0009
2026-01-06 21:13:44.074609,21.73,1.89,0.005,30.17,611,0.0041
2026-01-06 21:14:44.074609,27.86,1.81,0.017,45.87,612,0.0014
2026-01-06 21:15:44.074609,23.16,1.19,0.015,49.78,536,0.0066
2026-01-06 21:16:44.074609,21.19,4.86,0.036,53.2,246,0.0057
2026-01-06 21:17:44.074609,27.81,10.82,0.027,43.54,443,0.0221
2026-01-06 21:18:44.074609,26.98,8.94,0.084,44.52,459,0.0069
2026-01-06 21:19:44.074609,30.3,5.79,0.101,51.78,651,0.0007
2026-01-06 21:20:44.074609,26.79,2.76,0.002,45.66,415,0.0039
2026-01-06 21:21:44.074609,24.04,1.4,0.01,24.9,468,0.0092
2026-01-06 21:22:44.074609,27.78,2.15,0.089,60.85,576,0.0012
2026-01-06 21:23:44.074609,16.75,7.21,0.002,35.82,354,0.0046
2026-01-06 21:24:44.074609,28.46,1.67,0.002,58.69,460,0.0304
2026-01-06 21:25:44.074609,19.79,5.41,0.035,60.61,388,0.0159
2026-01-06 21:26:44.074609,24.97,3.08,0.166,41.49,632,0.0135
2026-01-06 21:27:44.074609,23.02,3.18,0.1,44.1,523,0.0048
2026-01-06 21:28:44.074609,33.58,1.03,0.019,54.55,579,0.0097
2026-01-06 21:29:44.074609,20.82,2.76,0.102,67.49,610,0.0182
2026-01-06 21:30:44.074609,25.59,5.42,0.002,40.55,415,0.0188
2026-01-06 21:31:44.074609,32.36,1.86,0.186,40.58,573,0.0056
2026-01-06 21:32:44.074609,27.4,2.17,0.023,41.63,576,0.0111
2026-01-06 21:33:44.074609,31.33,1.52,0.028,44.52,521,0.0052
2026-01-06 21:34:44.074609,21.95,1.19,0.095,43.8,264,0.0052
2026-01-06 21:35:44.074609,25.5,6.07,0.02,44.91,474,0.0074
2026-01-06 21:36:44.074609,28.23,8.18,0.025,40.95,555,0.0369
2026-01-06 21:37:44.074609,26.82,2.84,0.003,28.53,701,0.0136
2026-01-06 21:38:44.074609,29.54,3.22,0.084,37.57,561,0.0051
2026-01-06 21:39:44.074609,28.94,3.76,0.066,63.22,431,0.0093
2026-01-06 21:40:44.074609,18.97,1.3,0.09,57.8,373,0.0542
2026-01-06 21:41:44.074609,19.31,1.73,0.003,43.71,423,0.0019
2026-01-06 21:42:44.074609,32.95,4.75,0.018,30.3,679,0.0041
2026-01-06 21:43:44.074609,16.59,7.13,0.004,43.87,491,0.0019
2026-01-06 21:44:44.074609,25.27,5.08,0.022,37.19,367,0.0025
2026-01-06 21:45:44.074609,30.78,6.99,0.023,27.44,607,0.0002
2026-01-06 21:46:44.074609,23.75,2.08,0.03,33.92,532,0.0057
2026-01-06 21:47:44.074609,29.88,3.56,0.054,73.01,439,0.0006
2026-01-06 21:48:44.074609,26.58,6.87,0.057,53.25,607,0.0107
2026-01-06 21:49:44.074609,19.25,1.71,0.084,47.27,627,0.0054
2026-01-06 21:50:44.074609,25.91,5.88,0.088,47.66,607,0.012
2026-01-06 21:51:44.074609,24.98,3.28,0.001,42.28,405,0.0011
2026-01-06 21:52:44.074609,27.05,7.14,0.051,33.7,671,0.0053
2026-01-06 21:53:44.074609,24.24,3.65,0.01,27.21,496,0.0049
2026-01-06 21:54:44.074609,18.03,6.14,0.086,39.05,301,0.0375
2026-01-06 21:55:44.074609,24.78,1.99,0.004,50.7,382,0.0077
2026-01-06 21:56:44.074609,33.78,5.38,0.09,33.7,424,0.0189
2026-01-06 21:57:44.074609,33.83,1.49,0.121,40.76,371,0.0077
2026-01-06 21:58:44.074609,27.14,7.12,0.025,47.97,374,0.018
2026-01-06 21:59:44.074609,27.4,4.59,0.062,43.7,359,0.0133
2026-01-06 22:00:44.074609,32.67,3.58,0.099,31.7,490,0.0101
2026-01-06 22:01:44.074609,33.11,4.41,0.005,53.09,710,0.0026
2026-01-06 22:02:44.074609,24.84,4.41,0.086,36.43,435,0.0215
2026-01-06 22:03:44.074609,36.86,18.49,0.023,35.78,485,0.0119
2026-01-06 22:04:44.074609,30.2,1.54,0.031,41.18,578,0.0011
2026-01-06 22:05:44.074609,12.77,1.78,0.118,55.06,333,0.0555
2026-01-06 22:06:44.074609,33.6,1.44,0.094,37.53,422,0.0069
2026-01-06 22:07:44.074609,34.48,1.07,0.017,55.79,576,0.0111
2026-01-06 22:08:44.074609,29.23,1.93,0.035,35.92,536,0.0079
2026-01-06 22:09:44.074609,16.11,3.93,0.051,41.41,493,0.0076
2026-01-06 22:10:44.074609,29.87,1.51,0.04,49.39,391,0.0084
2026-01-06 22:11:44.074609,26.57,2.93,0.009,59.19,370,0.0147
2026-01-06 22:12:44.074609,25.78,4.36,0.061,49.32,410,0.0117
2026-01-06 22:13:44.074609,28.92,1.72,0.015,39.11,496,0.0003
2026-01-06 22:14:44.074609,22.97,6.6,0.001,46.75,445,0.0249
2026-01-06 22:15:44.074609,28.51,1.08,0.038,26.6,716,0.0253
2026-01-06 22:16:44.074609,20.46,1.96,0.051,27.53,311,0.0104
2026-01-06 22:17:44.074609,24.25,2.65,0.077,66.47,543,0.007
2026-01-06 22:18:44.074609,19.87,4.14,0.01,54.5,646,0.002
2026-01-06 22:19:44.074609,38.04,7.96,0.007,39.6,402,0.0054
2026-01-06 22:20:44.074609,29.18,4.77,0.113,41.83,398,0.0208
2026-01-06 22:21:44.074609,33.53,8.15,0.035,50.29,576,0.0083
2026-01-06 22:22:44.074609,21.74,5.44,0.036,53.38,585,0.0088
2026-01-06 22:23:44.074609,30.07,4.11,0.092,44.72,795,0.0109
2026-01-06 22:24:44.074609,29.1,4.91,0.03,32.38,430,0.0055
2026-01-06 22:25:44.074609,25.33,7.23,0.189,31.29,389,0.0056
2026-01-06 22:26:44.074609,28.83,3.76,0.023,38.65,431,0.0064
2026-01-06 22:27:44.074609,23.66,7.19,0.075,37.09,484,0.0076
2026-01-06 22:28:44.074609,25.42,1.19,0.057,30.6,338,0.0031
2026-01-06 22:29:44.074609,32.28,5.66,0.137,41.01,567,0.003
2026-01-06 22:30:44.074609,36.94,4.3,0.118,44.02,425,0.0016
2026-01-06 22:31:44.074609,29.94,7.35,0.003,57.06,421,0.0016
2026-01-06 22:32:44.074609,24.83,1.57,0.033,47.39,517,0.0084
2026-01-06 22:33:44.074609,36.25,3.9,0.044,44.65,488,0.008
2026-01-06 22:34:44.074609,24.4,3.74,0.0,63.93,508,0.0037
2026-01-06 22:35:44.074609,17.6,2.06,0.027,55.71,299,0.003
2026-01-06 22:36:44.074609,24.88,3.93,0.024,51.37,426,0.0129
2026-01-06 22:37:44.074609,28.27,1.98,0.1,54.83,590,0.0021
2026-01-06 22:38:44.074609,20.44,3.98,0.092,27.08,745,0.0503
2026-01-06 22:39:44.074609,28.74,3.34,0.051,51.63,449,0.0032
2026-01-06 22:40:44.074609,26.35,2.23,0.033,49.81,257,0.0022
2026-01-06 22:41:44.074609,24.7,2.93,0.021,34.14,324,0.002
2026-01-06 22:42:44.074609,31.38,6.96,0.011,45.2,693,0.0159
2026-01-06 22:43:44.074609,29.62,1.32,0.0,51.87,448,0.002
2026-01-06 22:44:44.074609,24.69,3.14,0.037,36.31,564,0.001
2026-01-06 22:45:44.074609,26.39,4.29,0.024,65.86,581,0.0105
2026-01-06 22:46:44.074609,33.64,1.08,0.098,35.3,467,0.0141
2026-01-06 22:47:44.074609,24.68,5.57,0.029,44.85,580,0.0011
2026-01-06 22:48:44.074609,31.93,3.85,0.022,36.37,509,0.0089
2026-01-06 22:49:44.074609,22.61,2.37,0.001,40.37,579,0.0022
2026-01-06 22:50:44.074609,26.54,2.95,0.043,39.68,399,0.0242
2026-01-06 22:51:44.074609,32.63,1.44,0.055,30.92,406,0.0013
2026-01-06 22:52:44.074609,23.29,1.14,0.172,59.07,456,0.0253
2026-01-06 22:53:44.074609,29.5,4.69,0.043,42.1,488,0.0031
2026-01-06 22:54:44.074609,28.02,1.42,0.113,48.15,424,0.0108
2026-01-06 22:55:44.074609,26.39,2.21,0.094,49.9,369,0.013
2026-01-06 22:56:44.074609,31.29,5.44,0.072,33.18,477,0.0088
2026-01-06 22:57:44.074609,18.72,1.38,0.08,42.03,699,0.0017
2026-01-06 22:58:44.074609,29.72,1.02,0.171,41.0,624,0.0061
2026-01-06 22:59:44.074609,28.79,2.95,0.061,54.89,672,0.0016
2026-01-06 23:00:44.074609,20.03,2.43,0.015,51.52,522,0.0018
2026-01-06 23:01:44.074609,29.71,2.81,0.063,32.58,537,0.0049
2026-01-06 23:02:44.074609,17.66,1.99,0.065,38.83,606,0.0098
2026-01-06 23:03:44.074609,30.29,1.99,0.009,39.4,488,0.0103
2026-01-06 23:04:44.074609,31.14,5.97,0.058,25.06,600,0.0251
2026-01-06 23:05:44.074609,30.7,2.18,0.008,62.08,645,0.0137
2026-01-06 23:06:44.074609,25.9,4.11,0.245,44.23,536,0.0021
2026-01-06 23:07:44.074609,34.13,2.84,0.02,43.74,579,0.0346
2026-01-06 23:08:44.074609,34.52,3.39,0.171,52.22,458,0.0043
2026-01-06 23:09:44.074609,35.34,10.56,0.024,52.68,595,0.0112
2026-01-06 23:10:44.074609,27.65,7.2,0.048,56.72,430,0.0052
2026-01-06 23:11:44.074609,30.03,3.41,0.011,43.6,683,0.0449
2026-01-06 23:12:44.074609,12.49,4.8,0.037,53.18,486,0.0104
2026-01-06 23:13:44.074609,24.6,1.98,0.161,23.58,416,0.002
2026-01-06 23:14:44.074609,36.08,1.58,0.032,20.51,403,0.0191
2026-01-06 23:15:44.074609,32.95,2.79,0.012,37.46,442,0.0
2026-01-06 23:16:44.074609,22.92,9.51,0.028,50.61,308,0.0122
2026-01-06 23:17:44.074609,28.37,5.29,0.087,44.33,396,0.0077
2026-01-06 23:18:44.074609,19.07,2.8,0.015,49.01,473,0.0088
2026-01-06 23:19:44.074609,27.15,2.44,0.008,31.72,341,0.0053
2026-01-06 23:20:44.074609,22.8,1.57,0.047,43.79,450,0.0225
2026-01-06 23:21:44.074609,19.24,1.21,0.046,24.52,484,0.005
2026-01-06 23:22:44.074609,29.31,3.66,0.005,44.54,563,0.0012
2026-01-06 23:23:44.074609,21.23,2.27,0.059,30.11,369,0.0039
2026-01-06 23:24:44.074609,21.19,5.51,0.018,49.72,474,0.0065
2026-01-06 23:25:44.074609,31.94,4.15,0.031,37.22,599,0.0064
2026-01-06 23:26:44.074609,26.12,2.41,0.022,38.59,342,0.0013
2026-01-06 23:27:44.074609,27.88,2.82,0.01,37.68,450,0.0021
2026-01-06 23:28:44.074609,17.06,5.23,0.011,32.46,480,0.0225
2026-01-06 23:29:44.074609,20.32,6.59,0.025,48.12,581,0.0125
2026-01-06 23:30:44.074609,34.78,2.26,0.14,37.11,511,0.0007
2026-01-06 23:31:44.074609,31.21,4.57,0.016,49.59,535,0.0022
2026-01-06 23:32:44.074609,19.4,2.43,0.05,36.62,355,0.0045
2026-01-06 23:33:44.074609,38.38,5.57,0.055,40.52,577,0.0332
2026-01-06 23:34:44.074609,28.32,2.89,0.124,31.51,424,0.0008
2026-01-06 23:35:44.074609,37.85,12.3,0.037,40.2,549,0.0078
2026-01-06 23:36:44.074609,29.11,1.55,0.094,60.14,543,0.0107
2026-01-06 23:37:44.074609,21.98,6.48,0.046,35.04,479,0.0081
2026-01-06 23:38:44.074609,23.43,1.87,0.002,37.76,276,0.0235
2026-01-06 23:39:44.074609,27.5,2.91,0.051,54.0,412,0.0
2026-01-06 23:40:44.074609,22.06,1.24,0.01,32.99,558,0.0013
2026-01-06 23:41:44.074609,36.06,1.18,0.074,56.93,346,0.0409
2026-01-06 23:42:44.074609,36.22,1.03,0.039,40.32,406,0.0014
2026-01-06 23:43:44.074609,22.11,13.87,0.053,61.76,485,0.0038
2026-01-06 23:44:44.074609,28.74,2.35,0.091,58.97,237,0.0595
2026-01-06 23:45:44.074609,30.44,4.49,0.086,46.0,591,0.0102
2026-01-06 23:46:44.074609,31.44,4.89,0.029,34.66,595,0.0101
2026-01-06 23:47:44.074609,32.71,4.36,0.045,45.56,580,0.0006
2026-01-06 23:48:44.074609,25.23,7.9,0.053,35.47,450,0.0038
2026-01-06 23:49:44.074609,26.17,1.26,0.041,50.01,680,0.0078
2026-01-06 23:50:44.074609,26.74,2.51,0.0,34.6,491,0.0255
2026-01-06 23:51:44.074609,26.45,3.49,0.065,43.15,526,0.0088
2026-01-06 23:52:44.074609,26.05,4.4,0.046,48.39,591,0.0189
2026-01-06 23:53:44.074609,25.46,3.18,0.055,48.69,627,0.0039
2026-01-06 23:54:44.074609,34.05,11.92,0.0,54.68,531,0.0222
2026-01-06 23:55:44.074609,30.6,2.83,0.03,61.57,672,0.0131
2026-01-06 23:56:44.074609,23.94,3.17,0.068,35.77,506,0.0191
2026-01-06 23:57:44.074609,25.36,5.63,0.036,51.16,473,0.0008
2026-01-06 23:58:44.074609,22.2,5.63,0.011,40.5,448,0.0026
2026-01-06 23:59:44.074609,33.67,1.42,0.064,59.08,441,0.0013
2026-01-07 00:00:44.074609,16.1,4.7,0.024,34.44,691,0.0005
2026-01-07 00:01:44.074609,30.06,2.71,0.011,63.03,357,0.0056
2026-01-07 00:02:44.074609,31.84,1.17,0.075,37.22,488,0.0079
2026-01-07 00:03:44.074609,31.98,11.49,0.015,45.57,396,0.0079
2026-01-07 00:04:44.074609,40.74,3.28,0.123,57.33,424,0.0115
2026-01-07 00:05:44.074609,28.58,12.61,0.059,23.96,401,0.0028
2026-01-07 00:06:44.074609,29.82,2.42,0.031,54.33,499,0.0011
2026-01-07 00:07:44.074609,24.18,4.99,0.176,40.74,531,0.0002
2026-01-07 00:08:44.074609,30.51,2.28,0.1,33.52,560,0.0063
2026-01-07 00:09:44.074609,27.74,7.94,0.002,36.24,364,0.0464
2026-01-07 00:10:44.074609,30.68,1.2,0.048,50.27,466,0.0013
2026-01-07 00:11:44.074609,20.39,5.82,0.022,42.09,559,0.017
2026-01-07 00:12:44.074609,22.97,2.86,0.024,59.39,625,0.0108
2026-01-07 00:13:44.074609,28.48,1.72,0.023,44.09,533,0.0176
2026-01-07 00:14:44.074609,26.56,6.0,0.0,34.29,573,0.0343
2026-01-07 00:15:44.074609,41.35,2.32,0.038,56.97,539,0.0103
2026-01-07 00:16:44.074609,36.2,2.92,0.063,48.21,432,0.0047
2026-01-07 00:17:44.074609,22.93,3.55,0.021,39.36,558,0.0142
2026-01-07 00:18:44.074609,27.56,5.77,0.007,37.95,468,0.0346
2026-01-07 00:19:44.074609,18.07,3.33,0.01,43.22,483,0.0035
2026-01-07 00:20:44.074609,25.29,4.79,0.032,50.79,328,0.0007
2026-01-07 00:21:44.074609,22.48,1.98,0.017,49.21,561,0.0039
2026-01-07 00:22:44.074609,27.24,1.99,0.009,33.05,459,0.0015
2026-01-07 00:23:44.074609,22.46,1.04,0.079,51.5,397,0.0008
2026-01-07 00:24:44.074609,34.35,2.34,0.01,45.52,575,0.0332
2026-01-07 00:25:44.074609,31.68,1.63,0.083,24.99,503,0.005
2026-01-07 00:26:44.074609,27.02,3.59,0.045,35.79,565,0.0076
2026-01-07 00:27:44.074609,18.3,3.05,0.152,39.39,557,0.0204
2026-01-07 00:28:44.074609,19.45,3.17,0.023,34.61,547,0.0018
2026-01-07 00:29:44.074609,24.05,2.98,0.039,54.08,542,0.0163
2026-01-07 00:30:44.074609,29.13,3.55,0.021,40.1,502,0.0028
2026-01-07 00:31:44.074609,19.6,1.3,0.003,34.33,425,0.0034
2026-01-07 00:32:44.074609,26.73,2.93,0.012,43.72,420,0.006
2026-01-07 00:33:44.074609,18.95,1.4,0.025,54.91,308,0.0145
2026-01-07 00:34:44.074609,21.93,6.48,0.008,42.15,379,0.0039
2026-01-07 00:35:44.074609,30.56,3.8,0.052,38.25,454,0.0078
2026-01-07 00:36:44.074609,26.04,3.85,0.165,38.88,690,0.0512
2026-01-07 00:37:44.074609,21.61,3.89,0.015,40.98,486,0.0016
2026-01-07 00:38:44.074609,31.77,1.46,0.052,31.02,362,0.0095
2026-01-07 00:39:44.074609,24.72,4.21,0.0,41.03,356,0.0025
2026-01-07 00:40:44.074609,26.07,6.41,0.044,34.06,417,0.0024
2026-01-07 00:41:44.074609,36.75,1.88,0.02,48.97,596,0.0023
2026-01-07 00:42:44.074609,32.43,2.44,0.102,37.93,550,0.0049
2026-01-07 00:43:44.074609,27.64,4.81,0.005,49.62,536,0.0019
2026-01-07 00:44:44.074609,33.8,2.44,0.004,52.28,582,0.0067
2026-01-07 00:45:44.074609,17.8,1.11,0.023,21.87,479,0.0327
2026-01-07 00:46:44.074609,26.15,1.91,0.033,42.91,593,0.0075
2026-01-07 00:47:44.074609,24.59,3.12,0.023,36.85,489,0.0169
2026-01-07 00:48:44.074609,24.93,1.37,0.001,48.56,427,0.0158
2026-01-07 00:49:44.074609,29.31,1.88,0.023,68.07,617,0.0024
2026-01-07 00:50:44.074609,37.77,10.19,0.07,56.77,456,0.0024
2026-01-07 00:51:44.074609,31.02,3.46,0.041,38.69,397,0.0043
2026-01-07 00:52:44.074609,28.61,3.55,0.014,74.38,520,0.0286
2026-01-07 00:53:44.074609,25.44,12.97,0.01,29.33,440,0.019
2026-01-07 00:54:44.074609,30.36,3.01,0.179,50.19,408,0.0119
2026-01-07 00:55:44.074609,24.54,2.02,0.021,47.95,618,0.0006
2026-01-07 00:56:44.074609,20.97,4.93,0.037,39.88,438,0.001
2026-01-07 00:57:44.074609,40.18,3.61,0.164,35.06,600,0.0128
2026-01-07 00:58:44.074609,23.18,1.19,0.133,43.38,567,0.0054
2026-01-07 00:59:44.074609,27.39,5.82,0.002,58.38,464,0.0061
2026-01-07 01:00:44.074609,26.32,6.78,0.042,22.4,534,0.0007
2026-01-07 01:01:44.074609,29.68,9.02,0.028,59.92,534,0.0015
2026-01-07 01:02:44.074609,27.1,1.87,0.033,71.85,629,0.0024
2026-01-07 01:03:44.074609,28.62,1.9,0.017,49.26,471,0.0081
2026-01-07 01:04:44.074609,32.49,1.38,0.014,62.97,403,0.0033
2026-01-07 01:05:44.074609,24.18,6.38,0.128,57.44,496,0.0017
2026-01-07 01:06:44.074609,19.98,4.67,0.089,30.07,340,0.0023
2026-01-07 01:07:44.074609,21.54,1.51,0.019,33.1,472,0.0032
2026-01-07 01:08:44.074609,31.01,2.46,0.161,37.88,563,0.014
2026-01-07 01:09:44.074609,37.55,11.88,0.004,40.91,486,0.0053
2026-01-07 01:10:44.074609,14.83,2.83,0.023,39.17,654,0.0213
2026-01-07 01:11:44.074609,27.97,1.52,0.149,50.79,420,0.0052
2026-01-07 01:12:44.074609,22.34,3.6,0.243,46.88,470,0.0209
2026-01-07 01:13:44.074609,21.32,5.14,0.005,38.32,535,0.0444
2026-01-07 01:14:44.074609,27.33,5.49,0.091,59.16,573,0.009
2026-01-07 01:15:44.074609,33.24,5.02,0.098,45.18,516,0.004
2026-01-07 01:16:44.074609,22.72,3.16,0.047,52.84,610,0.0083
2026-01-07 01:17:44.074609,29.56,1.82,0.07,64.02,548,0.0308
2026-01-07 01:18:44.074609,29.65,5.13,0.003,43.48,463,0.0015
2026-01-07 01:19:44.074609,25.15,6.38,0.008,46.0,543,0.0019
2026-01-07 01:20:44.074609,34.47,5.19,0.03,54.12,534,0.003
2026-01-07 01:21:44.074609,43.42,2.01,0.027,49.02,329,0.0027
2026-01-07 01:22:44.074609,27.56,3.75,0.01,62.88,546,0.0022
2026-01-07 01:23:44.074609,23.39,15.68,0.193,58.1,441,0.0277
2026-01-07 01:24:44.074609,33.6,20.0,0.031,45.01,439,0.0094
2026-01-07 01:25:44.074609,24.02,5.57,0.027,42.04,631,0.0079
2026-01-07 01:26:44.074609,34.68,1.59,0.048,54.78,445,0.0021
2026-01-07 01:27:44.074609,24.74,5.04,0.064,27.44,513,0.0027
2026-01-07 01:28:44.074609,15.89,5.41,0.011,40.77,358,0.0009
2026-01-07 01:29:44.074609,30.3,8.47,0.031,66.66,382,0.0177
2026-01-07 01:30:44.074609,36.82,8.83,0.028,35.58,618,0.0154
2026-01-07 01:31:44.074609,32.07,6.05,0.071,55.68,753,0.0324
2026-01-07 01:32:44.074609,29.79,4.15,0.043,35.54,509,0.0056
2026-01-07 01:33:44.074609,33.89,7.05,0.083,31.37,489,0.0052
2026-01-07 01:34:44.074609,27.23,2.13,0.023,40.35,505,0.0046
2026-01-07 01:35:44.074609,16.54,4.3,0.01,61.92,453,0.0011
2026-01-07 01:36:44.074609,22.85,1.81,0.005,60.85,426,0.0034
2026-01-07 01:37:44.074609,27.54,4.53,0.025,44.4,491,0.0011
2026-01-07 01:38:44.074609,17.07,4.1,0.066,34.83,621,0.0185
2026-01-07 01:39:44.074609,26.88,1.91,0.061,47.49,509,0.0257
2026-01-07 01:40:44.074609,37.77,1.47,0.032,44.88,432,0.0089
2026-01-07 01:41:44.074609,19.04,1.05,0.008,44.43,667,0.0104
2026-01-07 01:42:44.074609,33.31,1.5,0.121,59.34,452,0.0018
2026-01-07 01:43:44.074609,38.01,5.41,0.049,18.88,344,0.0361
2026-01-07 01:44:44.074609,23.54,2.0,0.007,34.53,379,0.0014
2026-01-07 01:45:44.074609,32.18,2.14,0.248,59.88,630,0.0081
2026-01-07 01:46:44.074609,32.97,3.41,0.001,47.12,513,0.0013
2026-01-07 01:47:44.074609,28.41,2.01,0.127,59.31,495,0.0091
2026-01-07 01:48:44.074609,33.07,5.16,0.008,47.35,342,0.0035
2026-01-07 01:49:44.074609,29.11,6.01,0.087,34.55,351,0.0049
2026-01-07 01:50:44.074609,25.73,5.17,0.254,31.37,524,0.0004
2026-01-07 01:51:44.074609,27.36,4.78,0.054,51.89,468,0.0058
2026-01-07 01:52:44.074609,30.38,8.35,0.044,49.55,466,0.0008
2026-01-07 01:53:44.074609,28.71,7.88,0.01,43.12,517,0.0005
2026-01-07 01:54:44.074609,18.97,9.72,0.022,35.3,497,0.0003
2026-01-07 01:55:44.074609,21.75,3.99,0.079,44.11,509,0.0169
2026-01-07 01:56:44.074609,25.43,2.74,0.161,41.71,427,0.0026
2026-01-07 01:57:44.074609,33.37,8.98,0.139,41.56,693,0.0043
2026-01-07 01:58:44.074609,31.3,3.8,0.018,36.54,607,0.0212
2026-01-07 01:59:44.074609,28.73,3.21,0.015,33.94,470,0.0063
2026-01-07 02:00:44.074609,22.58,2.95,0.018,46.64,428,0.0202
2026-01-07 02:01:44.074609,25.06,10.5,0.069,66.32,436,0.0143
2026-01-07 02:02:44.074609,19.75,1.06,0.003,33.29,615,0.0175
2026-01-07 02:03:44.074609,26.59,3.56,0.124,36.34,472,0.0023
2026-01-07 02:04:44.074609,26.68,3.05,0.057,40.17,521,0.0143
2026-01-07 02:05:44.074609,22.02,3.54,0.073,62.27,582,0.0009
2026-01-07 02:06:44.074609,34.27,8.54,0.018,50.09,532,0.0028
2026-01-07 02:07:44.074609,28.62,4.23,0.123,52.53,239,0.01
2026-01-07 02:08:44.074609,33.95,3.42,0.003,48.13,446,0.0
2026-01-07 02:09:44.074609,24.87,9.33,0.02,26.57,455,0.001
2026-01-07 02:10:44.074609,35.04,1.31,0.028,46.06,434,0.0068
2026-01-07 02:11:44.074609,22.52,3.7,0.01,50.84,404,0.0095
2026-01-07 02:12:44.074609,33.55,7.43,0.033,46.76,486,0.0044
2026-01-07 02:13:44.074609,22.54,2.06,0.051,56.55,478,0.0036
2026-01-07 02:14:44.074609,27.22,5.61,0.098,27.64,557,0.0075
2026-01-07 02:15:44.074609,24.78,2.46,0.039,54.04,520,0.0023
2026-01-07 02:16:44.074609,32.7,1.28,0.005,44.78,658,0.0112
2026-01-07 02:17:44.074609,29.18,5.99,0.003,35.61,436,0.003
2026-01-07 02:18:44.074609,25.67,5.44,0.02,55.49,572,0.017
2026-01-07 02:19:44.074609,28.92,1.99,0.008,54.85,403,0.0242
2026-01-07 02:20:44.074609,27.55,2.75,0.103,52.5,543,0.0215
2026-01-07 02:21:44.074609,26.42,2.62,0.047,49.06,316,0.0033
2026-01-07 02:22:44.074609,31.0,2.36,0.01,48.34,703,0.0148
2026-01-07 02:23:44.074609,26.39,1.82,0.038,36.78,253,0.0038
2026-01-07 02:24:44.074609,18.95,4.89,0.033,47.24,359,0.0091
2026-01-07 02:25:44.074609,23.1,1.82,0.016,36.82,554,0.0039
2026-01-07 02:26:44.074609,25.65,2.29,0.015,45.38,550,0.0094
2026-01-07 02:27:44.074609,22.79,11.4,0.008,57.12,384,0.0156
2026-01-07 02:28:44.074609,26.75,1.34,0.04,43.86,405,0.0033
2026-01-07 02:29:44.074609,34.84,7.59,0.105,55.25,430,0.0077
2026-01-07 02:30:44.074609,19.11,2.37,0.067,51.24,535,0.015
2026-01-07 02:31:44.074609,36.8,1.67,0.04,46.53,662,0.0092
2026-01-07 02:32:44.074609,26.6,1.3,0.039,62.84,533,0.0039
2026-01-07 02:33:44.074609,29.35,1.12,0.061,54.88,527,0.0048
2026-01-07 02:34:44.074609,30.88,3.68,0.009,45.25,752,0.0003
2026-01-07 02:35:44.074609,21.96,2.49,0.014,39.19,551,0.0135
2026-01-07 02:36:44.074609,32.26,2.34,0.0,52.06,422,0.0092
2026-01-07 02:37:44.074609,17.76,1.24,0.077,48.11,561,0.0486
2026-01-07 02:38:44.074609,18.05,1.29,0.032,56.9,537,0.0117
2026-01-07 02:39:44.074609,28.06,2.71,0.048,58.86,511,0.0093
2026-01-07 02:40:44.074609,32.54,2.24,0.045,58.44,567,0.0085
2026-01-07 02:41:44.074609,29.47,2.06,0.005,31.8,493,0.0143
2026-01-07 02:42:44.074609,26.98,1.31,0.089,46.2,610,0.015
2026-01-07 02:43:44.074609,30.96,7.08,0.039,23.06,624,0.021
2026-01-07 02:44:44.074609,33.8,5.5,0.189,50.57,560,0.0025
2026-01-07 02:45:44.074609,27.73,4.38,0.084,45.15,528,0.0023
2026-01-07 02:46:44.074609,24.76,1.22,0.04,48.01,661,0.0268
2026-01-07 02:47:44.074609,23.68,9.18,0.008,48.55,440,0.0656
2026-01-07 02:48:44.074609,29.91,2.21,0.034,35.56,492,0.0068
2026-01-07 02:49:44.074609,29.5,10.53,0.083,40.78,499,0.0114
2026-01-07 02:50:44.074609,24.47,6.14,0.046,44.95,542,0.0092
2026-01-07 02:51:44.074609,23.67,4.45,0.046,33.27,415,0.0042
2026-01-07 02:52:44.074609,25.93,1.14,0.043,34.65,347,0.0086
2026-01-07 02:53:44.074609,37.17,3.03,0.033,61.18,486,0.0077
2026-01-07 02:54:44.074609,34.74,14.33,0.01,42.92,675,0.0178
2026-01-07 02:55:44.074609,18.52,1.7,0.103,37.05,460,0.0125
2026-01-07 02:56:44.074609,28.62,1.11,0.01,35.71,736,0.0184
2026-01-07 02:57:44.074609,29.81,6.8,0.021,45.97,508,0.035
2026-01-07 02:58:44.074609,27.9,1.04,0.104,45.5,423,0.0054
2026-01-07 02:59:44.074609,26.56,3.72,0.059,52.55,505,0.0073
2026-01-07 03:00:44.074609,25.92,3.7,0.004,41.51,589,0.0057
2026-01-07 03:01:44.074609,35.87,1.9,0.004,37.21,643,0.0246
2026-01-07 03:02:44.074609,23.29,1.16,0.083,43.06,450,0.0002
2026-01-07 03:03:44.074609,28.92,2.38,0.024,50.12,428,0.0016
2026-01-07 03:04:44.074609,28.84,6.64,0.011,36.01,574,0.0009
2026-01-07 03:05:44.074609,22.94,3.41,0.026,68.02,580,0.0171
2026-01-07 03:06:44.074609,31.95,3.22,0.081,37.26,529,0.008
2026-01-07 03:07:44.074609,23.85,1.13,0.109,60.8,788,0.0097
2026-01-07 03:08:44.074609,30.36,7.79,0.091,51.72,608,0.0096
2026-01-07 03:09:44.074609,22.64,6.7,0.095,73.28,458,0.0159
2026-01-07 03:10:44.074609,25.25,5.62,0.013,44.28,623,0.0063
2026-01-07 03:11:44.074609,27.57,1.44,0.016,48.36,529,0.0031
2026-01-07 03:12:44.074609,26.91,2.69,0.069,54.43,394,0.0023
2026-01-07 03:13:44.074609,35.13,6.5,0.021,37.09,623,0.0093
2026-01-07 03:14:44.074609,23.95,2.35,0.069,41.18,552,0.0002
2026-01-07 03:15:44.074609,32.54,8.4,0.099,33.15,539,0.0166
2026-01-07 03:16:44.074609,25.93,4.98,0.058,48.49,529,0.0171
2026-01-07 03:17:44.074609,29.52,6.52,0.01,38.76,565,0.0042
2026-01-07 03:18:44.074609,23.92,2.53,0.024,38.85,575,0.0011
2026-01-07 03:19:44.074609,20.87,1.02,0.109,26.87,512,0.0164
2026-01-07 03:20:44.074609,28.2,4.96,0.05,57.31,555,0.0028
2026-01-07 03:21:44.074609,24.07,6.76,0.172,47.19,606,0.0041
2026-01-07 03:22:44.074609,25.99,1.52,0.016,54.5,355,0.0159
2026-01-07 03:23:44.074609,23.54,1.98,0.012,35.16,615,0.0011
2026-01-07 03:24:44.074609,26.89,6.94,0.034,55.48,553,0.0036
2026-01-07 03:25:44.074609,18.31,2.57,0.03,46.88,488,0.012
2026-01-07 03:26:44.074609,32.09,10.09,0.034,48.78,492,0.0176
2026-01-07 03:27:44.074609,26.7,4.58,0.014,51.21,449,0.0022
2026-01-07 03:28:44.074609,25.85,4.01,0.016,31.1,628,0.0249
2026-01-07 03:29:44.074609,26.65,2.28,0.004,14.35,654,0.0306
2026-01-07 03:30:44.074609,27.3,1.24,0.08,52.74,444,0.0042
2026-01-07 03:31:44.074609,28.94,7.73,0.01,36.0,593,0.0006
2026-01-07 03:32:44.074609,30.81,7.63,0.027,48.38,575,0.0081
2026-01-07 03:33:44.074609,28.44,3.73,0.065,41.01,454,0.0023
2026-01-07 03:34:44.074609,37.04,8.54,0.13,50.59,376,0.0023
2026-01-07 03:35:44.074609,33.81,1.96,0.021,55.72,522,0.0002
2026-01-07 03:36:44.074609,31.38,2.19,0.046,46.65,444,0.0039
2026-01-07 03:37:44.074609,24.36,5.02,0.073,43.36,547,0.0148
2026-01-07 03:38:44.074609,33.16,3.58,0.034,55.15,384,0.0262
2026-01-07 03:39:44.074609,32.04,2.95,0.049,33.16,528,0.0004
2026-01-07 03:40:44.074609,26.37,3.53,0.132,42.78,716,0.0049
2026-01-07 03:41:44.074609,25.48,4.67,0.048,68.21,555,0.0181
2026-01-07 03:42:44.074609,27.95,3.82,0.039,53.54,562,0.0035
2026-01-07 03:43:44.074609,22.81,2.69,0.139,48.9,409,0.0016
2026-01-07 03:44:44.074609,25.0,2.5,0.013,61.68,444,0.0219
2026-01-07 03:45:44.074609,28.96,1.33,0.024,41.14,550,0.0027
2026-01-07 03:46:44.074609,20.03,1.17,0.003,64.21,683,0.0123
2026-01-07 03:47:44.074609,27.5,3.76,0.013,33.94,679,0.0469
2026-01-07 03:48:44.074609,29.75,3.72,0.099,36.08,569,0.0035
2026-01-07 03:49:44.074609,28.1,1.87,0.053,59.93,474,0.0091
2026-01-07 03:50:44.074609,31.51,3.61,0.007,29.43,424,0.0285
2026-01-07 03:51:44.074609,27.84,2.22,0.051,45.75,546,0.0092
2026-01-07 03:52:44.074609,35.97,5.24,0.073,39.14,360,0.0152
2026-01-07 03:53:44.074609,29.47,6.48,0.113,42.95,438,0.0011
2026-01-07 03:54:44.074609,25.77,3.44,0.018,36.45,427,0.0083
2026-01-07 03:55:44.074609,15.31,1.45,0.132,58.73,398,0.0004
2026-01-07 03:56:44.074609,26.43,1.5,0.018,47.93,508,0.0032
2026-01-07 03:57:44.074609,19.58,3.03,0.114,38.67,499,0.0142
2026-01-07 03:58:44.074609,25.88,3.76,0.034,66.13,594,0.0115
2026-01-07 03:59:44.074609,28.97,1.96,0.207,22.9,462,0.0031
2026-01-07 04:00:44.074609,25.64,8.58,0.054,52.86,491,0.023
2026-01-07 04:01:44.074609,34.69,8.07,0.019,24.77,633,0.012
2026-01-07 04:02:44.074609,25.19,1.15,0.006,42.97,537,0.0091
2026-01-07 04:03:44.074609,16.42,1.1,0.011,57.55,400,0.0053
2026-01-07 04:04:44.074609,39.17,1.31,0.021,36.84,505,0.0007
2026-01-07 04:05:44.074609,43.25,1.89,0.02,41.05,536,0.0039
2026-01-07 04:06:44.074609,29.1,2.32,0.089,43.96,647,0.0031
2026-01-07 04:07:44.074609,25.29,1.94,0.006,64.5,521,0.0018
2026-01-07 04:08:44.074609,24.36,4.12,0.119,36.94,372,0.0159
2026-01-07 04:09:44.074609,24.21,6.66,0.127,60.41,444,0.0071
2026-01-07 04:10:44.074609,27.19,5.04,0.012,42.08,445,0.0001
2026-01-07 04:11:44.074609,23.43,4.86,0.013,49.51,501,0.0004
2026-01-07 04:12:44.074609,28.8,5.44,0.026,50.33,512,0.0073
2026-01-07 04:13:44.074609,24.11,4.76,0.005,54.51,487,0.0036
2026-01-07 04:14:44.074609,28.39,10.53,0.008,50.04,345,0.0395
2026-01-07 04:15:44.074609,23.69,5.14,0.028,48.43,748,0.0103
2026-01-07 04:16:44.074609,35.14,4.95,0.004,41.02,426,0.0065
2026-01-07 04:17:44.074609,21.86,8.77,0.002,38.23,620,0.0039
2026-01-07 04:18:44.074609,28.91,2.72,0.017,45.23,458,0.0096
2026-01-07 04:19:44.074609,32.5,7.57,0.008,39.64,486,0.0125
2026-01-07 04:20:44.074609,25.61,3.12,0.033,40.84,402,0.0319
2026-01-07 04:21:44.074609,32.97,1.18,0.003,27.64,688,0.0047
2026-01-07 04:22:44.074609,19.96,1.59,0.067,49.06,413,0.0314
2026-01-07 04:23:44.074609,19.7,6.54,0.035,43.61,519,0.0056
2026-01-07 04:24:44.074609,29.6,3.88,0.009,59.17,329,0.0089
2026-01-07 04:25:44.074609,35.91,1.33,0.004,50.47,538,0.0007
2026-01-07 04:26:44.074609,24.98,1.77,0.015,33.68,669,0.0022
2026-01-07 04:27:44.074609,37.88,5.63,0.007,39.87,589,0.0063
2026-01-07 04:28:44.074609,34.39,1.44,0.072,52.43,584,0.014
2026-01-07 04:29:44.074609,27.64,4.81,0.067,56.52,447,0.0047
2026-01-07 04:30:44.074609,31.42,5.82,0.073,20.68,552,0.0346
2026-01-07 04:31:44.074609,35.54,2.6,0.019,40.3,613,0.0398
2026-01-07 04:32:44.074609,30.36,1.48,0.104,35.2,506,0.0158
2026-01-07 04:33:44.074609,32.09,1.52,0.062,41.18,394,0.0005
2026-01-07 04:34:44.074609,22.74,2.97,0.025,58.88,494,0.0265
2026-01-07 04:35:44.074609,13.63,10.29,0.165,49.0,513,0.0172
2026-01-07 04:36:44.074609,19.96,6.18,0.058,20.71,428,0.0164
2026-01-07 04:37:44.074609,25.41,3.51,0.089,30.42,582,0.0033
2026-01-07 04:38:44.074609,15.76,6.44,0.077,33.76,495,0.0112
2026-01-07 04:39:44.074609,33.28,1.2,0.036,37.78,515,0.0093
2026-01-07 04:40:44.074609,21.83,2.86,0.016,45.66,481,0.0204
2026-01-07 04:41:44.074609,30.33,8.96,0.03,48.06,417,0.0252
2026-01-07 04:42:44.074609,36.28,3.48,0.07,45.41,473,0.0135
2026-01-07 04:43:44.074609,23.04,2.68,0.041,57.2,489,0.003
2026-01-07 04:44:44.074609,29.1,1.15,0.01,26.09,417,0.0055
2026-01-07 04:45:44.074609,32.75,3.04,0.084,58.74,527,0.0013
2026-01-07 04:46:44.074609,33.38,2.56,0.05,43.14,382,0.0022
2026-01-07 04:47:44.074609,29.73,5.41,0.013,46.33,526,0.0021
2026-01-07 04:48:44.074609,16.01,6.37,0.009,51.21,331,0.0013
2026-01-07 04:49:44.074609,30.5,4.53,0.084,46.53,299,0.004
2026-01-07 04:50:44.074609,22.46,4.24,0.037,35.59,493,0.0112
2026-01-07 04:51:44.074609,22.83,5.28,0.106,51.29,481,0.0209
2026-01-07 04:52:44.074609,20.46,3.0,0.084,46.39,487,0.0038
2026-01-07 04:53:44.074609,22.11,8.66,0.115,45.14,545,0.0062
2026-01-07 04:54:44.074609,23.79,13.07,0.003,26.87,475,0.013
2026-01-07 04:55:44.074609,29.04,9.87,0.03,36.51,471,0.0054
2026-01-07 04:56:44.074609,10.58,2.78,0.031,35.8,431,0.0079
2026-01-07 04:57:44.074609,32.76,2.27,0.008,45.75,486,0.0004
2026-01-07 04:58:44.074609,19.91,5.57,0.078,51.09,531,0.008
2026-01-07 04:59:44.074609,42.08,1.6,0.036,26.22,656,0.0043
2026-01-07 05:00:44.074609,28.85,1.29,0.045,47.18,463,0.0091
2026-01-07 05:01:44.074609,32.75,1.38,0.126,56.24,487,0.0012
2026-01-07 05:02:44.074609,15.1,1.16,0.003,26.71,570,0.0087
2026-01-07 05:03:44.074609,32.06,7.42,0.063,46.89,497,0.0106
2026-01-07 05:04:44.074609,25.67,5.74,0.03,43.61,407,0.0527
2026-01-07 05:05:44.074609,17.91,2.04,0.033,31.19,488,0.0007
2026-01-07 05:06:44.074609,22.58,6.44,0.152,48.25,314,0.0035
2026-01-07 05:07:44.074609,25.03,5.69,0.008,21.77,459,0.0005
2026-01-07 05:08:44.074609,24.93,4.09,0.011,63.35,438,0.006
2026-01-07 05:09:44.074609,28.48,1.96,0.007,47.69,477,0.0048
2026-01-07 05:10:44.074609,32.31,5.98,0.0,62.68,459,0.0189
2026-01-07 05:11:44.074609,27.01,6.65,0.002,55.1,551,0.0
2026-01-07 05:12:44.074609,23.26,3.22,0.027,48.68,425,0.0118
2026-01-07 05:13:44.074609,32.52,2.13,0.257,52.79,520,0.0353
2026-01-07 05:14:44.074609,24.19,1.76,0.016,59.19,538,0.004
2026-01-07 05:15:44.074609,24.79,7.22,0.015,51.4,345,0.0039
2026-01-07 05:16:44.074609,34.49,2.31,0.035,49.61,561,0.006
2026-01-07 05:17:44.074609,31.52,7.12,0.03,40.5,403,0.0016
2026-01-07 05:18:44.074609,35.44,2.16,0.057,50.52,542,0.0002
2026-01-07 05:19:44.074609,17.73,4.46,0.014,43.93,671,0.0147
2026-01-07 05:20:44.074609,30.46,1.94,0.005,49.78,364,0.0004
2026-01-07 05:21:44.074609,27.11,1.03,0.045,20.96,534,0.0075
2026-01-07 05:22:44.074609,16.46,11.28,0.016,25.48,616,0.0055
2026-01-07 05:23:44.074609,28.3,1.65,0.032,41.55,379,0.0047
2026-01-07 05:24:44.074609,13.77,1.83,0.03,50.21,543,0.0126
2026-01-07 05:25:44.074609,33.83,1.41,0.037,49.9,527,0.0074
2026-01-07 05:26:44.074609,25.43,5.98,0.08,41.98,173,0.0003
2026-01-07 05:27:44.074609,38.55,1.8,0.215,47.66,612,0.0173
2026-01-07 05:28:44.074609,35.77,2.09,0.105,49.13,587,0.0064
2026-01-07 05:29:44.074609,35.44,12.1,0.006,52.43,604,0.0053
2026-01-07 05:30:44.074609,23.67,4.35,0.007,54.98,619,0.0088
2026-01-07 05:31:44.074609,29.98,6.3,0.007,48.15,466,0.0041
2026-01-07 05:32:44.074609,36.48,7.35,0.041,60.01,500,0.0081
2026-01-07 05:33:44.074609,24.33,1.77,0.01,49.74,579,0.0107
2026-01-07 05:34:44.074609,22.57,1.78,0.016,43.14,412,0.0048
2026-01-07 05:35:44.074609,28.71,6.74,0.006,42.66,590,0.0204
2026-01-07 05:36:44.074609,22.55,1.22,0.116,46.72,443,0.0002
2026-01-07 05:37:44.074609,26.38,4.14,0.01,50.98,613,0.0361
2026-01-07 05:38:44.074609,22.97,15.5,0.083,45.02,433,0.0318
2026-01-07 05:39:44.074609,35.3,6.26,0.132,66.1,562,0.0019
2026-01-07 05:40:44.074609,29.23,3.1,0.023,33.93,435,0.0224
2026-01-07 05:41:44.074609,35.9,1.97,0.165,19.95,504,0.0083
2026-01-07 05:42:44.074609,29.88,7.96,0.062,44.63,575,0.0373
2026-01-07 05:43:44.074609,39.14,1.26,0.047,50.78,465,0.007
2026-01-07 05:44:44.074609,35.81,2.5,0.174,34.27,493,0.0003
2026-01-07 05:45:44.074609,28.96,1.01,0.024,60.16,509,0.0117
2026-01-07 05:46:44.074609,27.15,3.88,0.077,55.77,584,0.0008
2026-01-07 05:47:44.074609,35.67,3.5,0.001,50.27,603,0.0108
2026-01-07 05:48:44.074609,33.69,1.41,0.0,26.56,303,0.0167
2026-01-07 05:49:44.074609,24.33,1.24,0.026,36.85,413,0.0029
2026-01-07 05:50:44.074609,22.61,1.79,0.019,21.04,641,0.0007
2026-01-07 05:51:44.074609,33.82,1.32,0.144,42.54,484,0.0084
2026-01-07 05:52:44.074609,27.02,2.14,0.082,42.67,672,0.0082
2026-01-07 05:53:44.074609,19.32,1.45,0.024,52.06,471,0.008
2026-01-07 05:54:44.074609,24.1,3.33,0.006,44.04,455,0.0049
2026-01-07 05:55:44.074609,23.32,2.51,0.005,38.1,455,0.001
2026-01-07 05:56:44.074609,20.06,6.51,0.056,34.53,464,0.0022
2026-01-07 05:57:44.074609,19.14,7.48,0.162,40.37,596,0.0029
2026-01-07 05:58:44.074609,30.78,4.28,0.003,45.95,525,0.0038
2026-01-07 05:59:44.074609,32.04,1.92,0.055,42.42,375,0.0137
2026-01-07 06:00:44.074609,18.6,8.23,0.009,44.02,320,0.0095
2026-01-07 06:01:44.074609,35.13,5.38,0.026,43.54,578,0.0084
2026-01-07 06:02:44.074609,27.37,3.27,0.064,43.65,486,0.0042
2026-01-07 06:03:44.074609,22.21,3.43,0.018,60.92,417,0.0013
2026-01-07 06:04:44.074609,37.25,1.73,0.047,39.05,528,0.0165
2026-01-07 06:05:44.074609,30.55,4.45,0.013,53.06,480,0.002
2026-01-07 06:06:44.074609,29.49,4.05,0.023,44.32,574,0.0018
2026-01-07 06:07:44.074609,27.61,3.19,0.024,50.94,448,0.0001
2026-01-07 06:08:44.074609,31.95,3.06,0.13,35.6,408,0.0134
2026-01-07 06:09:44.074609,25.61,6.38,0.009,59.69,376,0.0038
2026-01-07 06:10:44.074609,18.07,1.74,0.021,39.87,689,0.0039
2026-01-07 06:11:44.074609,31.34,3.78,0.066,43.95,473,0.0009
2026-01-07 06:12:44.074609,26.52,2.92,0.063,52.43,592,0.0244
2026-01-07 06:13:44.074609,21.9,4.44,0.036,50.04,370,0.0062
2026-01-07 06:14:44.074609,23.52,1.82,0.004,47.99,611,0.0045
2026-01-07 06:15:44.074609,33.51,2.16,0.024,43.4,429,0.0108
2026-01-07 06:16:44.074609,30.94,2.71,0.035,41.72,531,0.0025
2026-01-07 06:17:44.074609,36.29,3.14,0.116,38.43,571,0.0063
2026-01-07 06:18:44.074609,22.99,1.05,0.074,31.67,423,0.002
2026-01-07 06:19:44.074609,34.97,2.62,0.042,56.65,520,0.0129
2026-01-07 06:20:44.074609,28.0,1.35,0.063,45.04,423,0.0075
2026-01-07 06:21:44.074609,29.48,1.1,0.009,53.21,518,0.0068
2026-01-07 06:22:44.074609,21.46,1.85,0.143,40.63,583,0.0064
2026-01-07 06:23:44.074609,36.46,2.68,0.04,46.07,645,0.0081
2026-01-07 06:24:44.074609,24.83,6.28,0.003,42.01,526,0.0031
2026-01-07 06:25:44.074609,25.51,1.51,0.015,30.28,350,0.0486
2026-01-07 06:26:44.074609,30.02,3.17,0.022,47.17,574,0.0014
2026-01-07 06:27:44.074609,11.43,5.35,0.059,43.92,447,0.0073
2026-01-07 06:28:44.074609,15.17,2.65,0.006,47.78,565,0.0063
2026-01-07 06:29:44.074609,19.74,3.27,0.069,48.42,340,0.0062
2026-01-07 06:30:44.074609,42.75,5.3,0.07,36.71,581,0.0096
2026-01-07 06:31:44.074609,29.28,5.53,0.096,59.61,446,0.0092
2026-01-07 06:32:44.074609,22.53,2.03,0.142,39.69,386,0.0517
2026-01-07 06:33:44.074609,26.29,2.13,0.083,31.59,414,0.0271
2026-01-07 06:34:44.074609,24.77,2.15,0.068,36.38,443,0.0162
2026-01-07 06:35:44.074609,26.62,5.54,0.036,40.77,456,0.0139
2026-01-07 06:36:44.074609,28.54,1.57,0.083,61.19,543,0.0024
2026-01-07 06:37:44.074609,34.45,8.25,0.013,40.62,476,0.0055
2026-01-07 06:38:44.074609,28.48,9.38,0.145,35.78,438,0.0016
2026-01-07 06:39:44.074609,22.56,2.32,0.001,44.58,544,0.0059
2026-01-07 06:40:44.074609,26.02,1.23,0.052,44.52,559,0.0098
2026-01-07 06:41:44.074609,26.67,4.28,0.029,52.79,500,0.0217
2026-01-07 06:42:44.074609,30.59,3.12,0.055,52.33,480,0.0104
2026-01-07 06:43:44.074609,23.44,4.78,0.019,48.37,371,0.0028
2026-01-07 06:44:44.074609,28.35,2.72,0.055,40.16,423,0.0023
2026-01-07 06:45:44.074609,29.55,2.9,0.147,54.15,521,0.0091
2026-01-07 06:46:44.074609,28.15,1.45,0.056,39.22,387,0.0071
2026-01-07 06:47:44.074609,32.89,1.05,0.006,39.78,439,0.0278
2026-01-07 06:48:44.074609,32.76,2.44,0.08,54.8,575,0.0001
2026-01-07 06:49:44.074609,26.52,2.81,0.039,61.3,592,0.0035
2026-01-07 06:50:44.074609,21.56,3.45,0.007,34.86,557,0.0019
2026-01-07 06:51:44.074609,23.46,2.19,0.003,37.93,532,0.008
2026-01-07 06:52:44.074609,37.73,1.33,0.014,43.05,649,0.0061
2026-01-07 06:53:44.074609,15.29,5.92,0.069,60.4,598,0.0073
2026-01-07 06:54:44.074609,24.33,3.96,0.101,61.23,484,0.0099
2026-01-07 06:55:44.074609,35.17,1.33,0.044,41.47,337,0.003
2026-01-07 06:56:44.074609,32.1,10.36,0.023,57.96,745,0.0006
2026-01-07 06:57:44.074609,28.33,2.44,0.003,65.45,564,0.0019
2026-01-07 06:58:44.074609,25.57,1.74,0.011,48.29,564,0.0214
2026-01-07 06:59:44.074609,11.47,6.3,0.02,27.48,434,0.0154
2026-01-07 07:00:44.074609,29.56,6.07,0.005,49.91,284,0.0066
2026-01-07 07:01:44.074609,30.0,5.0,0.021,63.41,452,0.0012
2026-01-07 07:02:44.074609,27.34,2.41,0.033,46.28,559,0.0005
2026-01-07 07:03:44.074609,22.89,4.97,0.028,52.07,494,0.0056
2026-01-07 07:04:44.074609,26.94,5.0,0.007,40.4,476,0.0096
2026-01-07 07:05:44.074609,31.77,5.05,0.075,44.53,448,0.0072
2026-01-07 07:06:44.074609,23.45,1.04,0.102,59.96,489,0.002
2026-01-07 07:07:44.074609,23.92,14.98,0.096,50.6,559,0.0028
2026-01-07 07:08:44.074609,35.94,1.38,0.031,61.73,406,0.0019
2026-01-07 07:09:44.074609,37.44,2.07,0.076,50.81,380,0.0022
2026-01-07 07:10:44.074609,26.17,1.98,0.009,51.19,508,0.0226
2026-01-07 07:11:44.074609,32.05,10.24,0.017,41.01,453,0.0094
2026-01-07 07:12:44.074609,34.46,2.36,0.276,49.06,487,0.0198
2026-01-07 07:13:44.074609,28.61,10.53,0.083,53.5,488,0.0076
2026-01-07 07:14:44.074609,28.81,7.07,0.043,38.96,599,0.0013
2026-01-07 07:15:44.074609,32.38,1.03,0.011,32.6,579,0.0005
2026-01-07 07:16:44.074609,25.49,1.15,0.04,39.53,431,0.002
2026-01-07 07:17:44.074609,24.06,9.44,0.007,46.15,461,0.0111
2026-01-07 07:18:44.074609,29.65,6.1,0.041,32.92,518,0.0053
2026-01-07 07:19:44.074609,25.91,2.94,0.051,46.18,527,0.002
2026-01-07 07:20:44.074609,23.75,2.57,0.049,31.62,348,0.0186
2026-01-07 07:21:44.074609,33.35,6.67,0.008,31.93,626,0.0024
2026-01-07 07:22:44.074609,28.59,6.36,0.005,64.85,623,0.0042
2026-01-07 07:23:44.074609,26.35,4.21,0.324,30.94,473,0.0136
2026-01-07 07:24:44.074609,34.6,1.34,0.027,37.53,480,0.0007
2026-01-07 07:25:44.074609,21.58,7.1,0.033,55.13,615,0.0054
2026-01-07 07:26:44.074609,23.33,5.01,0.063,52.03,543,0.0189
2026-01-07 07:27:44.074609,29.26,1.06,0.133,46.15,460,0.017
2026-01-07 07:28:44.074609,24.88,2.53,0.028,36.51,426,0.0011
2026-01-07 07:29:44.074609,29.13,4.68,0.067,31.52,567,0.004
2026-01-07 07:30:44.074609,26.36,1.35,0.145,49.68,504,0.005
2026-01-07 07:31:44.074609,25.11,6.77,0.009,47.86,323,0.0324
2026-01-07 07:32:44.074609,30.18,6.75,0.081,45.86,506,0.02
2026-01-07 07:33:44.074609,22.07,4.09,0.007,37.9,565,0.0105
2026-01-07 07:34:44.074609,23.67,4.16,0.15,37.31,686,0.0033
2026-01-07 07:35:44.074609,20.61,1.11,0.015,35.9,551,0.0097
2026-01-07 07:36:44.074609,31.66,7.97,0.015,40.54,507,0.0223
2026-01-07 07:37:44.074609,20.41,1.82,0.094,42.91,363,0.004
2026-01-07 07:38:44.074609,23.7,2.58,0.04,31.98,716,0.0059
2026-01-07 07:39:44.074609,23.07,2.89,0.046,30.11,536,0.0114
2026-01-07 07:40:44.074609,24.72,2.06,0.031,45.52,637,0.0096
2026-01-07 07:41:44.074609,24.99,1.64,0.12,64.15,540,0.006
2026-01-07 07:42:44.074609,36.45,3.08,0.087,46.28,450,0.0041
2026-01-07 07:43:44.074609,24.26,3.44,0.097,47.53,414,0.0004
2026-01-07 07:44:44.074609,27.44,3.91,0.004,43.72,426,0.0024
2026-01-07 07:45:44.074609,26.99,1.99,0.012,30.57,313,0.0008
2026-01-07 07:46:44.074609,28.21,4.44,0.044,48.93,362,0.0311
2026-01-07 07:47:44.074609,27.73,1.31,0.031,50.94,492,0.024
2026-01-07 07:48:44.074609,25.34,2.89,0.04,50.39,333,0.0137
2026-01-07 07:49:44.074609,28.39,2.21,0.033,28.42,503,0.0005
2026-01-07 07:50:44.074609,20.64,6.5,0.049,46.39,561,0.002
2026-01-07 07:51:44.074609,39.01,2.41,0.04,42.97,546,0.024
2026-01-07 07:52:44.074609,24.37,2.13,0.079,42.88,465,0.0062
2026-01-07 07:53:44.074609,35.9,3.48,0.005,30.5,513,0.0194
2026-01-07 07:54:44.074609,29.85,3.34,0.011,45.99,734,0.0052
2026-01-07 07:55:44.074609,35.56,3.89,0.008,32.48,548,0.0077
2026-01-07 07:56:44.074609,33.67,5.15,0.008,42.98,536,0.003
2026-01-07 07:57:44.074609,24.51,6.33,0.02,55.31,347,0.0131
2026-01-07 07:58:44.074609,29.08,1.55,0.115,40.0,274,0.0002
2026-01-07 07:59:44.074609,31.94,9.02,0.038,43.98,492,0.0039
2026-01-07 08:00:44.074609,18.78,2.78,0.121,52.81,449,0.0274
2026-01-07 08:01:44.074609,28.19,3.49,0.086,58.95,260,0.0146
2026-01-07 08:02:44.074609,31.19,1.93,0.113,54.19,657,0.0074
2026-01-07 08:03:44.074609,30.37,4.87,0.001,32.2,607,0.01
2026-01-07 08:04:44.074609,25.13,3.87,0.013,57.34,556,0.0051
2026-01-07 08:05:44.074609,38.49,1.53,0.027,45.62,383,0.0031
2026-01-07 08:06:44.074609,28.78,3.81,0.065,58.92,588,0.0087
2026-01-07 08:07:44.074609,29.46,5.77,0.043,48.65,553,0.0175
2026-01-07 08:08:44.074609,24.59,6.12,0.103,52.12,487,0.0023
2026-01-07 08:09:44.074609,28.0,1.54,0.067,52.05,402,0.0019
2026-01-07 08:10:44.074609,23.57,1.09,0.072,49.15,498,0.0058
2026-01-07 08:11:44.074609,32.3,6.46,0.023,41.41,556,0.0091
2026-01-07 08:12:44.074609,24.4,1.1,0.082,53.51,442,0.0088
2026-01-07 08:13:44.074609,30.43,4.18,0.006,35.16,514,0.0052
2026-01-07 08:14:44.074609,22.86,3.37,0.014,24.1,601,0.0219
2026-01-07 08:15:44.074609,31.61,2.48,0.043,41.09,587,0.0186
2026-01-07 08:16:44.074609,24.16,5.97,0.051,54.87,358,0.0321
2026-01-07 08:17:44.074609,29.62,2.09,0.094,46.25,583,0.0124
2026-01-07 08:18:44.074609,30.65,2.96,0.058,43.66,570,0.0303
2026-01-07 08:19:44.074609,34.11,1.85,0.059,44.79,320,0.0034
2026-01-07 08:20:44.074609,29.71,1.23,0.038,27.19,457,0.0352
2026-01-07 08:21:44.074609,28.08,3.21,0.011,58.35,540,0.0229
2026-01-07 08:22:44.074609,28.24,1.27,0.003,37.18,509,0.0185
2026-01-07 08:23:44.074609,29.24,1.17,0.009,36.57,438,0.0022
2026-01-07 08:24:44.074609,27.59,1.44,0.002,44.51,546,0.0196
2026-01-07 08:25:44.074609,25.32,4.57,0.002,43.77,388,0.0111
2026-01-07 08:26:44.074609,28.39,7.7,0.156,68.89,702,0.0004
2026-01-07 08:27:44.074609,35.19,5.79,0.077,42.06,424,0.0139
2026-01-07 08:28:44.074609,31.28,1.47,0.062,50.23,593,0.001
2026-01-07 08:29:44.074609,28.21,4.49,0.186,46.12,527,0.0074
2026-01-07 08:30:44.074609,24.58,1.47,0.054,40.14,543,0.0158
2026-01-07 08:31:44.074609,28.53,5.81,0.008,36.7,318,0.0093
2026-01-07 08:32:44.074609,37.01,2.66,0.014,50.93,459,0.0017
2026-01-07 08:33:44.074609,25.31,1.94,0.007,40.61,509,0.0127
2026-01-07 08:34:44.074609,22.56,3.98,0.041,65.25,410,0.0232
2026-01-07 08:35:44.074609,24.34,3.53,0.037,46.67,719,0.0112
2026-01-07 08:36:44.074609,19.09,1.11,0.033,46.3,633,0.0007
2026-01-07 08:37:44.074609,25.38,3.3,0.045,54.87,595,0.0022
2026-01-07 08:38:44.074609,34.3,6.56,0.095,34.92,473,0.0094
2026-01-07 08:39:44.074609,34.7,2.14,0.015,37.26,530,0.0009
2026-01-07 08:40:44.074609,32.85,4.51,0.07,50.65,483,0.0035
2026-01-07 08:41:44.074609,29.65,15.54,0.026,69.25,540,0.0004
2026-01-07 08:42:44.074609,25.37,7.49,0.006,61.92,557,0.0041
2026-01-07 08:43:44.074609,29.17,2.51,0.02,56.19,529,0.0045
2026-01-07 08:44:44.074609,22.97,2.16,0.15,51.13,462,0.0368
2026-01-07 08:45:44.074609,25.73,2.31,0.239,49.13,671,0.0037
2026-01-07 08:46:44.074609,21.71,2.38,0.046,44.49,510,0.0028
2026-01-07 08:47:44.074609,26.82,3.49,0.007,44.33,362,0.0274
2026-01-07 08:48:44.074609,27.77,2.1,0.005,41.66,614,0.0172
2026-01-07 08:49:44.074609,27.5,2.77,0.041,25.19,491,0.0114
2026-01-07 08:50:44.074609,13.48,2.61,0.058,54.82,584,0.0064
2026-01-07 08:51:44.074609,28.92,3.23,0.041,51.9,493,0.0095
2026-01-07 08:52:44.074609,30.31,5.2,0.068,40.88,715,0.0086
2026-01-07 08:53:44.074609,31.36,1.41,0.016,49.6,665,0.005
2026-01-07 08:54:44.074609,21.88,1.82,0.002,42.27,615,0.004
2026-01-07 08:55:44.074609,21.71,2.52,0.07,45.86,586,0.0063
2026-01-07 08:56:44.074609,31.63,2.38,0.089,50.46,420,0.0219
2026-01-07 08:57:44.074609,22.58,3.16,0.012,38.67,463,0.0038
2026-01-07 08:58:44.074609,30.43,7.58,0.012,42.69,530,0.0243
2026-01-07 08:59:44.074609,21.38,2.95,0.023,37.0,440,0.0125
2026-01-07 09:00:44.074609,21.48,6.35,0.086,32.83,473,0.0008
2026-01-07 09:01:44.074609,32.07,6.06,0.111,51.67,602,0.0012
2026-01-07 09:02:44.074609,27.26,1.48,0.045,50.8,438,0.0262
2026-01-07 09:03:44.074609,24.32,3.65,0.2,51.54,460,0.0037
2026-01-07 09:04:44.074609,33.0,6.13,0.04,40.18,405,0.0108
2026-01-07 09:05:44.074609,30.09,4.71,0.016,36.79,565,0.0138
2026-01-07 09:06:44.074609,26.66,5.65,0.036,49.32,364,0.0148
2026-01-07 09:07:44.074609,13.11,13.1,0.005,34.29,599,0.0095
2026-01-07 09:08:44.074609,24.44,3.47,0.068,57.71,398,0.0026
2026-01-07 09:09:44.074609,24.19,2.4,0.01,40.98,429,0.0136
2026-01-07 09:10:44.074609,16.6,1.77,0.032,24.93,669,0.01
2026-01-07 09:11:44.074609,20.56,2.85,0.193,44.48,363,0.0294
2026-01-07 09:12:44.074609,32.37,2.48,0.025,56.64,696,0.0034
2026-01-07 09:13:44.074609,16.31,5.02,0.007,41.0,433,0.0037
2026-01-07 09:14:44.074609,30.21,2.22,0.232,58.97,545,0.0081
2026-01-07 09:15:44.074609,34.54,3.97,0.114,49.52,617,0.0019
2026-01-07 09:16:44.074609,29.5,1.91,0.029,42.65,612,0.0099
2026-01-07 09:17:44.074609,34.38,1.67,0.045,40.74,316,0.0122
2026-01-07 09:18:44.074609,35.64,1.09,0.092,56.44,440,0.0036
2026-01-07 09:19:44.074609,25.14,5.79,0.061,32.9,564,0.0053
2026-01-07 09:20:44.074609,26.7,2.3,0.008,42.98,442,0.001
2026-01-07 09:21:44.074609,33.72,2.94,0.033,43.83,430,0.0025
2026-01-07 09:22:44.074609,24.68,3.52,0.045,40.1,364,0.0084
2026-01-07 09:23:44.074609,23.27,1.95,0.066,56.11,615,0.0024
2026-01-07 09:24:44.074609,27.75,5.42,0.009,28.7,563,0.0011
2026-01-07 09:25:44.074609,28.27,3.0,0.045,69.07,647,0.0014
2026-01-07 09:26:44.074609,21.4,4.77,0.043,34.16,496,0.0033
2026-01-07 09:27:44.074609,22.0,10.25,0.124,37.31,357,0.0242
2026-01-07 09:28:44.074609,28.73,5.15,0.002,69.86,477,0.0007
2026-01-07 09:29:44.074609,27.22,1.01,0.002,38.64,471,0.0065
2026-01-07 09:30:44.074609,35.97,4.48,0.032,45.73,486,0.0006
2026-01-07 09:31:44.074609,33.75,1.37,0.061,44.56,383,0.0261
2026-01-07 09:32:44.074609,31.69,3.96,0.043,28.11,444,0.0076
2026-01-07 09:33:44.074609,32.93,1.09,0.038,41.27,490,0.009
2026-01-07 09:34:44.074609,27.24,2.14,0.161,55.84,703,0.0249
2026-01-07 09:35:44.074609,29.32,3.35,0.004,30.3,518,0.0219
2026-01-07 09:36:44.074609,29.7,13.14,0.033,48.38,632,0.0378
2026-01-07 09:37:44.074609,26.13,2.72,0.004,42.89,478,0.0067
2026-01-07 09:38:44.074609,26.67,1.93,0.032,45.36,411,0.0014
2026-01-07 09:39:44.074609,25.87,7.22,0.078,38.74,495,0.0037
2026-01-07 09:40:44.074609,30.63,11.61,0.024,50.31,419,0.0002
2026-01-07 09:41:44.074609,27.27,1.21,0.11,35.01,419,0.0091
2026-01-07 09:42:44.074609,33.91,4.77,0.07,53.5,477,0.0284
2026-01-07 09:43:44.074609,30.87,2.66,0.054,48.36,577,0.0087
2026-01-07 09:44:44.074609,23.02,2.97,0.059,60.38,530,0.0196
2026-01-07 09:45:44.074609,24.06,12.2,0.052,54.78,473,0.0443
2026-01-07 09:46:44.074609,26.95,3.74,0.013,19.94,478,0.0302
2026-01-07 09:47:44.074609,10.0,5.75,0.025,29.12,560,0.0241
2026-01-07 09:48:44.074609,23.72,1.14,0.098,27.61,448,0.0004
2026-01-07 09:49:44.074609,24.11,1.22,0.01,34.14,588,0.0147
2026-01-07 09:50:44.074609,33.64,1.54,0.002,24.08,458,0.015
2026-01-07 09:51:44.074609,31.66,1.19,0.023,45.68,401,0.0087
2026-01-07 09:52:44.074609,26.13,1.12,0.062,44.27,427,0.0017
2026-01-07 09:53:44.074609,29.73,5.46,0.067,38.27,379,0.0566
2026-01-07 09:54:44.074609,23.33,12.35,0.045,38.38,426,0.0074
2026-01-07 09:55:44.074609,23.91,6.58,0.038,48.08,384,0.0078
2026-01-07 09:56:44.074609,27.45,1.36,0.118,49.98,463,0.0036
2026-01-07 09:57:44.074609,23.57,4.69,0.037,34.85,347,0.0191
2026-01-07 09:58:44.074609,21.2,3.55,0.01,53.14,547,0.0153
2026-01-07 09:59:44.074609,23.76,14.55,0.005,53.25,496,0.0005
2026-01-07 10:00:44.074609,20.31,2.5,0.022,80.0,1474,0.0009
2026-01-07 10:01:44.074609,46.37,12.85,0.029,80.0,1400,0.0169
2026-01-07 10:02:44.074609,24.92,3.09,0.059,48.52,1346,0.0003
2026-01-07 10:03:44.074609,30.75,2.52,0.093,79.97,1314,0.009
2026-01-07 10:04:44.074609,27.51,4.0,0.009,80.0,1274,0.0115
2026-01-07 10:05:44.074609,25.45,7.14,0.037,80.0,1212,0.0027
2026-01-07 10:06:44.074609,37.26,2.1,0.027,80.0,1393,0.0028
2026-01-07 10:07:44.074609,27.93,9.18,0.009,80.0,1200,0.0081
2026-01-07 10:08:44.074609,17.78,6.86,0.006,80.0,1078,0.0053
2026-01-07 10:09:44.074609,22.72,6.72,0.091,72.64,1403,0.0004
2026-01-07 10:10:44.074609,35.83,1.49,0.066,80.0,1480,0.0126
2026-01-07 10:11:44.074609,32.73,1.97,0.004,80.0,1680,0.0033
2026-01-07 10:12:44.074609,27.77,1.38,0.334,77.59,1150,0.0018
2026-01-07 10:13:44.074609,32.76,3.85,0.04,80.0,1157,0.0054
2026-01-07 10:14:44.074609,30.84,2.45,0.149,80.0,1139,0.0145
2026-01-07 10:15:44.074609,39.11,1.04,0.06,80.0,1189,0.0159
2026-01-07 10:16:44.074609,26.24,4.69,0.006,80.0,1603,0.0003
2026-01-07 10:17:44.074609,35.56,4.96,0.01,80.0,1037,0.007
2026-01-07 10:18:44.074609,32.19,20.0,0.14,80.0,1206,0.0226
2026-01-07 10:19:44.074609,33.74,8.55,0.114,80.0,1332,0.015
2026-01-07 10:20:44.074609,42.7,3.18,0.019,80.0,832,0.0061
2026-01-07 10:21:44.074609,20.61,3.68,0.054,80.0,1344,0.0141
2026-01-07 10:22:44.074609,39.27,1.56,0.006,80.0,1168,0.0081
2026-01-07 10:23:44.074609,41.04,1.4,0.0,80.0,977,0.0037
2026-01-07 10:24:44.074609,26.13,11.9,0.042,80.0,1501,0.0051
2026-01-07 10:25:44.074609,26.8,7.37,0.005,80.0,1071,0.0004
2026-01-07 10:26:44.074609,44.77,8.03,0.162,80.0,1220,0.0011
2026-01-07 10:27:44.074609,28.4,1.49,0.109,80.0,1315,0.0038
2026-01-07 10:28:44.074609,24.82,2.62,0.012,80.0,1478,0.0141
2026-01-07 10:29:44.074609,30.62,3.51,0.113,80.0,1057,0.0151
2026-01-07 10:30:44.074609,33.83,1.07,0.094,80.0,1368,0.0002
2026-01-07 10:31:44.074609,31.74,5.83,0.042,80.0,931,0.0007
2026-01-07 10:32:44.074609,24.99,3.35,0.008,80.0,1516,0.0058
2026-01-07 10:33:44.074609,29.82,7.33,0.031,80.0,1551,0.0096
2026-01-07 10:34:44.074609,22.12,1.28,0.013,55.14,1225,0.0039
2026-01-07 10:35:44.074609,20.18,2.28,0.074,80.0,1520,0.0297
2026-01-07 10:36:44.074609,31.44,8.66,0.015,80.0,773,0.0191
2026-01-07 10:37:44.074609,21.25,3.38,0.002,80.0,1310,0.0105
2026-01-07 10:38:44.074609,38.85,1.67,0.041,80.0,1396,0.0188
2026-01-07 10:39:44.074609,32.97,7.72,0.022,80.0,1798,0.0058
2026-01-07 10:40:44.074609,30.57,2.35,0.006,80.0,1377,0.0015
2026-01-07 10:41:44.074609,34.76,1.45,0.187,80.0,1104,0.009
2026-01-07 10:42:44.074609,40.04,1.02,0.093,80.0,1209,0.0142
2026-01-07 10:43:44.074609,35.86,6.57,0.075,65.94,1462,0.0049
2026-01-07 10:44:44.074609,28.9,3.08,0.047,80.0,1075,0.0086
2026-01-07 10:45:44.074609,29.11,1.83,0.032,80.0,1401,0.0015
2026-01-07 10:46:44.074609,42.7,2.28,0.003,80.0,1334,0.0005
2026-01-07 10:47:44.074609,47.56,2.73,0.035,80.0,1214,0.0252
2026-01-07 10:48:44.074609,42.83,3.34,0.004,80.0,1622,0.0135
2026-01-07 10:49:44.074609,26.83,2.41,0.048,80.0,1317,0.0093
2026-01-07 10:50:44.074609,31.71,2.01,0.002,80.0,1302,0.0095
2026-01-07 10:51:44.074609,38.36,1.82,0.025,80.0,1088,0.0117
2026-01-07 10:52:44.074609,31.32,1.63,0.02,80.0,971,0.0007
2026-01-07 10:53:44.074609,23.38,1.0,0.059,80.0,1092,0.016
2026-01-07 10:54:44.074609,28.13,1.12,0.115,80.0,1381,0.0043
2026-01-07 10:55:44.074609,32.1,3.81,0.053,80.0,935,0.0016
2026-01-07 10:56:44.074609,30.37,4.49,0.108,80.0,771,0.0486
2026-01-07 10:57:44.074609,27.17,2.36,0.002,76.36,882,0.0014
2026-01-07 10:58:44.074609,31.55,4.72,0.073,80.0,1173,0.0044
2026-01-07 10:59:44.074609,33.4,4.78,0.009,80.0,1189,0.0057
2026-01-07 11:00:44.074609,31.64,2.01,0.325,80.0,1447,0.0086
2026-01-07 11:01:44.074609,42.19,2.22,0.004,80.0,1557,0.0081
2026-01-07 11:02:44.074609,17.02,5.72,0.002,80.0,1069,0.0089
2026-01-07 11:03:44.074609,29.83,2.18,0.062,54.29,1000,0.0086
2026-01-07 11:04:44.074609,19.16,11.44,0.051,80.0,1089,0.0054
2026-01-07 11:05:44.074609,28.98,4.23,0.091,80.0,1311,0.0137
2026-01-07 11:06:44.074609,28.98,6.14,0.156,80.0,805,0.003
2026-01-07 11:07:44.074609,23.79,7.12,0.003,80.0,1367,0.0145
2026-01-07 11:08:44.074609,23.35,4.59,0.002,79.32,1201,0.0443
2026-01-07 11:09:44.074609,37.69,2.18,0.059,80.0,1184,0.0259
2026-01-07 11:10:44.074609,29.88,4.09,0.085,80.0,1278,0.0047
2026-01-07 11:11:44.074609,27.09,1.92,0.005,80.0,1193,0.0177
2026-01-07 11:12:44.074609,32.7,2.32,0.031,80.0,1171,0.0131
2026-01-07 11:13:44.074609,38.99,1.03,0.035,80.0,849,0.0081
2026-01-07 11:14:44.074609,32.17,2.89,0.032,80.0,1000,0.0145
2026-01-07 11:15:44.074609,29.0,11.28,0.103,47.83,922,0.0052
2026-01-07 11:16:44.074609,34.76,4.42,0.043,80.0,1256,0.0115
2026-01-07 11:17:44.074609,26.46,1.72,0.016,80.0,1619,0.0004
2026-01-07 11:18:44.074609,27.27,6.05,0.071,49.14,1246,0.0012
2026-01-07 11:19:44.074609,27.44,6.13,0.036,80.0,1660,0.0145
2026-01-07 11:20:44.074609,32.22,1.72,0.266,65.92,1440,0.005
2026-01-07 11:21:44.074609,31.13,5.2,0.026,80.0,1232,0.0231
2026-01-07 11:22:44.074609,38.17,4.64,0.003,80.0,1121,0.02
2026-01-07 11:23:44.074609,33.19,2.58,0.001,80.0,1118,0.0108
2026-01-07 11:24:44.074609,40.99,2.9,0.001,80.0,1393,0.0017
2026-01-07 11:25:44.074609,36.84,2.13,0.035,49.05,1495,0.0255
2026-01-07 11:26:44.074609,37.5,6.94,0.21,71.53,1642,0.0027
2026-01-07 11:27:44.074609,27.42,4.89,0.053,80.0,1402,0.008
2026-01-07 11:28:44.074609,29.23,1.21,0.003,80.0,1136,0.0218
2026-01-07 11:29:44.074609,27.13,1.86,0.051,80.0,1154,0.0075
2026-01-07 11:30:44.074609,36.11,7.63,0.074,80.0,1391,0.0117
2026-01-07 11:31:44.074609,32.92,2.09,0.06,80.0,1352,0.0123
2026-01-07 11:32:44.074609,25.73,6.84,0.058,80.0,1280,0.0033
2026-01-07 11:33:44.074609,38.58,2.5,0.225,80.0,1080,0.0036
2026-01-07 11:34:44.074609,29.78,1.31,0.021,80.0,987,0.015
2026-01-07 11:35:44.074609,31.91,1.13,0.108,80.0,1246,0.0147
2026-01-07 11:36:44.074609,36.42,3.7,0.021,80.0,1051,0.0056
2026-01-07 11:37:44.074609,33.12,3.31,0.101,77.07,1472,0.0114
2026-01-07 11:38:44.074609,41.15,2.48,0.161,80.0,1180,0.0079
2026-01-07 11:39:44.074609,31.13,2.05,0.011,80.0,1534,0.0107
2026-01-07 11:40:44.074609,30.14,1.52,0.035,80.0,1433,0.0064
2026-01-07 11:41:44.074609,25.62,7.03,0.003,80.0,1490,0.0256
2026-01-07 11:42:44.074609,26.27,1.36,0.122,80.0,1233,0.0052
2026-01-07 11:43:44.074609,29.23,20.0,0.049,80.0,1541,0.0056
2026-01-07 11:44:44.074609,21.86,1.15,0.011,80.0,1404,0.0075
2026-01-07 11:45:44.074609,34.0,1.05,0.023,80.0,760,0.0079
2026-01-07 11:46:44.074609,26.7,3.16,0.01,80.0,1372,0.0061
2026-01-07 11:47:44.074609,36.28,2.7,0.078,80.0,1048,0.0226
2026-01-07 11:48:44.074609,40.59,1.46,0.022,80.0,1346,0.0039
2026-01-07 11:49:44.074609,29.67,2.39,0.02,80.0,1227,0.0052
2026-01-07 11:50:44.074609,26.88,1.53,0.015,80.0,1364,0.0009
2026-01-07 11:51:44.074609,37.45,6.37,0.023,80.0,1433,0.0066
2026-01-07 11:52:44.074609,36.24,2.55,0.01,80.0,936,0.0168
2026-01-07 11:53:44.074609,22.56,1.3,0.034,80.0,1504,0.016
2026-01-07 11:54:44.074609,34.57,6.21,0.03,80.0,1521,0.0018
2026-01-07 11:55:44.074609,20.9,2.49,0.054,80.0,956,0.0038
2026-01-07 11:56:44.074609,35.44,3.71,0.004,80.0,1387,0.019
2026-01-07 11:57:44.074609,22.71,4.31,0.04,80.0,1347,0.006
2026-01-07 11:58:44.074609,28.81,1.5,0.08,80.0,1142,0.006
2026-01-07 11:59:44.074609,34.9,2.02,0.057,80.0,1036,0.0061
2026-01-07 12:00:44.074609,26.24,6.08,0.048,80.0,1202,0.0087
2026-01-07 12:01:44.074609,21.89,3.44,0.023,80.0,1540,0.0022
2026-01-07 12:02:44.074609,38.84,4.27,0.013,80.0,1560,0.0017
2026-01-07 12:03:44.074609,28.96,4.46,0.006,80.0,906,0.0201
2026-01-07 12:04:44.074609,31.49,2.54,0.001,80.0,1769,0.0196
2026-01-07 12:05:44.074609,19.0,2.82,0.098,75.64,1687,0.0127
2026-01-07 12:06:44.074609,36.85,9.32,0.091,80.0,1393,0.0024
2026-01-07 12:07:44.074609,33.85,6.33,0.053,80.0,1205,0.0133
2026-01-07 12:08:44.074609,28.55,1.86,0.049,70.48,1325,0.0272
2026-01-07 12:09:44.074609,34.17,3.34,0.005,80.0,1364,0.0178
2026-01-07 12:10:44.074609,34.53,4.05,0.062,80.0,1513,0.0019
2026-01-07 12:11:44.074609,30.18,6.07,0.082,80.0,1356,0.0006
2026-01-07 12:12:44.074609,34.72,4.82,0.037,80.0,1693,0.0066
2026-01-07 12:13:44.074609,38.78,1.7,0.023,66.65,1174,0.0023
2026-01-07 12:14:44.074609,33.66,1.91,0.043,79.79,1270,0.0118
2026-01-07 12:15:44.074609,36.69,2.2,0.048,80.0,1382,0.0002
2026-01-07 12:16:44.074609,28.38,3.51,0.019,80.0,1510,0.0162
2026-01-07 12:17:44.074609,29.85,7.37,0.065,80.0,1216,0.0068
2026-01-07 12:18:44.074609,39.59,7.66,0.117,80.0,1034,0.0226
2026-01-07 12:19:44.074609,34.81,1.32,0.049,80.0,951,0.0149
2026-01-07 12:20:44.074609,33.08,2.12,0.048,80.0,1192,0.0074
2026-01-07 12:21:44.074609,28.43,1.66,0.048,80.0,1010,0.028
2026-01-07 12:22:44.074609,29.22,2.97,0.006,80.0,1423,0.0231
2026-01-07 12:23:44.074609,29.68,3.4,0.024,80.0,1386,0.0129
2026-01-07 12:24:44.074609,40.61,1.6,0.029,80.0,1238,0.0002
2026-01-07 12:25:44.074609,29.77,4.62,0.057,80.0,1570,0.0026
2026-01-07 12:26:44.074609,34.99,4.01,0.051,80.0,1679,0.0025
2026-01-07 12:27:44.074609,27.83,3.31,0.006,80.0,1296,0.0079
2026-01-07 12:28:44.074609,30.92,3.47,0.154,80.0,1492,0.0031
2026-01-07 12:29:44.074609,31.18,1.3,0.047,80.0,990,0.0252
2026-01-07 12:30:44.074609,28.74,1.82,0.062,80.0,1183,0.0121
2026-01-07 12:31:44.074609,30.38,1.9,0.063,80.0,744,0.004
2026-01-07 12:32:44.074609,34.79,1.36,0.012,80.0,1630,0.0044
2026-01-07 12:33:44.074609,30.89,5.75,0.076,80.0,1290,0.0114
2026-01-07 12:34:44.074609,32.27,5.15,0.075,80.0,1032,0.0011
2026-01-07 12:35:44.074609,34.8,9.82,0.056,80.0,1165,0.0187
2026-01-07 12:36:44.074609,35.75,2.24,0.112,80.0,1543,0.0012
2026-01-07 12:37:44.074609,32.47,6.86,0.024,80.0,1061,0.0137
2026-01-07 12:38:44.074609,33.34,2.63,0.041,80.0,1443,0.0053
2026-01-07 12:39:44.074609,33.61,2.03,0.049,80.0,1285,0.0223
2026-01-07 12:40:44.074609,33.93,9.43,0.132,80.0,1642,0.001
2026-01-07 12:41:44.074609,26.71,1.1,0.005,80.0,1117,0.0019
2026-01-07 12:42:44.074609,29.59,1.17,0.027,80.0,1368,0.0235
2026-01-07 12:43:44.074609,25.96,4.64,0.07,80.0,1592,0.0007
2026-01-07 12:44:44.074609,32.45,3.71,0.033,80.0,1312,0.0024
2026-01-07 12:45:44.074609,35.23,1.26,0.068,80.0,1200,0.005
2026-01-07 12:46:44.074609,30.32,3.62,0.088,80.0,1821,0.0034
2026-01-07 12:47:44.074609,37.39,1.36,0.008,80.0,1317,0.0027
2026-01-07 12:48:44.074609,25.43,1.08,0.089,80.0,1251,0.0226
2026-01-07 12:49:44.074609,41.85,2.65,0.01,80.0,796,0.0035
2026-01-07 12:50:44.074609,29.41,4.1,0.005,80.0,694,0.0124
2026-01-07 12:51:44.074609,36.56,15.63,0.139,80.0,1440,0.0004
2026-01-07 12:52:44.074609,38.0,3.29,0.054,68.04,914,0.0078
2026-01-07 12:53:44.074609,29.72,2.53,0.053,80.0,1356,0.011
2026-01-07 12:54:44.074609,28.75,2.3,0.064,80.0,1064,0.0007
2026-01-07 12:55:44.074609,21.28,6.09,0.07,80.0,1359,0.0159
2026-01-07 12:56:44.074609,37.41,2.73,0.057,80.0,1350,0.0147
2026-01-07 12:57:44.074609,24.99,5.82,0.01,80.0,1102,0.0162
2026-01-07 12:58:44.074609,29.4,2.99,0.015,80.0,1290,0.013
2026-01-07 12:59:44.074609,29.82,2.15,0.069,80.0,1300,0.0008
2026-01-07 13:00:44.074609,33.07,2.31,0.018,80.0,1038,0.0212
2026-01-07 13:01:44.074609,30.63,12.15,0.014,80.0,1131,0.0092
2026-01-07 13:02:44.074609,32.68,2.24,0.06,68.56,1103,0.0079
2026-01-07 13:03:44.074609,32.98,5.17,0.039,80.0,1426,0.0101
2026-01-07 13:04:44.074609,29.84,2.01,0.082,80.0,1331,0.0012
2026-01-07 13:05:44.074609,30.36,4.27,0.002,80.0,871,0.0015
2026-01-07 13:06:44.074609,33.24,5.46,0.083,80.0,906,0.0117
2026-01-07 13:07:44.074609,35.43,5.67,0.028,80.0,1068,0.0056
2026-01-07 13:08:44.074609,31.69,2.7,0.047,78.92,1093,0.0027
2026-01-07 13:09:44.074609,33.8,3.92,0.043,80.0,694,0.0146
2026-01-07 13:10:44.074609,34.5,8.65,0.029,80.0,1172,0.0111
2026-01-07 13:11:44.074609,32.88,3.63,0.017,80.0,1324,0.0128
2026-01-07 13:12:44.074609,31.49,1.41,0.021,80.0,1140,0.0094
2026-01-07 13:13:44.074609,28.27,8.16,0.003,80.0,1301,0.0052
2026-01-07 13:14:44.074609,33.84,1.21,0.077,61.61,1229,0.0045
2026-01-07 13:15:44.074609,50.0,6.11,0.074,80.0,1442,0.0142
2026-01-07 13:16:44.074609,36.87,4.4,0.101,80.0,1931,0.0121
2026-01-07 13:17:44.074609,34.25,9.25,0.018,80.0,1152,0.0145
2026-01-07 13:18:44.074609,31.83,3.46,0.056,80.0,1160,0.003
2026-01-07 13:19:44.074609,36.53,4.18,0.003,80.0,1451,0.0064
2026-01-07 13:20:44.074609,35.37,2.58,0.021,80.0,1276,0.012
2026-01-07 13:21:44.074609,29.92,3.98,0.058,80.0,1057,0.001
2026-01-07 13:22:44.074609,30.09,3.15,0.009,80.0,1333,0.0156
2026-01-07 13:23:44.074609,30.62,1.76,0.007,80.0,1334,0.0049
2026-01-07 13:24:44.074609,28.69,4.55,0.039,80.0,1183,0.0041
2026-01-07 13:25:44.074609,33.65,1.09,0.008,80.0,1059,0.0103
2026-01-07 13:26:44.074609,38.67,3.48,0.053,80.0,1357,0.0157
2026-01-07 13:27:44.074609,34.24,1.22,0.021,80.0,1062,0.0087
2026-01-07 13:28:44.074609,30.85,3.46,0.243,78.03,1659,0.0156
2026-01-07 13:29:44.074609,33.8,1.17,0.019,61.33,1718,0.001
2026-01-07 13:30:44.074609,32.88,5.79,0.115,80.0,1055,0.002
2026-01-07 13:31:44.074609,40.2,2.47,0.001,80.0,1550,0.0011
2026-01-07 13:32:44.074609,32.12,1.09,0.083,80.0,910,0.0009
2026-01-07 13:33:44.074609,32.68,3.41,0.017,80.0,702,0.0119
2026-01-07 13:34:44.074609,25.46,6.94,0.072,80.0,1193,0.0027
2026-01-07 13:35:44.074609,30.42,2.18,0.008,80.0,1341,0.0107
2026-01-07 13:36:44.074609,31.9,2.31,0.062,80.0,977,0.0063
2026-01-07 13:37:44.074609,39.53,1.38,0.038,80.0,1161,0.0031
2026-01-07 13:38:44.074609,33.89,4.24,0.074,80.0,908,0.0135
2026-01-07 13:39:44.074609,37.23,1.52,0.026,80.0,1148,0.0002
2026-01-07 13:40:44.074609,43.18,2.56,0.017,80.0,1006,0.0009
2026-01-07 13:41:44.074609,31.05,4.12,0.003,80.0,1067,0.0045
2026-01-07 13:42:44.074609,29.75,2.91,0.021,80.0,1657,0.004
2026-01-07 13:43:44.074609,24.32,2.41,0.071,60.59,1553,0.0215
2026-01-07 13:44:44.074609,25.53,7.55,0.03,80.0,885,0.002
2026-01-07 13:45:44.074609,35.48,5.76,0.028,80.0,1018,0.0116
2026-01-07 13:46:44.074609,32.09,3.0,0.036,80.0,1389,0.0077
2026-01-07 13:47:44.074609,26.55,2.3,0.008,61.67,1590,0.0355
2026-01-07 13:48:44.074609,37.72,2.82,0.296,80.0,982,0.0525
2026-01-07 13:49:44.074609,26.82,3.17,0.093,80.0,1231,0.0148
2026-01-07 13:50:44.074609,35.63,9.14,0.017,80.0,1249,0.0044
2026-01-07 13:51:44.074609,40.83,1.5,0.082,80.0,1252,0.0103
2026-01-07 13:52:44.074609,14.73,2.59,0.02,61.44,1404,0.0057
2026-01-07 13:53:44.074609,26.37,5.68,0.001,80.0,1650,0.0021
2026-01-07 13:54:44.074609,36.16,1.42,0.006,80.0,936,0.0105
2026-01-07 13:55:44.074609,20.5,1.18,0.077,80.0,1201,0.0007
2026-01-07 13:56:44.074609,32.87,1.38,0.027,80.0,1198,0.0061
2026-01-07 13:57:44.074609,36.61,6.25,0.018,80.0,1160,0.0151
2026-01-07 13:58:44.074609,25.44,1.83,0.015,80.0,1304,0.0024
2026-01-07 13:59:44.074609,34.11,5.15,0.098,80.0,1395,0.0229
2026-01-07 14:00:44.074609,29.65,3.38,0.058,80.0,997,0.008
2026-01-07 14:01:44.074609,23.9,4.16,0.157,80.0,1135,0.0164
2026-01-07 14:02:44.074609,23.32,1.39,0.257,80.0,1316,0.0182
2026-01-07 14:03:44.074609,23.07,7.15,0.057,80.0,1178,0.0007
2026-01-07 14:04:44.074609,26.24,5.04,0.027,80.0,853,0.0004
2026-01-07 14:05:44.074609,26.66,9.01,0.024,80.0,1273,0.0108
2026-01-07 14:06:44.074609,47.91,1.98,0.006,72.69,1224,0.0057
2026-01-07 14:07:44.074609,31.77,7.32,0.002,80.0,1078,0.0034
2026-01-07 14:08:44.074609,24.62,1.12,0.006,80.0,1372,0.0318
2026-01-07 14:09:44.074609,37.6,6.09,0.104,80.0,1277,0.0084
2026-01-07 14:10:44.074609,29.21,3.36,0.035,80.0,1282,0.0066
2026-01-07 14:11:44.074609,26.51,2.34,0.113,80.0,1320,0.0182
2026-01-07 14:12:44.074609,35.17,2.34,0.028,80.0,1549,0.0004
2026-01-07 14:13:44.074609,24.02,1.5,0.021,70.81,1692,0.0016
2026-01-07 14:14:44.074609,28.4,5.19,0.032,80.0,1584,0.0026
2026-01-07 14:15:44.074609,32.87,5.6,0.005,80.0,873,0.0197
2026-01-07 14:16:44.074609,36.47,9.96,0.003,80.0,1324,0.0195
2026-01-07 14:17:44.074609,29.82,1.87,0.065,80.0,1435,0.0085
2026-01-07 14:18:44.074609,21.22,2.54,0.039,80.0,1188,0.0073
2026-01-07 14:19:44.074609,22.32,1.75,0.034,80.0,1117,0.0058
2026-01-07 14:20:44.074609,21.23,1.95,0.017,80.0,1346,0.0178
2026-01-07 14:21:44.074609,39.37,3.83,0.048,80.0,1012,0.0053
2026-01-07 14:22:44.074609,31.69,1.22,0.027,80.0,1546,0.0038
2026-01-07 14:23:44.074609,28.78,2.89,0.036,80.0,1241,0.0483
2026-01-07 14:24:44.074609,27.32,5.34,0.017,80.0,1554,0.0021
2026-01-07 14:25:44.074609,26.93,6.87,0.024,80.0,1047,0.0106
2026-01-07 14:26:44.074609,36.66,1.72,0.001,80.0,1324,0.0213
2026-01-07 14:27:44.074609,28.13,2.91,0.026,80.0,1542,0.0054
2026-01-07 14:28:44.074609,29.99,2.08,0.007,80.0,1312,0.0006
2026-01-07 14:29:44.074609,38.51,1.67,0.158,80.0,1416,0.014
2026-01-07 14:30:44.074609,37.69,2.59,0.03,80.0,1594,0.0062
2026-01-07 14:31:44.074609,37.44,4.38,0.009,72.22,925,0.0152
2026-01-07 14:32:44.074609,46.46,3.36,0.028,80.0,2045,0.0274
2026-01-07 14:33:44.074609,30.86,4.25,0.046,80.0,951,0.0061
2026-01-07 14:34:44.074609,31.73,5.82,0.097,80.0,1560,0.0101
2026-01-07 14:35:44.074609,44.19,7.49,0.012,80.0,1763,0.0145
2026-01-07 14:36:44.074609,24.11,5.31,0.006,80.0,1227,0.0044
2026-01-07 14:37:44.074609,40.46,4.12,0.024,80.0,1548,0.0109
2026-01-07 14:38:44.074609,29.71,1.07,0.011,80.0,900,0.0086
2026-01-07 14:39:44.074609,38.12,2.93,0.035,80.0,806,0.0129
2026-01-07 14:40:44.074609,27.0,1.78,0.058,80.0,1267,0.0002
2026-01-07 14:41:44.074609,34.46,2.46,0.082,80.0,1119,0.0187
2026-01-07 14:42:44.074609,31.26,9.26,0.004,80.0,1022,0.0587
2026-01-07 14:43:44.074609,41.37,3.99,0.042,80.0,1499,0.013
2026-01-07 14:44:44.074609,23.57,3.57,0.034,80.0,879,0.0014
2026-01-07 14:45:44.074609,38.35,8.9,0.024,80.0,873,0.0063
2026-01-07 14:46:44.074609,20.32,3.16,0.075,80.0,890,0.007
2026-01-07 14:47:44.074609,34.54,1.17,0.044,80.0,1076,0.017
2026-01-07 14:48:44.074609,20.0,2.57,0.124,80.0,1357,0.0017
2026-01-07 14:49:44.074609,26.85,3.63,0.007,80.0,1864,0.0108
2026-01-07 14:50:44.074609,37.35,3.4,0.087,80.0,1302,0.0121
2026-01-07 14:51:44.074609,22.45,1.03,0.005,80.0,1109,0.0135
2026-01-07 14:52:44.074609,27.41,2.46,0.02,80.0,1087,0.0095
2026-01-07 14:53:44.074609,31.3,1.02,0.003,80.0,1082,0.0147
2026-01-07 14:54:44.074609,28.6,1.34,0.009,80.0,1436,0.0348
2026-01-07 14:55:44.074609,33.79,2.26,0.003,80.0,965,0.0014
2026-01-07 14:56:44.074609,21.82,1.39,0.055,80.0,973,0.0079
2026-01-07 14:57:44.074609,31.49,1.49,0.047,80.0,1475,0.0102
2026-01-07 14:58:44.074609,33.64,1.45,0.015,80.0,1309,0.0222
2026-01-07 14:59:44.074609,37.86,3.15,0.031,80.0,1585,0.0092
2026-01-07 15:00:44.074609,21.32,2.41,0.072,57.67,318,0.005
2026-01-07 15:01:44.074609,33.4,2.9,0.02,50.41,600,0.0063
2026-01-07 15:02:44.074609,18.22,1.0,0.074,49.19,414,0.0042
2026-01-07 15:03:44.074609,33.56,1.5,0.075,47.42,558,0.0007
2026-01-07 15:04:44.074609,24.21,2.19,0.05,57.84,602,0.0043
2026-01-07 15:05:44.074609,23.11,3.5,0.04,63.53,529,0.0202
2026-01-07 15:06:44.074609,25.96,1.68,0.027,68.64,330,0.0002
2026-01-07 15:07:44.074609,30.56,1.46,0.113,48.97,514,0.0032
2026-01-07 15:08:44.074609,33.93,1.7,0.034,66.8,510,0.0162
2026-01-07 15:09:44.074609,27.49,1.12,0.003,53.96,571,0.0041
2026-01-07 15:10:44.074609,19.47,1.55,0.095,44.99,411,0.0041
2026-01-07 15:11:44.074609,31.01,1.21,0.039,56.66,522,0.0064
2026-01-07 15:12:44.074609,27.07,8.88,0.002,42.59,415,0.0218
2026-01-07 15:13:44.074609,34.6,2.0,0.006,46.78,572,0.0205
2026-01-07 15:14:44.074609,20.51,2.82,0.011,33.38,552,0.0084
2026-01-07 15:15:44.074609,28.53,1.12,0.016,58.8,507,0.0011
2026-01-07 15:16:44.074609,21.27,7.11,0.095,49.78,415,0.0119
2026-01-07 15:17:44.074609,21.51,1.43,0.067,41.76,549,0.0201
2026-01-07 15:18:44.074609,20.09,3.7,0.182,31.36,607,0.0191
2026-01-07 15:19:44.074609,30.92,1.61,0.001,44.69,409,0.0102
2026-01-07 15:20:44.074609,32.46,4.31,0.058,42.35,525,0.0005
2026-01-07 15:21:44.074609,29.5,2.31,0.03,44.06,343,0.0091
2026-01-07 15:22:44.074609,27.58,1.66,0.003,44.7,583,0.0071
2026-01-07 15:23:44.074609,22.15,2.76,0.123,66.86,446,0.0034
2026-01-07 15:24:44.074609,30.72,4.24,0.042,52.76,590,0.0123
2026-01-07 15:25:44.074609,29.22,1.83,0.103,49.45,564,0.0174
2026-01-07 15:26:44.074609,26.07,1.23,0.074,49.33,500,0.0061
2026-01-07 15:27:44.074609,26.54,2.69,0.045,41.34,505,0.0066
2026-01-07 15:28:44.074609,20.89,6.44,0.018,23.38,402,0.01
2026-01-07 15:29:44.074609,30.18,2.88,0.051,54.32,414,0.0039
2026-01-07 15:30:44.074609,25.15,2.76,0.029,46.4,507,0.0049
2026-01-07 15:31:44.074609,35.12,1.59,0.045,33.39,533,0.0123
2026-01-07 15:32:44.074609,29.11,1.26,0.021,25.1,444,0.0023
2026-01-07 15:33:44.074609,21.95,7.29,0.01,39.27,556,0.0305
2026-01-07 15:34:44.074609,28.36,3.75,0.016,53.26,415,0.0395
2026-01-07 15:35:44.074609,25.45,3.51,0.018,38.03,400,0.0025
2026-01-07 15:36:44.074609,37.46,3.27,0.001,46.57,669,0.0293
2026-01-07 15:37:44.074609,29.1,2.07,0.023,40.02,371,0.0056
2026-01-07 15:38:44.074609,19.98,1.06,0.094,49.48,621,0.0037
2026-01-07 15:39:44.074609,28.28,4.03,0.032,69.27,574,0.0089
2026-01-07 15:40:44.074609,16.72,1.56,0.004,44.42,467,0.004
2026-01-07 15:41:44.074609,18.74,2.5,0.093,66.39,651,0.0048
2026-01-07 15:42:44.074609,34.42,5.5,0.008,39.6,488,0.0012
2026-01-07 15:43:44.074609,26.87,4.59,0.019,36.87,567,0.0001
2026-01-07 15:44:44.074609,22.65,2.12,0.049,48.67,553,0.006
2026-01-07 15:45:44.074609,29.18,6.04,0.074,62.78,392,0.01
2026-01-07 15:46:44.074609,24.44,4.27,0.011,63.47,358,0.0108
2026-01-07 15:47:44.074609,21.21,2.77,0.059,33.55,451,0.0326
2026-01-07 15:48:44.074609,23.76,7.28,0.012,31.36,533,0.008
2026-01-07 15:49:44.074609,19.8,4.02,0.015,31.34,572,0.0141
2026-01-07 15:50:44.074609,26.61,2.45,0.013,55.77,555,0.0197
2026-01-07 15:51:44.074609,31.45,4.82,0.01,72.49,649,0.0037
2026-01-07 15:52:44.074609,36.95,1.11,0.063,51.97,507,0.0007
2026-01-07 15:53:44.074609,17.63,4.32,0.153,53.26,528,0.0142
2026-01-07 15:54:44.074609,32.88,7.0,0.081,55.13,443,0.0038
2026-01-07 15:55:44.074609,25.34,3.55,0.059,50.89,641,0.026
2026-01-07 15:56:44.074609,25.46,1.62,0.002,58.32,664,0.0042
2026-01-07 15:57:44.074609,30.63,2.21,0.057,49.98,362,0.0348
2026-01-07 15:58:44.074609,34.33,2.28,0.048,43.31,474,0.0167
2026-01-07 15:59:44.074609,38.97,9.64,0.008,31.37,467,0.0041
2026-01-07 16:00:44.074609,32.93,3.95,0.114,57.28,428,0.0002
2026-01-07 16:01:44.074609,35.6,3.44,0.139,58.89,482,0.0061
2026-01-07 16:02:44.074609,30.24,5.72,0.093,26.84,401,0.0172
2026-01-07 16:03:44.074609,20.25,1.44,0.039,27.87,589,0.0059
2026-01-07 16:04:44.074609,18.06,5.14,0.016,50.36,413,0.0048
2026-01-07 16:05:44.074609,31.19,2.99,0.008,45.97,422,0.0145
2026-01-07 16:06:44.074609,13.03,1.65,0.021,45.96,478,0.0136
2026-01-07 16:07:44.074609,38.29,5.16,0.016,23.06,543,0.0107
2026-01-07 16:08:44.074609,28.05,1.24,0.017,37.11,503,0.0113
2026-01-07 16:09:44.074609,32.13,3.08,0.059,48.45,390,0.0103
2026-01-07 16:10:44.074609,13.81,1.46,0.012,48.46,634,0.0003
2026-01-07 16:11:44.074609,29.59,1.62,0.015,55.2,702,0.0164
2026-01-07 16:12:44.074609,37.31,2.33,0.04,59.64,705,0.0008
2026-01-07 16:13:44.074609,17.87,15.79,0.031,35.35,430,0.0252
2026-01-07 16:14:44.074609,12.37,3.84,0.025,38.31,352,0.0339
2026-01-07 16:15:44.074609,14.72,1.65,0.024,58.97,460,0.0009
2026-01-07 16:16:44.074609,28.11,1.02,0.012,48.51,468,0.002
2026-01-07 16:17:44.074609,23.11,3.7,0.029,48.37,607,0.0018
2026-01-07 16:18:44.074609,25.99,3.71,0.086,60.59,479,0.002
2026-01-07 16:19:44.074609,22.9,5.88,0.042,49.14,558,0.0024
2026-01-07 16:20:44.074609,17.84,1.76,0.075,46.83,625,0.0055
2026-01-07 16:21:44.074609,32.99,3.76,0.182,46.86,515,0.0256
2026-01-07 16:22:44.074609,33.69,2.26,0.06,49.28,444,0.0068
2026-01-07 16:23:44.074609,28.92,5.39,0.006,49.93,547,0.0015
2026-01-07 16:24:44.074609,25.55,2.11,0.132,53.67,489,0.0001
2026-01-07 16:25:44.074609,29.11,1.33,0.03,37.1,614,0.0316
2026-01-07 16:26:44.074609,27.64,3.15,0.036,36.65,561,0.0283
2026-01-07 16:27:44.074609,19.3,2.52,0.013,56.82,619,0.012
2026-01-07 16:28:44.074609,25.66,1.3,0.003,62.61,504,0.0109
2026-01-07 16:29:44.074609,35.13,9.33,0.005,50.52,429,0.0078
2026-01-07 16:30:44.074609,20.6,2.58,0.099,38.34,534,0.0228
2026-01-07 16:31:44.074609,16.87,3.65,0.025,33.17,563,0.013
2026-01-07 16:32:44.074609,20.32,9.72,0.026,53.4,551,0.0178
2026-01-07 16:33:44.074609,26.98,1.04,0.041,41.97,524,0.0167
2026-01-07 16:34:44.074609,29.09,2.3,0.002,50.09,402,0.0014
2026-01-07 16:35:44.074609,25.63,1.3,0.02,36.31,565,0.003
2026-01-07 16:36:44.074609,26.98,13.1,0.099,42.66,431,0.0122
2026-01-07 16:37:44.074609,15.42,3.47,0.063,48.95,405,0.0063
2026-01-07 16:38:44.074609,21.87,4.33,0.061,33.17,382,0.0067
2026-01-07 16:39:44.074609,38.96,3.88,0.023,50.84,395,0.0104
2026-01-07 16:40:44.074609,21.41,2.7,0.007,43.75,609,0.0107
2026-01-07 16:41:44.074609,36.88,6.53,0.254,22.13,591,0.0253
2026-01-07 16:42:44.074609,35.0,6.45,0.1,45.04,485,0.0153
2026-01-07 16:43:44.074609,30.61,1.03,0.043,37.83,477,0.0134
2026-01-07 16:44:44.074609,33.74,3.27,0.052,17.28,691,0.0184
2026-01-07 16:45:44.074609,28.46,1.37,0.041,36.6,633,0.0046
2026-01-07 16:46:44.074609,25.61,3.2,0.006,52.1,394,0.0176
2026-01-07 16:47:44.074609,33.1,3.79,0.083,49.43,362,0.0063
2026-01-07 16:48:44.074609,27.0,3.08,0.049,26.18,434,0.0004
2026-01-07 16:49:44.074609,15.52,1.63,0.086,31.53,389,0.0159
2026-01-07 16:50:44.074609,34.64,14.6,0.014,18.25,677,0.0008
2026-01-07 16:51:44.074609,23.96,6.18,0.062,28.33,474,0.0037
2026-01-07 16:52:44.074609,30.91,2.87,0.0,38.78,436,0.0006
2026-01-07 16:53:44.074609,32.43,1.01,0.049,44.01,515,0.0163
2026-01-07 16:54:44.074609,26.92,1.35,0.089,58.3,517,0.0096
2026-01-07 16:55:44.074609,35.79,4.03,0.073,28.89,548,0.0457
2026-01-07 16:56:44.074609,32.94,5.52,0.121,33.38,385,0.0045
2026-01-07 16:57:44.074609,30.42,1.23,0.035,44.31,539,0.0003
2026-01-07 16:58:44.074609,25.16,2.82,0.025,42.68,423,0.0166
2026-01-07 16:59:44.074609,26.8,5.47,0.022,42.35,363,0.0126
2026-01-07 17:00:44.074609,30.72,1.59,0.094,80.0,1707,0.0271
2026-01-07 17:01:44.074609,35.9,6.86,0.005,80.0,1021,0.0033
2026-01-07 17:02:44.074609,36.08,1.05,0.112,80.0,1354,0.004
2026-01-07 17:03:44.074609,24.79,3.72,0.032,27.29,1455,0.0051
2026-01-07 17:04:44.074609,33.24,7.28,0.012,80.0,1130,0.0023
2026-01-07 17:05:44.074609,31.15,4.16,0.06,80.0,878,0.0058
2026-01-07 17:06:44.074609,29.41,2.93,0.154,80.0,1266,0.0086
2026-01-07 17:07:44.074609,29.16,5.72,0.027,80.0,1343,0.0177
2026-01-07 17:08:44.074609,21.75,3.29,0.069,80.0,1794,0.0024
2026-01-07 17:09:44.074609,29.07,1.87,0.015,80.0,1249,0.004
2026-01-07 17:10:44.074609,25.49,3.21,0.03,65.29,1296,0.0169
2026-01-07 17:11:44.074609,22.19,7.96,0.006,80.0,1471,0.0008
2026-01-07 17:12:44.074609,38.49,7.95,0.019,80.0,1488,0.0075
2026-01-07 17:13:44.074609,31.75,2.05,0.031,80.0,1101,0.0242
2026-01-07 17:14:44.074609,43.17,7.06,0.008,80.0,1058,0.0001
2026-01-07 17:15:44.074609,21.57,1.93,0.009,75.07,1698,0.008
2026-01-07 17:16:44.074609,31.69,1.11,0.081,80.0,1433,0.0046
2026-01-07 17:17:44.074609,26.57,4.1,0.074,80.0,947,0.006
2026-01-07 17:18:44.074609,23.33,1.56,0.131,80.0,1685,0.0013
2026-01-07 17:19:44.074609,30.9,5.78,0.002,80.0,1443,0.0067
2026-01-07 17:20:44.074609,22.28,2.05,0.011,80.0,1033,0.002
2026-01-07 17:21:44.074609,21.85,5.32,0.011,80.0,1082,0.0018
2026-01-07 17:22:44.074609,21.76,2.86,0.027,80.0,1272,0.0007
2026-01-07 17:23:44.074609,37.74,7.05,0.163,80.0,1067,0.0018
2026-01-07 17:24:44.074609,33.75,10.9,0.144,80.0,1089,0.0223
2026-01-07 17:25:44.074609,39.83,2.51,0.067,80.0,1462,0.0039
2026-01-07 17:26:44.074609,29.88,3.22,0.037,78.95,1508,0.0103
2026-01-07 17:27:44.074609,32.32,4.54,0.021,80.0,1286,0.0022
2026-01-07 17:28:44.074609,30.91,4.85,0.01,80.0,1352,0.027
2026-01-07 17:29:44.074609,32.09,1.5,0.013,80.0,1096,0.0065
2026-01-07 17:30:44.074609,27.15,7.07,0.001,80.0,891,0.02
2026-01-07 17:31:44.074609,25.79,2.4,0.017,74.83,1504,0.0185
2026-01-07 17:32:44.074609,39.38,8.49,0.115,79.0,1292,0.0025
2026-01-07 17:33:44.074609,36.07,3.27,0.137,80.0,1156,0.0159
2026-01-07 17:34:44.074609,29.9,7.35,0.03,80.0,1075,0.0027
2026-01-07 17:35:44.074609,25.5,2.84,0.048,36.35,1014,0.0041
2026-01-07 17:36:44.074609,41.39,2.38,0.004,80.0,1096,0.0034
2026-01-07 17:37:44.074609,30.07,3.76,0.018,80.0,1633,0.0196
2026-01-07 17:38:44.074609,27.34,10.86,0.022,80.0,1147,0.0046
2026-01-07 17:39:44.074609,31.47,3.64,0.015,80.0,1288,0.0019
2026-01-07 17:40:44.074609,35.04,4.83,0.035,80.0,1224,0.0015
2026-01-07 17:41:44.074609,40.74,4.24,0.0,80.0,1423,0.0045
2026-01-07 17:42:44.074609,33.61,2.3,0.019,80.0,897,0.0237
2026-01-07 17:43:44.074609,29.39,1.3,0.052,80.0,1252,0.0061
2026-01-07 17:44:44.074609,35.43,6.98,0.028,80.0,1643,0.0047
2026-01-07 17:45:44.074609,31.19,1.19,0.044,80.0,1806,0.0063
2026-01-07 17:46:44.074609,40.69,1.46,0.001,53.01,1438,0.0053
2026-01-07 17:47:44.074609,23.63,5.78,0.015,80.0,1397,0.003
2026-01-07 17:48:44.074609,30.13,4.25,0.023,80.0,1240,0.0018
2026-01-07 17:49:44.074609,31.86,3.1,0.053,80.0,1454,0.0016
2026-01-07 17:50:44.074609,35.33,1.12,0.11,80.0,1242,0.0076
2026-01-07 17:51:44.074609,45.99,1.56,0.015,80.0,1229,0.0027
2026-01-07 17:52:44.074609,31.98,3.14,0.051,80.0,1180,0.0183
2026-01-07 17:53:44.074609,34.09,1.58,0.021,80.0,1380,0.011
2026-01-07 17:54:44.074609,32.66,1.7,0.145,80.0,1489,0.0144
2026-01-07 17:55:44.074609,37.28,2.66,0.119,80.0,1761,0.0027
2026-01-07 17:56:44.074609,36.84,1.18,0.071,80.0,1174,0.0081
2026-01-07 17:57:44.074609,28.09,3.34,0.048,80.0,1287,0.0049
2026-01-07 17:58:44.074609,29.56,1.41,0.024,80.0,1216,0.0029
2026-01-07 17:59:44.074609,36.8,1.13,0.003,80.0,1189,0.0021
2026-01-07 18:00:44.074609,35.01,1.39,0.032,80.0,1639,0.0002
2026-01-07 18:01:44.074609,18.97,4.45,0.037,80.0,1273,0.01
2026-01-07 18:02:44.074609,33.99,3.2,0.019,76.02,1535,0.0126
2026-01-07 18:03:44.074609,27.16,3.63,0.05,80.0,1557,0.0038
2026-01-07 18:04:44.074609,37.72,7.69,0.002,80.0,1477,0.0022
2026-01-07 18:05:44.074609,45.96,3.9,0.041,80.0,1445,0.0084
2026-01-07 18:06:44.074609,26.32,1.22,0.003,80.0,1599,0.0085
2026-01-07 18:07:44.074609,34.6,4.75,0.131,80.0,1295,0.0101
2026-01-07 18:08:44.074609,25.78,1.4,0.021,64.59,1362,0.0109
2026-01-07 18:09:44.074609,23.44,16.31,0.083,80.0,1669,0.0124
2026-01-07 18:10:44.074609,24.72,1.57,0.105,80.0,1420,0.0025
2026-01-07 18:11:44.074609,29.77,1.29,0.141,80.0,967,0.0002
2026-01-07 18:12:44.074609,36.2,2.04,0.029,80.0,1436,0.0066
2026-01-07 18:13:44.074609,27.98,3.34,0.013,80.0,1650,0.0023
2026-01-07 18:14:44.074609,34.68,2.26,0.042,70.81,1082,0.006
2026-01-07 18:15:44.074609,24.87,3.83,0.032,80.0,1480,0.0286
2026-01-07 18:16:44.074609,34.28,1.49,0.049,80.0,1308,0.0226
2026-01-07 18:17:44.074609,34.55,1.67,0.016,80.0,992,0.002
2026-01-07 18:18:44.074609,33.09,8.27,0.157,80.0,1430,0.006
2026-01-07 18:19:44.074609,28.16,4.07,0.02,80.0,1595,0.002
2026-01-07 18:20:44.074609,31.89,4.27,0.114,80.0,1277,0.0059
2026-01-07 18:21:44.074609,20.11,2.01,0.002,80.0,769,0.0021
2026-01-07 18:22:44.074609,33.23,1.39,0.021,80.0,1486,0.0081
2026-01-07 18:23:44.074609,31.44,4.3,0.008,80.0,1118,0.0138
2026-01-07 18:24:44.074609,37.44,9.86,0.008,80.0,1519,0.0074
2026-01-07 18:25:44.074609,34.63,9.96,0.011,80.0,1446,0.0062
2026-01-07 18:26:44.074609,30.57,3.01,0.143,80.0,1667,0.0044
2026-01-07 18:27:44.074609,33.55,3.07,0.049,80.0,659,0.0109
2026-01-07 18:28:44.074609,35.94,5.36,0.023,80.0,1292,0.0079
2026-01-07 18:29:44.074609,34.52,7.32,0.017,80.0,1030,0.012
2026-01-07 18:30:44.074609,31.14,2.75,0.038,80.0,1597,0.0084
